sample_uid,patient_id,split,label,image_png,mask_png,pathology,image_view,abnormality_id,breast_density,calc_type,calc_distribution,subtlety
Calc-Test_P_00038_LEFT_CC_1,P_00038,test,0,/home/majd/CBISDDSM_Preprocessed_v2/images/Calc-Test_P_00038_LEFT_CC_1.png,/home/majd/CBISDDSM_Preprocessed_v2/masks/Calc-Test_P_00038_LEFT_CC_1_mask.png,BENIGN,CC,1,2,PUNCTATE-PLEOMORPHIC,CLUSTERED,2
Calc-Test_P_00038_RIGHT_CC_1,P_00038,test,0,/home/majd/CBISDDSM_Preprocessed_v2/images/Calc-Test_P_00038_RIGHT_CC_1.png,/home/majd/CBISDDSM_Preprocessed_v2/masks/Calc-Test_P_00038_RIGHT_CC_1_mask.png,BENIGN_WITHOUT_CALLBACK,CC,1,2,VASCULAR,,5
Calc-Test_P_00038_RIGHT_CC_2,P_00038,test,0,/home/majd/CBISDDSM_Preprocessed_v2/images/Calc-Test_P_00038_RIGHT_CC_2.png,/home/majd/CBISDDSM_Preprocessed_v2/masks/Calc-Test_P_00038_RIGHT_CC_2_mask.png,BENIGN_WITHOUT_CALLBACK,CC,2,2,VASCULAR,,5
Calc-Test_P_00041_LEFT_CC_2,P_00041,test,0,/home/majd/CBISDDSM_Preprocessed_v2/images/Calc-Test_P_00041_LEFT_CC_2.png,/home/majd/CBISDDSM_Preprocessed_v2/masks/Calc-Test_P_00041_LEFT_CC_2_mask.png,BENIGN_WITHOUT_CALLBACK,CC,2,1,LUCENT_CENTER,,5
Calc-Test_P_00077_LEFT_CC_1,P_00077,test,0,/home/majd/CBISDDSM_Preprocessed_v2/images/Calc-Test_P_00077_LEFT_CC_1.png,/home/majd/CBISDDSM_Preprocessed_v2/masks/Calc-Test_P_00077_LEFT_CC_1_mask.png,BENIGN_WITHOUT_CALLBACK,CC,1,2,ROUND_AND_REGULAR,,3
Calc-Test_P_00077_RIGHT_CC_1,P_00077,test,0,/home/majd/CBISDDSM_Preprocessed_v2/images/Calc-Test_P_00077_RIGHT_CC_1.png,/home/majd/CBISDDSM_Preprocessed_v2/masks/Calc-Test_P_00077_RIGHT_CC_1_mask.png,BENIGN_WITHOUT_CALLBACK,CC,1,2,PUNCTATE,,3
Calc-Test_P_00077_RIGHT_CC_2,P_00077,test,0,/home/majd/CBISDDSM_Preprocessed_v2/images/Calc-Test_P_00077_RIGHT_CC_2.png,/home/majd/CBISDDSM_Preprocessed_v2/masks/Calc-Test_P_00077_RIGHT_CC_2_mask.png,BENIGN_WITHOUT_CALLBACK,CC,2,2,EGGSHELL,,4
Calc-Test_P_00100_RIGHT_CC_1,P_00100,test,0,/home/majd/CBISDDSM_Preprocessed_v2/images/Calc-Test_P_00100_RIGHT_CC_1.png,/home/majd/CBISDDSM_Preprocessed_v2/masks/Calc-Test_P_00100_RIGHT_CC_1_mask.png,BENIGN,CC,1,4,PLEOMORPHIC,CLUSTERED,4
Calc-Test_P_00127_RIGHT_CC_1,P_00127,test,1,/home/majd/CBISDDSM_Preprocessed_v2/images/Calc-Test_P_00127_RIGHT_CC_1.png,/home/majd/CBISDDSM_Preprocessed_v2/masks/Calc-Test_P_00127_RIGHT_CC_1_mask.png,MALIGNANT,CC,1,2,PLEOMORPHIC,CLUSTERED,3
Calc-Test_P_00132_LEFT_MLO_1,P_00132,test,0,/home/majd/CBISDDSM_Preprocessed_v2/images/Calc-Test_P_00132_LEFT_MLO_1.png,/home/majd/CBISDDSM_Preprocessed_v2/masks/Calc-Test_P_00132_LEFT_MLO_1_mask.png,BENIGN,MLO,1,4,AMORPHOUS,SEGMENTAL,2
Calc-Test_P_00140_LEFT_CC_1,P_00140,test,0,/home/majd/CBISDDSM_Preprocessed_v2/images/Calc-Test_P_00140_LEFT_CC_1.png,/home/majd/CBISDDSM_Preprocessed_v2/masks/Calc-Test_P_00140_LEFT_CC_1_mask.png,BENIGN_WITHOUT_CALLBACK,CC,1,2,PUNCTATE,,5
Calc-Test_P_00140_LEFT_CC_2,P_00140,test,0,/home/majd/CBISDDSM_Preprocessed_v2/images/Calc-Test_P_00140_LEFT_CC_2.png,/home/majd/CBISDDSM_Preprocessed_v2/masks/Calc-Test_P_00140_LEFT_CC_2_mask.png,BENIGN_WITHOUT_CALLBACK,CC,2,2,PUNCTATE,,5
Calc-Test_P_00140_RIGHT_CC_1,P_00140,test,0,/home/majd/CBISDDSM_Preprocessed_v2/images/Calc-Test_P_00140_RIGHT_CC_1.png,/home/majd/CBISDDSM_Preprocessed_v2/masks/Calc-Test_P_00140_RIGHT_CC_1_mask.png,BENIGN_WITHOUT_CALLBACK,CC,1,2,PUNCTATE,,5
Calc-Test_P_00140_RIGHT_CC_2,P_00140,test,0,/home/majd/CBISDDSM_Preprocessed_v2/images/Calc-Test_P_00140_RIGHT_CC_2.png,/home/majd/CBISDDSM_Preprocessed_v2/masks/Calc-Test_P_00140_RIGHT_CC_2_mask.png,BENIGN_WITHOUT_CALLBACK,CC,2,2,PUNCTATE,,5
Calc-Test_P_00141_LEFT_CC_1,P_00141,test,0,/home/majd/CBISDDSM_Preprocessed_v2/images/Calc-Test_P_00141_LEFT_CC_1.png,/home/majd/CBISDDSM_Preprocessed_v2/masks/Calc-Test_P_00141_LEFT_CC_1_mask.png,BENIGN,CC,1,1,AMORPHOUS,CLUSTERED,2
Calc-Test_P_00150_RIGHT_MLO_1,P_00150,test,1,/home/majd/CBISDDSM_Preprocessed_v2/images/Calc-Test_P_00150_RIGHT_MLO_1.png,/home/majd/CBISDDSM_Preprocessed_v2/masks/Calc-Test_P_00150_RIGHT_MLO_1_mask.png,MALIGNANT,MLO,1,3,PLEOMORPHIC,CLUSTERED,2
Calc-Test_P_00163_LEFT_CC_1,P_00163,test,0,/home/majd/CBISDDSM_Preprocessed_v2/images/Calc-Test_P_00163_LEFT_CC_1.png,/home/majd/CBISDDSM_Preprocessed_v2/masks/Calc-Test_P_00163_LEFT_CC_1_mask.png,BENIGN,CC,1,1,PLEOMORPHIC,CLUSTERED,4
Calc-Test_P_00164_RIGHT_CC_1,P_00164,test,1,/home/majd/CBISDDSM_Preprocessed_v2/images/Calc-Test_P_00164_RIGHT_CC_1.png,/home/majd/CBISDDSM_Preprocessed_v2/masks/Calc-Test_P_00164_RIGHT_CC_1_mask.png,MALIGNANT,CC,1,4,PLEOMORPHIC,CLUSTERED,3
Calc-Test_P_00180_LEFT_CC_1,P_00180,test,0,/home/majd/CBISDDSM_Preprocessed_v2/images/Calc-Test_P_00180_LEFT_CC_1.png,/home/majd/CBISDDSM_Preprocessed_v2/masks/Calc-Test_P_00180_LEFT_CC_1_mask.png,BENIGN,CC,1,4,AMORPHOUS,SEGMENTAL,3
Calc-Test_P_00195_LEFT_CC_1,P_00195,test,0,/home/majd/CBISDDSM_Preprocessed_v2/images/Calc-Test_P_00195_LEFT_CC_1.png,/home/majd/CBISDDSM_Preprocessed_v2/masks/Calc-Test_P_00195_LEFT_CC_1_mask.png,BENIGN,CC,1,4,PLEOMORPHIC,CLUSTERED,2
Calc-Test_P_00202_RIGHT_CC_2,P_00202,test,1,/home/majd/CBISDDSM_Preprocessed_v2/images/Calc-Test_P_00202_RIGHT_CC_2.png,/home/majd/CBISDDSM_Preprocessed_v2/masks/Calc-Test_P_00202_RIGHT_CC_2_mask.png,MALIGNANT,CC,2,1,PLEOMORPHIC,CLUSTERED-LINEAR,5
Calc-Test_P_00214_LEFT_CC_1,P_00214,test,0,/home/majd/CBISDDSM_Preprocessed_v2/images/Calc-Test_P_00214_LEFT_CC_1.png,/home/majd/CBISDDSM_Preprocessed_v2/masks/Calc-Test_P_00214_LEFT_CC_1_mask.png,BENIGN_WITHOUT_CALLBACK,CC,1,1,LUCENT_CENTER,,4
Calc-Test_P_00214_LEFT_CC_2,P_00214,test,0,/home/majd/CBISDDSM_Preprocessed_v2/images/Calc-Test_P_00214_LEFT_CC_2.png,/home/majd/CBISDDSM_Preprocessed_v2/masks/Calc-Test_P_00214_LEFT_CC_2_mask.png,BENIGN_WITHOUT_CALLBACK,CC,2,1,LUCENT_CENTER,,4
Calc-Test_P_00214_RIGHT_MLO_1,P_00214,test,0,/home/majd/CBISDDSM_Preprocessed_v2/images/Calc-Test_P_00214_RIGHT_MLO_1.png,/home/majd/CBISDDSM_Preprocessed_v2/masks/Calc-Test_P_00214_RIGHT_MLO_1_mask.png,BENIGN_WITHOUT_CALLBACK,MLO,1,1,LUCENT_CENTER,,3
Calc-Test_P_00223_LEFT_MLO_1,P_00223,test,0,/home/majd/CBISDDSM_Preprocessed_v2/images/Calc-Test_P_00223_LEFT_MLO_1.png,/home/majd/CBISDDSM_Preprocessed_v2/masks/Calc-Test_P_00223_LEFT_MLO_1_mask.png,BENIGN,MLO,1,4,PLEOMORPHIC,CLUSTERED,2
Calc-Test_P_00244_RIGHT_MLO_1,P_00244,test,1,/home/majd/CBISDDSM_Preprocessed_v2/images/Calc-Test_P_00244_RIGHT_MLO_1.png,/home/majd/CBISDDSM_Preprocessed_v2/masks/Calc-Test_P_00244_RIGHT_MLO_1_mask.png,MALIGNANT,MLO,1,4,PUNCTATE,CLUSTERED,2
Calc-Test_P_00246_RIGHT_MLO_1,P_00246,test,0,/home/majd/CBISDDSM_Preprocessed_v2/images/Calc-Test_P_00246_RIGHT_MLO_1.png,/home/majd/CBISDDSM_Preprocessed_v2/masks/Calc-Test_P_00246_RIGHT_MLO_1_mask.png,BENIGN,MLO,1,1,PLEOMORPHIC,CLUSTERED,2
Calc-Test_P_00257_RIGHT_CC_1,P_00257,test,0,/home/majd/CBISDDSM_Preprocessed_v2/images/Calc-Test_P_00257_RIGHT_CC_1.png,/home/majd/CBISDDSM_Preprocessed_v2/masks/Calc-Test_P_00257_RIGHT_CC_1_mask.png,BENIGN,CC,1,2,PLEOMORPHIC,CLUSTERED,2
Calc-Test_P_00299_LEFT_MLO_1,P_00299,test,1,/home/majd/CBISDDSM_Preprocessed_v2/images/Calc-Test_P_00299_LEFT_MLO_1.png,/home/majd/CBISDDSM_Preprocessed_v2/masks/Calc-Test_P_00299_LEFT_MLO_1_mask.png,MALIGNANT,MLO,1,4,PLEOMORPHIC,SEGMENTAL,3
Calc-Test_P_00299_RIGHT_CC_1,P_00299,test,1,/home/majd/CBISDDSM_Preprocessed_v2/images/Calc-Test_P_00299_RIGHT_CC_1.png,/home/majd/CBISDDSM_Preprocessed_v2/masks/Calc-Test_P_00299_RIGHT_CC_1_mask.png,MALIGNANT,CC,1,4,FINE_LINEAR_BRANCHING,SEGMENTAL,4
Calc-Test_P_00315_LEFT_MLO_1,P_00315,test,0,/home/majd/CBISDDSM_Preprocessed_v2/images/Calc-Test_P_00315_LEFT_MLO_1.png,/home/majd/CBISDDSM_Preprocessed_v2/masks/Calc-Test_P_00315_LEFT_MLO_1_mask.png,BENIGN,MLO,1,2,PLEOMORPHIC,CLUSTERED,4
Calc-Test_P_00325_RIGHT_MLO_1,P_00325,test,0,/home/majd/CBISDDSM_Preprocessed_v2/images/Calc-Test_P_00325_RIGHT_MLO_1.png,/home/majd/CBISDDSM_Preprocessed_v2/masks/Calc-Test_P_00325_RIGHT_MLO_1_mask.png,BENIGN,MLO,1,4,PLEOMORPHIC,CLUSTERED,3
Calc-Test_P_00331_LEFT_CC_1,P_00331,test,0,/home/majd/CBISDDSM_Preprocessed_v2/images/Calc-Test_P_00331_LEFT_CC_1.png,/home/majd/CBISDDSM_Preprocessed_v2/masks/Calc-Test_P_00331_LEFT_CC_1_mask.png,BENIGN,CC,1,3,PLEOMORPHIC,CLUSTERED,4
Calc-Test_P_00344_LEFT_CC_1,P_00344,test,0,/home/majd/CBISDDSM_Preprocessed_v2/images/Calc-Test_P_00344_LEFT_CC_1.png,/home/majd/CBISDDSM_Preprocessed_v2/masks/Calc-Test_P_00344_LEFT_CC_1_mask.png,BENIGN,CC,1,4,PLEOMORPHIC,CLUSTERED,5
Calc-Test_P_00352_LEFT_CC_1,P_00352,test,0,/home/majd/CBISDDSM_Preprocessed_v2/images/Calc-Test_P_00352_LEFT_CC_1.png,/home/majd/CBISDDSM_Preprocessed_v2/masks/Calc-Test_P_00352_LEFT_CC_1_mask.png,BENIGN,CC,1,2,PLEOMORPHIC,CLUSTERED,4
Calc-Test_P_00353_LEFT_CC_1,P_00353,test,0,/home/majd/CBISDDSM_Preprocessed_v2/images/Calc-Test_P_00353_LEFT_CC_1.png,/home/majd/CBISDDSM_Preprocessed_v2/masks/Calc-Test_P_00353_LEFT_CC_1_mask.png,BENIGN,CC,1,3,PLEOMORPHIC-AMORPHOUS,CLUSTERED,3
Calc-Test_P_00353_LEFT_CC_2,P_00353,test,1,/home/majd/CBISDDSM_Preprocessed_v2/images/Calc-Test_P_00353_LEFT_CC_2.png,/home/majd/CBISDDSM_Preprocessed_v2/masks/Calc-Test_P_00353_LEFT_CC_2_mask.png,MALIGNANT,CC,2,3,PUNCTATE-PLEOMORPHIC,CLUSTERED,2
Calc-Test_P_00368_LEFT_CC_1,P_00368,test,0,/home/majd/CBISDDSM_Preprocessed_v2/images/Calc-Test_P_00368_LEFT_CC_1.png,/home/majd/CBISDDSM_Preprocessed_v2/masks/Calc-Test_P_00368_LEFT_CC_1_mask.png,BENIGN,CC,1,3,AMORPHOUS,SEGMENTAL,2
Calc-Test_P_00372_RIGHT_CC_1,P_00372,test,1,/home/majd/CBISDDSM_Preprocessed_v2/images/Calc-Test_P_00372_RIGHT_CC_1.png,/home/majd/CBISDDSM_Preprocessed_v2/masks/Calc-Test_P_00372_RIGHT_CC_1_mask.png,MALIGNANT,CC,1,3,FINE_LINEAR_BRANCHING,CLUSTERED,4
Calc-Test_P_00390_RIGHT_CC_1,P_00390,test,1,/home/majd/CBISDDSM_Preprocessed_v2/images/Calc-Test_P_00390_RIGHT_CC_1.png,/home/majd/CBISDDSM_Preprocessed_v2/masks/Calc-Test_P_00390_RIGHT_CC_1_mask.png,MALIGNANT,CC,1,2,PLEOMORPHIC,CLUSTERED,5
Calc-Test_P_00397_LEFT_CC_1,P_00397,test,1,/home/majd/CBISDDSM_Preprocessed_v2/images/Calc-Test_P_00397_LEFT_CC_1.png,/home/majd/CBISDDSM_Preprocessed_v2/masks/Calc-Test_P_00397_LEFT_CC_1_mask.png,MALIGNANT,CC,1,4,PLEOMORPHIC,CLUSTERED,1
Calc-Test_P_00402_RIGHT_CC_1,P_00402,test,0,/home/majd/CBISDDSM_Preprocessed_v2/images/Calc-Test_P_00402_RIGHT_CC_1.png,/home/majd/CBISDDSM_Preprocessed_v2/masks/Calc-Test_P_00402_RIGHT_CC_1_mask.png,BENIGN_WITHOUT_CALLBACK,CC,1,3,ROUND_AND_REGULAR,,4
Calc-Test_P_00403_RIGHT_CC_1,P_00403,test,1,/home/majd/CBISDDSM_Preprocessed_v2/images/Calc-Test_P_00403_RIGHT_CC_1.png,/home/majd/CBISDDSM_Preprocessed_v2/masks/Calc-Test_P_00403_RIGHT_CC_1_mask.png,MALIGNANT,CC,1,2,,LINEAR,5
Calc-Test_P_00460_LEFT_CC_1,P_00460,test,0,/home/majd/CBISDDSM_Preprocessed_v2/images/Calc-Test_P_00460_LEFT_CC_1.png,/home/majd/CBISDDSM_Preprocessed_v2/masks/Calc-Test_P_00460_LEFT_CC_1_mask.png,BENIGN,CC,1,3,AMORPHOUS,SEGMENTAL,1
Calc-Test_P_00466_LEFT_MLO_1,P_00466,test,1,/home/majd/CBISDDSM_Preprocessed_v2/images/Calc-Test_P_00466_LEFT_MLO_1.png,/home/majd/CBISDDSM_Preprocessed_v2/masks/Calc-Test_P_00466_LEFT_MLO_1_mask.png,MALIGNANT,MLO,1,4,PLEOMORPHIC,CLUSTERED,4
Calc-Test_P_00485_LEFT_CC_1,P_00485,test,1,/home/majd/CBISDDSM_Preprocessed_v2/images/Calc-Test_P_00485_LEFT_CC_1.png,/home/majd/CBISDDSM_Preprocessed_v2/masks/Calc-Test_P_00485_LEFT_CC_1_mask.png,MALIGNANT,CC,1,3,PLEOMORPHIC,CLUSTERED,5
Calc-Test_P_00485_LEFT_CC_2,P_00485,test,1,/home/majd/CBISDDSM_Preprocessed_v2/images/Calc-Test_P_00485_LEFT_CC_2.png,/home/majd/CBISDDSM_Preprocessed_v2/masks/Calc-Test_P_00485_LEFT_CC_2_mask.png,MALIGNANT,CC,2,3,PLEOMORPHIC,CLUSTERED,5
Calc-Test_P_00485_LEFT_CC_3,P_00485,test,1,/home/majd/CBISDDSM_Preprocessed_v2/images/Calc-Test_P_00485_LEFT_CC_3.png,/home/majd/CBISDDSM_Preprocessed_v2/masks/Calc-Test_P_00485_LEFT_CC_3_mask.png,MALIGNANT,CC,3,3,PLEOMORPHIC,CLUSTERED,5
Calc-Test_P_00485_LEFT_CC_4,P_00485,test,1,/home/majd/CBISDDSM_Preprocessed_v2/images/Calc-Test_P_00485_LEFT_CC_4.png,/home/majd/CBISDDSM_Preprocessed_v2/masks/Calc-Test_P_00485_LEFT_CC_4_mask.png,MALIGNANT,CC,4,3,PLEOMORPHIC,CLUSTERED,5
Calc-Test_P_00485_LEFT_CC_5,P_00485,test,1,/home/majd/CBISDDSM_Preprocessed_v2/images/Calc-Test_P_00485_LEFT_CC_5.png,/home/majd/CBISDDSM_Preprocessed_v2/masks/Calc-Test_P_00485_LEFT_CC_5_mask.png,MALIGNANT,CC,5,3,PLEOMORPHIC,CLUSTERED,5
Calc-Test_P_00495_RIGHT_CC_2,P_00495,test,0,/home/majd/CBISDDSM_Preprocessed_v2/images/Calc-Test_P_00495_RIGHT_CC_2.png,/home/majd/CBISDDSM_Preprocessed_v2/masks/Calc-Test_P_00495_RIGHT_CC_2_mask.png,BENIGN_WITHOUT_CALLBACK,CC,2,3,COARSE,,3
Calc-Test_P_00495_RIGHT_CC_3,P_00495,test,0,/home/majd/CBISDDSM_Preprocessed_v2/images/Calc-Test_P_00495_RIGHT_CC_3.png,/home/majd/CBISDDSM_Preprocessed_v2/masks/Calc-Test_P_00495_RIGHT_CC_3_mask.png,BENIGN_WITHOUT_CALLBACK,CC,3,3,COARSE,,3
Calc-Test_P_00495_RIGHT_MLO_1,P_00495,test,0,/home/majd/CBISDDSM_Preprocessed_v2/images/Calc-Test_P_00495_RIGHT_MLO_1.png,/home/majd/CBISDDSM_Preprocessed_v2/masks/Calc-Test_P_00495_RIGHT_MLO_1_mask.png,BENIGN_WITHOUT_CALLBACK,MLO,1,3,COARSE,,3
Calc-Test_P_00497_LEFT_CC_1,P_00497,test,1,/home/majd/CBISDDSM_Preprocessed_v2/images/Calc-Test_P_00497_LEFT_CC_1.png,/home/majd/CBISDDSM_Preprocessed_v2/masks/Calc-Test_P_00497_LEFT_CC_1_mask.png,MALIGNANT,CC,1,3,PLEOMORPHIC,SEGMENTAL,3
Calc-Test_P_00537_RIGHT_MLO_1,P_00537,test,1,/home/majd/CBISDDSM_Preprocessed_v2/images/Calc-Test_P_00537_RIGHT_MLO_1.png,/home/majd/CBISDDSM_Preprocessed_v2/masks/Calc-Test_P_00537_RIGHT_MLO_1_mask.png,MALIGNANT,MLO,1,4,PLEOMORPHIC-FINE_LINEAR_BRANCHING,SEGMENTAL,5
Calc-Test_P_00562_LEFT_CC_1,P_00562,test,0,/home/majd/CBISDDSM_Preprocessed_v2/images/Calc-Test_P_00562_LEFT_CC_1.png,/home/majd/CBISDDSM_Preprocessed_v2/masks/Calc-Test_P_00562_LEFT_CC_1_mask.png,BENIGN_WITHOUT_CALLBACK,CC,1,2,LUCENT_CENTER,,4
Calc-Test_P_00562_LEFT_CC_2,P_00562,test,0,/home/majd/CBISDDSM_Preprocessed_v2/images/Calc-Test_P_00562_LEFT_CC_2.png,/home/majd/CBISDDSM_Preprocessed_v2/masks/Calc-Test_P_00562_LEFT_CC_2_mask.png,BENIGN_WITHOUT_CALLBACK,CC,2,2,LUCENT_CENTER,,4
Calc-Test_P_00562_RIGHT_CC_1,P_00562,test,0,/home/majd/CBISDDSM_Preprocessed_v2/images/Calc-Test_P_00562_RIGHT_CC_1.png,/home/majd/CBISDDSM_Preprocessed_v2/masks/Calc-Test_P_00562_RIGHT_CC_1_mask.png,BENIGN_WITHOUT_CALLBACK,CC,1,2,ROUND_AND_REGULAR,,4
Calc-Test_P_00570_LEFT_MLO_1,P_00570,test,1,/home/majd/CBISDDSM_Preprocessed_v2/images/Calc-Test_P_00570_LEFT_MLO_1.png,/home/majd/CBISDDSM_Preprocessed_v2/masks/Calc-Test_P_00570_LEFT_MLO_1_mask.png,MALIGNANT,MLO,1,2,PLEOMORPHIC,CLUSTERED,3
Calc-Test_P_00579_LEFT_MLO_1,P_00579,test,0,/home/majd/CBISDDSM_Preprocessed_v2/images/Calc-Test_P_00579_LEFT_MLO_1.png,/home/majd/CBISDDSM_Preprocessed_v2/masks/Calc-Test_P_00579_LEFT_MLO_1_mask.png,BENIGN,MLO,1,4,PUNCTATE,CLUSTERED,2
Calc-Test_P_00589_LEFT_CC_1,P_00589,test,0,/home/majd/CBISDDSM_Preprocessed_v2/images/Calc-Test_P_00589_LEFT_CC_1.png,/home/majd/CBISDDSM_Preprocessed_v2/masks/Calc-Test_P_00589_LEFT_CC_1_mask.png,BENIGN,CC,1,3,AMORPHOUS,CLUSTERED,2
Calc-Test_P_00608_LEFT_CC_1,P_00608,test,0,/home/majd/CBISDDSM_Preprocessed_v2/images/Calc-Test_P_00608_LEFT_CC_1.png,/home/majd/CBISDDSM_Preprocessed_v2/masks/Calc-Test_P_00608_LEFT_CC_1_mask.png,BENIGN,CC,1,3,PLEOMORPHIC,SEGMENTAL,4
Calc-Test_P_00620_LEFT_CC_1,P_00620,test,0,/home/majd/CBISDDSM_Preprocessed_v2/images/Calc-Test_P_00620_LEFT_CC_1.png,/home/majd/CBISDDSM_Preprocessed_v2/masks/Calc-Test_P_00620_LEFT_CC_1_mask.png,BENIGN,CC,1,3,PUNCTATE-AMORPHOUS,CLUSTERED,4
Calc-Test_P_00643_LEFT_CC_1,P_00643,test,1,/home/majd/CBISDDSM_Preprocessed_v2/images/Calc-Test_P_00643_LEFT_CC_1.png,/home/majd/CBISDDSM_Preprocessed_v2/masks/Calc-Test_P_00643_LEFT_CC_1_mask.png,MALIGNANT,CC,1,3,FINE_LINEAR_BRANCHING,LINEAR,3
Calc-Test_P_00646_LEFT_CC_1,P_00646,test,1,/home/majd/CBISDDSM_Preprocessed_v2/images/Calc-Test_P_00646_LEFT_CC_1.png,/home/majd/CBISDDSM_Preprocessed_v2/masks/Calc-Test_P_00646_LEFT_CC_1_mask.png,MALIGNANT,CC,1,3,PLEOMORPHIC,SEGMENTAL,2
Calc-Test_P_00649_LEFT_CC_1,P_00649,test,0,/home/majd/CBISDDSM_Preprocessed_v2/images/Calc-Test_P_00649_LEFT_CC_1.png,/home/majd/CBISDDSM_Preprocessed_v2/masks/Calc-Test_P_00649_LEFT_CC_1_mask.png,BENIGN,CC,1,3,AMORPHOUS,LINEAR,1
Calc-Test_P_00663_RIGHT_CC_1,P_00663,test,0,/home/majd/CBISDDSM_Preprocessed_v2/images/Calc-Test_P_00663_RIGHT_CC_1.png,/home/majd/CBISDDSM_Preprocessed_v2/masks/Calc-Test_P_00663_RIGHT_CC_1_mask.png,BENIGN,CC,1,2,PLEOMORPHIC,CLUSTERED,3
Calc-Test_P_00678_LEFT_CC_1,P_00678,test,1,/home/majd/CBISDDSM_Preprocessed_v2/images/Calc-Test_P_00678_LEFT_CC_1.png,/home/majd/CBISDDSM_Preprocessed_v2/masks/Calc-Test_P_00678_LEFT_CC_1_mask.png,MALIGNANT,CC,1,4,PLEOMORPHIC,SEGMENTAL,4
Calc-Test_P_00679_LEFT_CC_1,P_00679,test,0,/home/majd/CBISDDSM_Preprocessed_v2/images/Calc-Test_P_00679_LEFT_CC_1.png,/home/majd/CBISDDSM_Preprocessed_v2/masks/Calc-Test_P_00679_LEFT_CC_1_mask.png,BENIGN,CC,1,2,FINE_LINEAR_BRANCHING,CLUSTERED-LINEAR,3
Calc-Test_P_00681_LEFT_CC_1,P_00681,test,1,/home/majd/CBISDDSM_Preprocessed_v2/images/Calc-Test_P_00681_LEFT_CC_1.png,/home/majd/CBISDDSM_Preprocessed_v2/masks/Calc-Test_P_00681_LEFT_CC_1_mask.png,MALIGNANT,CC,1,2,PLEOMORPHIC,CLUSTERED,2
Calc-Test_P_00686_RIGHT_MLO_1,P_00686,test,1,/home/majd/CBISDDSM_Preprocessed_v2/images/Calc-Test_P_00686_RIGHT_MLO_1.png,/home/majd/CBISDDSM_Preprocessed_v2/masks/Calc-Test_P_00686_RIGHT_MLO_1_mask.png,MALIGNANT,MLO,1,4,PLEOMORPHIC,CLUSTERED,2
Calc-Test_P_00723_LEFT_MLO_2,P_00723,test,0,/home/majd/CBISDDSM_Preprocessed_v2/images/Calc-Test_P_00723_LEFT_MLO_2.png,/home/majd/CBISDDSM_Preprocessed_v2/masks/Calc-Test_P_00723_LEFT_MLO_2_mask.png,BENIGN,MLO,2,2,PLEOMORPHIC,CLUSTERED,5
Calc-Test_P_00723_LEFT_MLO_3,P_00723,test,0,/home/majd/CBISDDSM_Preprocessed_v2/images/Calc-Test_P_00723_LEFT_MLO_3.png,/home/majd/CBISDDSM_Preprocessed_v2/masks/Calc-Test_P_00723_LEFT_MLO_3_mask.png,BENIGN,MLO,3,2,PLEOMORPHIC,CLUSTERED,5
Calc-Test_P_00723_LEFT_MLO_4,P_00723,test,0,/home/majd/CBISDDSM_Preprocessed_v2/images/Calc-Test_P_00723_LEFT_MLO_4.png,/home/majd/CBISDDSM_Preprocessed_v2/masks/Calc-Test_P_00723_LEFT_MLO_4_mask.png,BENIGN,MLO,4,2,AMORPHOUS,CLUSTERED,3
Calc-Test_P_00753_LEFT_CC_1,P_00753,test,0,/home/majd/CBISDDSM_Preprocessed_v2/images/Calc-Test_P_00753_LEFT_CC_1.png,/home/majd/CBISDDSM_Preprocessed_v2/masks/Calc-Test_P_00753_LEFT_CC_1_mask.png,BENIGN,CC,1,2,AMORPHOUS,CLUSTERED,3
Calc-Test_P_00774_RIGHT_CC_1,P_00774,test,0,/home/majd/CBISDDSM_Preprocessed_v2/images/Calc-Test_P_00774_RIGHT_CC_1.png,/home/majd/CBISDDSM_Preprocessed_v2/masks/Calc-Test_P_00774_RIGHT_CC_1_mask.png,BENIGN,CC,1,4,PLEOMORPHIC,CLUSTERED,1
Calc-Test_P_00789_LEFT_MLO_1,P_00789,test,0,/home/majd/CBISDDSM_Preprocessed_v2/images/Calc-Test_P_00789_LEFT_MLO_1.png,/home/majd/CBISDDSM_Preprocessed_v2/masks/Calc-Test_P_00789_LEFT_MLO_1_mask.png,BENIGN,MLO,1,4,AMORPHOUS,DIFFUSELY_SCATTERED,1
Calc-Test_P_00790_RIGHT_CC_1,P_00790,test,0,/home/majd/CBISDDSM_Preprocessed_v2/images/Calc-Test_P_00790_RIGHT_CC_1.png,/home/majd/CBISDDSM_Preprocessed_v2/masks/Calc-Test_P_00790_RIGHT_CC_1_mask.png,BENIGN,CC,1,3,PLEOMORPHIC,CLUSTERED,4
Calc-Test_P_00795_LEFT_CC_1,P_00795,test,0,/home/majd/CBISDDSM_Preprocessed_v2/images/Calc-Test_P_00795_LEFT_CC_1.png,/home/majd/CBISDDSM_Preprocessed_v2/masks/Calc-Test_P_00795_LEFT_CC_1_mask.png,BENIGN_WITHOUT_CALLBACK,CC,1,1,EGGSHELL,,4
Calc-Test_P_00811_LEFT_CC_1,P_00811,test,0,/home/majd/CBISDDSM_Preprocessed_v2/images/Calc-Test_P_00811_LEFT_CC_1.png,/home/majd/CBISDDSM_Preprocessed_v2/masks/Calc-Test_P_00811_LEFT_CC_1_mask.png,BENIGN,CC,1,4,AMORPHOUS,REGIONAL,3
Calc-Test_P_00827_RIGHT_CC_1,P_00827,test,1,/home/majd/CBISDDSM_Preprocessed_v2/images/Calc-Test_P_00827_RIGHT_CC_1.png,/home/majd/CBISDDSM_Preprocessed_v2/masks/Calc-Test_P_00827_RIGHT_CC_1_mask.png,MALIGNANT,CC,1,4,PLEOMORPHIC,CLUSTERED,1
Calc-Test_P_00843_RIGHT_CC_1,P_00843,test,0,/home/majd/CBISDDSM_Preprocessed_v2/images/Calc-Test_P_00843_RIGHT_CC_1.png,/home/majd/CBISDDSM_Preprocessed_v2/masks/Calc-Test_P_00843_RIGHT_CC_1_mask.png,BENIGN,CC,1,3,PLEOMORPHIC,CLUSTERED,4
Calc-Test_P_00857_RIGHT_CC_1,P_00857,test,1,/home/majd/CBISDDSM_Preprocessed_v2/images/Calc-Test_P_00857_RIGHT_CC_1.png,/home/majd/CBISDDSM_Preprocessed_v2/masks/Calc-Test_P_00857_RIGHT_CC_1_mask.png,MALIGNANT,CC,1,3,AMORPHOUS,SEGMENTAL,2
Calc-Test_P_00876_LEFT_CC_1,P_00876,test,1,/home/majd/CBISDDSM_Preprocessed_v2/images/Calc-Test_P_00876_LEFT_CC_1.png,/home/majd/CBISDDSM_Preprocessed_v2/masks/Calc-Test_P_00876_LEFT_CC_1_mask.png,MALIGNANT,CC,1,4,PLEOMORPHIC,CLUSTERED,3
Calc-Test_P_00879_RIGHT_CC_1,P_00879,test,1,/home/majd/CBISDDSM_Preprocessed_v2/images/Calc-Test_P_00879_RIGHT_CC_1.png,/home/majd/CBISDDSM_Preprocessed_v2/masks/Calc-Test_P_00879_RIGHT_CC_1_mask.png,MALIGNANT,CC,1,3,FINE_LINEAR_BRANCHING,LINEAR,3
Calc-Test_P_00905_RIGHT_CC_1,P_00905,test,0,/home/majd/CBISDDSM_Preprocessed_v2/images/Calc-Test_P_00905_RIGHT_CC_1.png,/home/majd/CBISDDSM_Preprocessed_v2/masks/Calc-Test_P_00905_RIGHT_CC_1_mask.png,BENIGN_WITHOUT_CALLBACK,CC,1,3,LUCENT_CENTER,,3
Calc-Test_P_00906_LEFT_CC_2,P_00906,test,1,/home/majd/CBISDDSM_Preprocessed_v2/images/Calc-Test_P_00906_LEFT_CC_2.png,/home/majd/CBISDDSM_Preprocessed_v2/masks/Calc-Test_P_00906_LEFT_CC_2_mask.png,MALIGNANT,CC,2,4,PUNCTATE-PLEOMORPHIC,CLUSTERED,2
Calc-Test_P_00906_LEFT_MLO_3,P_00906,test,1,/home/majd/CBISDDSM_Preprocessed_v2/images/Calc-Test_P_00906_LEFT_MLO_3.png,/home/majd/CBISDDSM_Preprocessed_v2/masks/Calc-Test_P_00906_LEFT_MLO_3_mask.png,MALIGNANT,MLO,3,4,PUNCTATE,CLUSTERED,2
Calc-Test_P_00919_RIGHT_CC_1,P_00919,test,1,/home/majd/CBISDDSM_Preprocessed_v2/images/Calc-Test_P_00919_RIGHT_CC_1.png,/home/majd/CBISDDSM_Preprocessed_v2/masks/Calc-Test_P_00919_RIGHT_CC_1_mask.png,MALIGNANT,CC,1,2,PLEOMORPHIC,CLUSTERED,1
Calc-Test_P_00974_RIGHT_CC_1,P_00974,test,1,/home/majd/CBISDDSM_Preprocessed_v2/images/Calc-Test_P_00974_RIGHT_CC_1.png,/home/majd/CBISDDSM_Preprocessed_v2/masks/Calc-Test_P_00974_RIGHT_CC_1_mask.png,MALIGNANT,CC,1,3,PLEOMORPHIC,LINEAR,2
Calc-Test_P_01004_LEFT_CC_1,P_01004,test,0,/home/majd/CBISDDSM_Preprocessed_v2/images/Calc-Test_P_01004_LEFT_CC_1.png,/home/majd/CBISDDSM_Preprocessed_v2/masks/Calc-Test_P_01004_LEFT_CC_1_mask.png,BENIGN,CC,1,2,PUNCTATE-PLEOMORPHIC,CLUSTERED,3
Calc-Test_P_01004_LEFT_CC_2,P_01004,test,0,/home/majd/CBISDDSM_Preprocessed_v2/images/Calc-Test_P_01004_LEFT_CC_2.png,/home/majd/CBISDDSM_Preprocessed_v2/masks/Calc-Test_P_01004_LEFT_CC_2_mask.png,BENIGN,CC,2,2,PUNCTATE-PLEOMORPHIC,CLUSTERED,3
Calc-Test_P_01006_LEFT_CC_1,P_01006,test,0,/home/majd/CBISDDSM_Preprocessed_v2/images/Calc-Test_P_01006_LEFT_CC_1.png,/home/majd/CBISDDSM_Preprocessed_v2/masks/Calc-Test_P_01006_LEFT_CC_1_mask.png,BENIGN,CC,1,4,AMORPHOUS,CLUSTERED,1
Calc-Test_P_01022_LEFT_CC_1,P_01022,test,0,/home/majd/CBISDDSM_Preprocessed_v2/images/Calc-Test_P_01022_LEFT_CC_1.png,/home/majd/CBISDDSM_Preprocessed_v2/masks/Calc-Test_P_01022_LEFT_CC_1_mask.png,BENIGN,CC,1,3,PUNCTATE-AMORPHOUS,CLUSTERED,3
Calc-Test_P_01030_RIGHT_CC_1,P_01030,test,0,/home/majd/CBISDDSM_Preprocessed_v2/images/Calc-Test_P_01030_RIGHT_CC_1.png,/home/majd/CBISDDSM_Preprocessed_v2/masks/Calc-Test_P_01030_RIGHT_CC_1_mask.png,BENIGN_WITHOUT_CALLBACK,CC,1,3,ROUND_AND_REGULAR,,5
Calc-Test_P_01030_RIGHT_CC_2,P_01030,test,0,/home/majd/CBISDDSM_Preprocessed_v2/images/Calc-Test_P_01030_RIGHT_CC_2.png,/home/majd/CBISDDSM_Preprocessed_v2/masks/Calc-Test_P_01030_RIGHT_CC_2_mask.png,BENIGN_WITHOUT_CALLBACK,CC,2,3,ROUND_AND_REGULAR,,5
Calc-Test_P_01042_RIGHT_CC_1,P_01042,test,0,/home/majd/CBISDDSM_Preprocessed_v2/images/Calc-Test_P_01042_RIGHT_CC_1.png,/home/majd/CBISDDSM_Preprocessed_v2/masks/Calc-Test_P_01042_RIGHT_CC_1_mask.png,BENIGN,CC,1,2,PLEOMORPHIC,CLUSTERED,5
Calc-Test_P_01050_LEFT_MLO_1,P_01050,test,1,/home/majd/CBISDDSM_Preprocessed_v2/images/Calc-Test_P_01050_LEFT_MLO_1.png,/home/majd/CBISDDSM_Preprocessed_v2/masks/Calc-Test_P_01050_LEFT_MLO_1_mask.png,MALIGNANT,MLO,1,4,FINE_LINEAR_BRANCHING,SEGMENTAL,4
Calc-Test_P_01058_LEFT_CC_1,P_01058,test,1,/home/majd/CBISDDSM_Preprocessed_v2/images/Calc-Test_P_01058_LEFT_CC_1.png,/home/majd/CBISDDSM_Preprocessed_v2/masks/Calc-Test_P_01058_LEFT_CC_1_mask.png,MALIGNANT,CC,1,3,PLEOMORPHIC,CLUSTERED,3
Calc-Test_P_01067_LEFT_CC_1,P_01067,test,1,/home/majd/CBISDDSM_Preprocessed_v2/images/Calc-Test_P_01067_LEFT_CC_1.png,/home/majd/CBISDDSM_Preprocessed_v2/masks/Calc-Test_P_01067_LEFT_CC_1_mask.png,MALIGNANT,CC,1,2,PLEOMORPHIC,CLUSTERED,4
Calc-Test_P_01092_LEFT_CC_1,P_01092,test,1,/home/majd/CBISDDSM_Preprocessed_v2/images/Calc-Test_P_01092_LEFT_CC_1.png,/home/majd/CBISDDSM_Preprocessed_v2/masks/Calc-Test_P_01092_LEFT_CC_1_mask.png,MALIGNANT,CC,1,4,PLEOMORPHIC,CLUSTERED,3
Calc-Test_P_01132_RIGHT_MLO_1,P_01132,test,0,/home/majd/CBISDDSM_Preprocessed_v2/images/Calc-Test_P_01132_RIGHT_MLO_1.png,/home/majd/CBISDDSM_Preprocessed_v2/masks/Calc-Test_P_01132_RIGHT_MLO_1_mask.png,BENIGN,MLO,1,2,PLEOMORPHIC,CLUSTERED,3
Calc-Test_P_01148_RIGHT_MLO_1,P_01148,test,1,/home/majd/CBISDDSM_Preprocessed_v2/images/Calc-Test_P_01148_RIGHT_MLO_1.png,/home/majd/CBISDDSM_Preprocessed_v2/masks/Calc-Test_P_01148_RIGHT_MLO_1_mask.png,MALIGNANT,MLO,1,4,PLEOMORPHIC,CLUSTERED,3
Calc-Test_P_01152_RIGHT_CC_2,P_01152,test,0,/home/majd/CBISDDSM_Preprocessed_v2/images/Calc-Test_P_01152_RIGHT_CC_2.png,/home/majd/CBISDDSM_Preprocessed_v2/masks/Calc-Test_P_01152_RIGHT_CC_2_mask.png,BENIGN,CC,2,2,AMORPHOUS,CLUSTERED,3
Calc-Test_P_01154_LEFT_CC_1,P_01154,test,1,/home/majd/CBISDDSM_Preprocessed_v2/images/Calc-Test_P_01154_LEFT_CC_1.png,/home/majd/CBISDDSM_Preprocessed_v2/masks/Calc-Test_P_01154_LEFT_CC_1_mask.png,MALIGNANT,CC,1,4,PLEOMORPHIC,SEGMENTAL,3
Calc-Test_P_01157_RIGHT_CC_1,P_01157,test,1,/home/majd/CBISDDSM_Preprocessed_v2/images/Calc-Test_P_01157_RIGHT_CC_1.png,/home/majd/CBISDDSM_Preprocessed_v2/masks/Calc-Test_P_01157_RIGHT_CC_1_mask.png,MALIGNANT,CC,1,3,PLEOMORPHIC,LINEAR,3
Calc-Test_P_01179_LEFT_MLO_2,P_01179,test,1,/home/majd/CBISDDSM_Preprocessed_v2/images/Calc-Test_P_01179_LEFT_MLO_2.png,/home/majd/CBISDDSM_Preprocessed_v2/masks/Calc-Test_P_01179_LEFT_MLO_2_mask.png,MALIGNANT,MLO,2,3,PLEOMORPHIC,CLUSTERED,5
Calc-Test_P_01211_LEFT_CC_1,P_01211,test,0,/home/majd/CBISDDSM_Preprocessed_v2/images/Calc-Test_P_01211_LEFT_CC_1.png,/home/majd/CBISDDSM_Preprocessed_v2/masks/Calc-Test_P_01211_LEFT_CC_1_mask.png,BENIGN_WITHOUT_CALLBACK,CC,1,3,COARSE-ROUND_AND_REGULAR,,5
Calc-Test_P_01211_RIGHT_CC_1,P_01211,test,0,/home/majd/CBISDDSM_Preprocessed_v2/images/Calc-Test_P_01211_RIGHT_CC_1.png,/home/majd/CBISDDSM_Preprocessed_v2/masks/Calc-Test_P_01211_RIGHT_CC_1_mask.png,BENIGN_WITHOUT_CALLBACK,CC,1,3,LUCENT_CENTER,,5
Calc-Test_P_01211_RIGHT_CC_2,P_01211,test,0,/home/majd/CBISDDSM_Preprocessed_v2/images/Calc-Test_P_01211_RIGHT_CC_2.png,/home/majd/CBISDDSM_Preprocessed_v2/masks/Calc-Test_P_01211_RIGHT_CC_2_mask.png,BENIGN_WITHOUT_CALLBACK,CC,2,3,LUCENT_CENTER,,5
Calc-Test_P_01217_RIGHT_CC_1,P_01217,test,1,/home/majd/CBISDDSM_Preprocessed_v2/images/Calc-Test_P_01217_RIGHT_CC_1.png,/home/majd/CBISDDSM_Preprocessed_v2/masks/Calc-Test_P_01217_RIGHT_CC_1_mask.png,MALIGNANT,CC,1,4,PLEOMORPHIC,CLUSTERED,1
Calc-Test_P_01224_RIGHT_CC_1,P_01224,test,0,/home/majd/CBISDDSM_Preprocessed_v2/images/Calc-Test_P_01224_RIGHT_CC_1.png,/home/majd/CBISDDSM_Preprocessed_v2/masks/Calc-Test_P_01224_RIGHT_CC_1_mask.png,BENIGN_WITHOUT_CALLBACK,CC,1,2,,LINEAR,5
Calc-Test_P_01237_LEFT_CC_1,P_01237,test,0,/home/majd/CBISDDSM_Preprocessed_v2/images/Calc-Test_P_01237_LEFT_CC_1.png,/home/majd/CBISDDSM_Preprocessed_v2/masks/Calc-Test_P_01237_LEFT_CC_1_mask.png,BENIGN,CC,1,2,PLEOMORPHIC,CLUSTERED,3
Calc-Test_P_01253_RIGHT_CC_1,P_01253,test,1,/home/majd/CBISDDSM_Preprocessed_v2/images/Calc-Test_P_01253_RIGHT_CC_1.png,/home/majd/CBISDDSM_Preprocessed_v2/masks/Calc-Test_P_01253_RIGHT_CC_1_mask.png,MALIGNANT,CC,1,2,PUNCTATE,CLUSTERED,3
Calc-Test_P_01272_LEFT_CC_1,P_01272,test,0,/home/majd/CBISDDSM_Preprocessed_v2/images/Calc-Test_P_01272_LEFT_CC_1.png,/home/majd/CBISDDSM_Preprocessed_v2/masks/Calc-Test_P_01272_LEFT_CC_1_mask.png,BENIGN,CC,1,3,PLEOMORPHIC,CLUSTERED,2
Calc-Test_P_01272_LEFT_CC_2,P_01272,test,0,/home/majd/CBISDDSM_Preprocessed_v2/images/Calc-Test_P_01272_LEFT_CC_2.png,/home/majd/CBISDDSM_Preprocessed_v2/masks/Calc-Test_P_01272_LEFT_CC_2_mask.png,BENIGN,CC,2,3,PLEOMORPHIC,CLUSTERED,2
Calc-Test_P_01303_LEFT_CC_1,P_01303,test,1,/home/majd/CBISDDSM_Preprocessed_v2/images/Calc-Test_P_01303_LEFT_CC_1.png,/home/majd/CBISDDSM_Preprocessed_v2/masks/Calc-Test_P_01303_LEFT_CC_1_mask.png,MALIGNANT,CC,1,4,PUNCTATE,CLUSTERED,1
Calc-Test_P_01308_LEFT_MLO_1,P_01308,test,0,/home/majd/CBISDDSM_Preprocessed_v2/images/Calc-Test_P_01308_LEFT_MLO_1.png,/home/majd/CBISDDSM_Preprocessed_v2/masks/Calc-Test_P_01308_LEFT_MLO_1_mask.png,BENIGN,MLO,1,4,PLEOMORPHIC,CLUSTERED,3
Calc-Test_P_01318_LEFT_MLO_1,P_01318,test,0,/home/majd/CBISDDSM_Preprocessed_v2/images/Calc-Test_P_01318_LEFT_MLO_1.png,/home/majd/CBISDDSM_Preprocessed_v2/masks/Calc-Test_P_01318_LEFT_MLO_1_mask.png,BENIGN,MLO,1,3,PLEOMORPHIC,CLUSTERED,1
Calc-Test_P_01320_LEFT_MLO_1,P_01320,test,0,/home/majd/CBISDDSM_Preprocessed_v2/images/Calc-Test_P_01320_LEFT_MLO_1.png,/home/majd/CBISDDSM_Preprocessed_v2/masks/Calc-Test_P_01320_LEFT_MLO_1_mask.png,BENIGN,MLO,1,4,PLEOMORPHIC,CLUSTERED,2
Calc-Test_P_01352_LEFT_CC_1,P_01352,test,0,/home/majd/CBISDDSM_Preprocessed_v2/images/Calc-Test_P_01352_LEFT_CC_1.png,/home/majd/CBISDDSM_Preprocessed_v2/masks/Calc-Test_P_01352_LEFT_CC_1_mask.png,BENIGN_WITHOUT_CALLBACK,CC,1,2,COARSE-PLEOMORPHIC,CLUSTERED,4
Calc-Test_P_01353_LEFT_CC_1,P_01353,test,0,/home/majd/CBISDDSM_Preprocessed_v2/images/Calc-Test_P_01353_LEFT_CC_1.png,/home/majd/CBISDDSM_Preprocessed_v2/masks/Calc-Test_P_01353_LEFT_CC_1_mask.png,BENIGN,CC,1,4,AMORPHOUS,SEGMENTAL,3
Calc-Test_P_01390_RIGHT_CC_1,P_01390,test,1,/home/majd/CBISDDSM_Preprocessed_v2/images/Calc-Test_P_01390_RIGHT_CC_1.png,/home/majd/CBISDDSM_Preprocessed_v2/masks/Calc-Test_P_01390_RIGHT_CC_1_mask.png,MALIGNANT,CC,1,3,PLEOMORPHIC,CLUSTERED,5
Calc-Test_P_01390_RIGHT_CC_2,P_01390,test,1,/home/majd/CBISDDSM_Preprocessed_v2/images/Calc-Test_P_01390_RIGHT_CC_2.png,/home/majd/CBISDDSM_Preprocessed_v2/masks/Calc-Test_P_01390_RIGHT_CC_2_mask.png,MALIGNANT,CC,2,3,PLEOMORPHIC,CLUSTERED,5
Calc-Test_P_01399_RIGHT_CC_1,P_01399,test,0,/home/majd/CBISDDSM_Preprocessed_v2/images/Calc-Test_P_01399_RIGHT_CC_1.png,/home/majd/CBISDDSM_Preprocessed_v2/masks/Calc-Test_P_01399_RIGHT_CC_1_mask.png,BENIGN,CC,1,3,PLEOMORPHIC,CLUSTERED,4
Calc-Test_P_01407_LEFT_CC_1,P_01407,test,0,/home/majd/CBISDDSM_Preprocessed_v2/images/Calc-Test_P_01407_LEFT_CC_1.png,/home/majd/CBISDDSM_Preprocessed_v2/masks/Calc-Test_P_01407_LEFT_CC_1_mask.png,BENIGN_WITHOUT_CALLBACK,CC,1,3,EGGSHELL,,3
Calc-Test_P_01407_RIGHT_CC_1,P_01407,test,0,/home/majd/CBISDDSM_Preprocessed_v2/images/Calc-Test_P_01407_RIGHT_CC_1.png,/home/majd/CBISDDSM_Preprocessed_v2/masks/Calc-Test_P_01407_RIGHT_CC_1_mask.png,BENIGN,CC,1,3,PLEOMORPHIC,CLUSTERED,3
Calc-Test_P_01414_RIGHT_CC_1,P_01414,test,0,/home/majd/CBISDDSM_Preprocessed_v2/images/Calc-Test_P_01414_RIGHT_CC_1.png,/home/majd/CBISDDSM_Preprocessed_v2/masks/Calc-Test_P_01414_RIGHT_CC_1_mask.png,BENIGN,CC,1,4,PLEOMORPHIC,CLUSTERED,4
Calc-Test_P_01415_RIGHT_MLO_1,P_01415,test,0,/home/majd/CBISDDSM_Preprocessed_v2/images/Calc-Test_P_01415_RIGHT_MLO_1.png,/home/majd/CBISDDSM_Preprocessed_v2/masks/Calc-Test_P_01415_RIGHT_MLO_1_mask.png,BENIGN,MLO,1,3,PLEOMORPHIC,CLUSTERED,3
Calc-Test_P_01419_LEFT_CC_1,P_01419,test,1,/home/majd/CBISDDSM_Preprocessed_v2/images/Calc-Test_P_01419_LEFT_CC_1.png,/home/majd/CBISDDSM_Preprocessed_v2/masks/Calc-Test_P_01419_LEFT_CC_1_mask.png,MALIGNANT,CC,1,3,FINE_LINEAR_BRANCHING,LINEAR,4
Calc-Test_P_01425_LEFT_CC_1,P_01425,test,1,/home/majd/CBISDDSM_Preprocessed_v2/images/Calc-Test_P_01425_LEFT_CC_1.png,/home/majd/CBISDDSM_Preprocessed_v2/masks/Calc-Test_P_01425_LEFT_CC_1_mask.png,MALIGNANT,CC,1,2,FINE_LINEAR_BRANCHING,SEGMENTAL,5
Calc-Test_P_01460_LEFT_CC_1,P_01460,test,0,/home/majd/CBISDDSM_Preprocessed_v2/images/Calc-Test_P_01460_LEFT_CC_1.png,/home/majd/CBISDDSM_Preprocessed_v2/masks/Calc-Test_P_01460_LEFT_CC_1_mask.png,BENIGN_WITHOUT_CALLBACK,CC,1,3,VASCULAR,,4
Calc-Test_P_01460_LEFT_MLO_2,P_01460,test,0,/home/majd/CBISDDSM_Preprocessed_v2/images/Calc-Test_P_01460_LEFT_MLO_2.png,/home/majd/CBISDDSM_Preprocessed_v2/masks/Calc-Test_P_01460_LEFT_MLO_2_mask.png,BENIGN_WITHOUT_CALLBACK,MLO,2,3,VASCULAR,,4
Calc-Test_P_01460_RIGHT_CC_1,P_01460,test,0,/home/majd/CBISDDSM_Preprocessed_v2/images/Calc-Test_P_01460_RIGHT_CC_1.png,/home/majd/CBISDDSM_Preprocessed_v2/masks/Calc-Test_P_01460_RIGHT_CC_1_mask.png,BENIGN_WITHOUT_CALLBACK,CC,1,3,VASCULAR,,4
Calc-Test_P_01460_RIGHT_MLO_2,P_01460,test,0,/home/majd/CBISDDSM_Preprocessed_v2/images/Calc-Test_P_01460_RIGHT_MLO_2.png,/home/majd/CBISDDSM_Preprocessed_v2/masks/Calc-Test_P_01460_RIGHT_MLO_2_mask.png,BENIGN_WITHOUT_CALLBACK,MLO,2,3,SKIN,,4
Calc-Test_P_01465_LEFT_MLO_1,P_01465,test,0,/home/majd/CBISDDSM_Preprocessed_v2/images/Calc-Test_P_01465_LEFT_MLO_1.png,/home/majd/CBISDDSM_Preprocessed_v2/masks/Calc-Test_P_01465_LEFT_MLO_1_mask.png,BENIGN,MLO,1,4,PLEOMORPHIC,CLUSTERED,1
Calc-Test_P_01471_RIGHT_CC_1,P_01471,test,1,/home/majd/CBISDDSM_Preprocessed_v2/images/Calc-Test_P_01471_RIGHT_CC_1.png,/home/majd/CBISDDSM_Preprocessed_v2/masks/Calc-Test_P_01471_RIGHT_CC_1_mask.png,MALIGNANT,CC,1,4,PLEOMORPHIC,CLUSTERED,2
Calc-Test_P_01476_RIGHT_CC_1,P_01476,test,0,/home/majd/CBISDDSM_Preprocessed_v2/images/Calc-Test_P_01476_RIGHT_CC_1.png,/home/majd/CBISDDSM_Preprocessed_v2/masks/Calc-Test_P_01476_RIGHT_CC_1_mask.png,BENIGN,CC,1,3,PLEOMORPHIC,CLUSTERED,3
Calc-Test_P_01483_LEFT_CC_1,P_01483,test,1,/home/majd/CBISDDSM_Preprocessed_v2/images/Calc-Test_P_01483_LEFT_CC_1.png,/home/majd/CBISDDSM_Preprocessed_v2/masks/Calc-Test_P_01483_LEFT_CC_1_mask.png,MALIGNANT,CC,1,1,AMORPHOUS,CLUSTERED,5
Calc-Test_P_01490_LEFT_CC_1,P_01490,test,0,/home/majd/CBISDDSM_Preprocessed_v2/images/Calc-Test_P_01490_LEFT_CC_1.png,/home/majd/CBISDDSM_Preprocessed_v2/masks/Calc-Test_P_01490_LEFT_CC_1_mask.png,BENIGN,CC,1,3,PUNCTATE,CLUSTERED,3
Calc-Test_P_01502_LEFT_CC_2,P_01502,test,1,/home/majd/CBISDDSM_Preprocessed_v2/images/Calc-Test_P_01502_LEFT_CC_2.png,/home/majd/CBISDDSM_Preprocessed_v2/masks/Calc-Test_P_01502_LEFT_CC_2_mask.png,MALIGNANT,CC,2,2,FINE_LINEAR_BRANCHING,CLUSTERED,4
Calc-Test_P_01523_LEFT_MLO_1,P_01523,test,0,/home/majd/CBISDDSM_Preprocessed_v2/images/Calc-Test_P_01523_LEFT_MLO_1.png,/home/majd/CBISDDSM_Preprocessed_v2/masks/Calc-Test_P_01523_LEFT_MLO_1_mask.png,BENIGN,MLO,1,4,PLEOMORPHIC,LINEAR,1
Calc-Test_P_01534_LEFT_CC_1,P_01534,test,1,/home/majd/CBISDDSM_Preprocessed_v2/images/Calc-Test_P_01534_LEFT_CC_1.png,/home/majd/CBISDDSM_Preprocessed_v2/masks/Calc-Test_P_01534_LEFT_CC_1_mask.png,MALIGNANT,CC,1,3,PLEOMORPHIC,CLUSTERED,4
Calc-Test_P_01535_LEFT_CC_1,P_01535,test,0,/home/majd/CBISDDSM_Preprocessed_v2/images/Calc-Test_P_01535_LEFT_CC_1.png,/home/majd/CBISDDSM_Preprocessed_v2/masks/Calc-Test_P_01535_LEFT_CC_1_mask.png,BENIGN,CC,1,4,PLEOMORPHIC,CLUSTERED,4
Calc-Test_P_01536_RIGHT_CC_1,P_01536,test,1,/home/majd/CBISDDSM_Preprocessed_v2/images/Calc-Test_P_01536_RIGHT_CC_1.png,/home/majd/CBISDDSM_Preprocessed_v2/masks/Calc-Test_P_01536_RIGHT_CC_1_mask.png,MALIGNANT,CC,1,3,PLEOMORPHIC,CLUSTERED,3
Calc-Test_P_01538_RIGHT_MLO_1,P_01538,test,1,/home/majd/CBISDDSM_Preprocessed_v2/images/Calc-Test_P_01538_RIGHT_MLO_1.png,/home/majd/CBISDDSM_Preprocessed_v2/masks/Calc-Test_P_01538_RIGHT_MLO_1_mask.png,MALIGNANT,MLO,1,3,PLEOMORPHIC,CLUSTERED,4
Calc-Test_P_01538_RIGHT_MLO_2,P_01538,test,1,/home/majd/CBISDDSM_Preprocessed_v2/images/Calc-Test_P_01538_RIGHT_MLO_2.png,/home/majd/CBISDDSM_Preprocessed_v2/masks/Calc-Test_P_01538_RIGHT_MLO_2_mask.png,MALIGNANT,MLO,2,3,PLEOMORPHIC,CLUSTERED,2
Calc-Test_P_01547_LEFT_CC_1,P_01547,test,0,/home/majd/CBISDDSM_Preprocessed_v2/images/Calc-Test_P_01547_LEFT_CC_1.png,/home/majd/CBISDDSM_Preprocessed_v2/masks/Calc-Test_P_01547_LEFT_CC_1_mask.png,BENIGN,CC,1,2,PLEOMORPHIC,CLUSTERED,5
Calc-Test_P_01562_LEFT_CC_1,P_01562,test,0,/home/majd/CBISDDSM_Preprocessed_v2/images/Calc-Test_P_01562_LEFT_CC_1.png,/home/majd/CBISDDSM_Preprocessed_v2/masks/Calc-Test_P_01562_LEFT_CC_1_mask.png,BENIGN,CC,1,1,PLEOMORPHIC,CLUSTERED,4
Calc-Test_P_01602_RIGHT_CC_1,P_01602,test,1,/home/majd/CBISDDSM_Preprocessed_v2/images/Calc-Test_P_01602_RIGHT_CC_1.png,/home/majd/CBISDDSM_Preprocessed_v2/masks/Calc-Test_P_01602_RIGHT_CC_1_mask.png,MALIGNANT,CC,1,3,AMORPHOUS-PLEOMORPHIC,CLUSTERED,3
Calc-Test_P_01621_LEFT_CC_1,P_01621,test,0,/home/majd/CBISDDSM_Preprocessed_v2/images/Calc-Test_P_01621_LEFT_CC_1.png,/home/majd/CBISDDSM_Preprocessed_v2/masks/Calc-Test_P_01621_LEFT_CC_1_mask.png,BENIGN,CC,1,1,PLEOMORPHIC,CLUSTERED,5
Calc-Test_P_01635_RIGHT_CC_2,P_01635,test,1,/home/majd/CBISDDSM_Preprocessed_v2/images/Calc-Test_P_01635_RIGHT_CC_2.png,/home/majd/CBISDDSM_Preprocessed_v2/masks/Calc-Test_P_01635_RIGHT_CC_2_mask.png,MALIGNANT,CC,2,2,PLEOMORPHIC,CLUSTERED,3
Calc-Test_P_01643_LEFT_CC_1,P_01643,test,0,/home/majd/CBISDDSM_Preprocessed_v2/images/Calc-Test_P_01643_LEFT_CC_1.png,/home/majd/CBISDDSM_Preprocessed_v2/masks/Calc-Test_P_01643_LEFT_CC_1_mask.png,BENIGN,CC,1,2,AMORPHOUS,CLUSTERED,2
Calc-Test_P_01643_RIGHT_CC_1,P_01643,test,0,/home/majd/CBISDDSM_Preprocessed_v2/images/Calc-Test_P_01643_RIGHT_CC_1.png,/home/majd/CBISDDSM_Preprocessed_v2/masks/Calc-Test_P_01643_RIGHT_CC_1_mask.png,BENIGN,CC,1,2,PLEOMORPHIC,CLUSTERED,5
Calc-Test_P_01670_LEFT_CC_1,P_01670,test,1,/home/majd/CBISDDSM_Preprocessed_v2/images/Calc-Test_P_01670_LEFT_CC_1.png,/home/majd/CBISDDSM_Preprocessed_v2/masks/Calc-Test_P_01670_LEFT_CC_1_mask.png,MALIGNANT,CC,1,3,PUNCTATE-AMORPHOUS-PLEOMORPHIC,CLUSTERED,3
Calc-Test_P_01670_LEFT_MLO_2,P_01670,test,1,/home/majd/CBISDDSM_Preprocessed_v2/images/Calc-Test_P_01670_LEFT_MLO_2.png,/home/majd/CBISDDSM_Preprocessed_v2/masks/Calc-Test_P_01670_LEFT_MLO_2_mask.png,MALIGNANT,MLO,2,3,PUNCTATE-AMORPHOUS-PLEOMORPHIC,CLUSTERED,3
Calc-Test_P_01670_LEFT_MLO_3,P_01670,test,1,/home/majd/CBISDDSM_Preprocessed_v2/images/Calc-Test_P_01670_LEFT_MLO_3.png,/home/majd/CBISDDSM_Preprocessed_v2/masks/Calc-Test_P_01670_LEFT_MLO_3_mask.png,MALIGNANT,MLO,3,3,PUNCTATE-AMORPHOUS-PLEOMORPHIC,CLUSTERED,3
Calc-Test_P_01711_RIGHT_CC_1,P_01711,test,0,/home/majd/CBISDDSM_Preprocessed_v2/images/Calc-Test_P_01711_RIGHT_CC_1.png,/home/majd/CBISDDSM_Preprocessed_v2/masks/Calc-Test_P_01711_RIGHT_CC_1_mask.png,BENIGN,CC,1,3,PUNCTATE,SEGMENTAL,3
Calc-Test_P_01713_RIGHT_MLO_1,P_01713,test,0,/home/majd/CBISDDSM_Preprocessed_v2/images/Calc-Test_P_01713_RIGHT_MLO_1.png,/home/majd/CBISDDSM_Preprocessed_v2/masks/Calc-Test_P_01713_RIGHT_MLO_1_mask.png,BENIGN,MLO,1,4,AMORPHOUS,CLUSTERED,2
Calc-Test_P_01728_LEFT_CC_1,P_01728,test,0,/home/majd/CBISDDSM_Preprocessed_v2/images/Calc-Test_P_01728_LEFT_CC_1.png,/home/majd/CBISDDSM_Preprocessed_v2/masks/Calc-Test_P_01728_LEFT_CC_1_mask.png,BENIGN,CC,1,3,AMORPHOUS,CLUSTERED,3
Calc-Test_P_01743_RIGHT_CC_1,P_01743,test,1,/home/majd/CBISDDSM_Preprocessed_v2/images/Calc-Test_P_01743_RIGHT_CC_1.png,/home/majd/CBISDDSM_Preprocessed_v2/masks/Calc-Test_P_01743_RIGHT_CC_1_mask.png,MALIGNANT,CC,1,0,PLEOMORPHIC,DIFFUSELY_SCATTERED,5
Calc-Test_P_01752_LEFT_CC_1,P_01752,test,0,/home/majd/CBISDDSM_Preprocessed_v2/images/Calc-Test_P_01752_LEFT_CC_1.png,/home/majd/CBISDDSM_Preprocessed_v2/masks/Calc-Test_P_01752_LEFT_CC_1_mask.png,BENIGN,CC,1,4,AMORPHOUS,CLUSTERED,2
Calc-Test_P_01773_RIGHT_CC_1,P_01773,test,0,/home/majd/CBISDDSM_Preprocessed_v2/images/Calc-Test_P_01773_RIGHT_CC_1.png,/home/majd/CBISDDSM_Preprocessed_v2/masks/Calc-Test_P_01773_RIGHT_CC_1_mask.png,BENIGN,CC,1,1,PLEOMORPHIC,CLUSTERED,4
Calc-Test_P_01803_RIGHT_CC_1,P_01803,test,1,/home/majd/CBISDDSM_Preprocessed_v2/images/Calc-Test_P_01803_RIGHT_CC_1.png,/home/majd/CBISDDSM_Preprocessed_v2/masks/Calc-Test_P_01803_RIGHT_CC_1_mask.png,MALIGNANT,CC,1,2,AMORPHOUS,CLUSTERED,4
Calc-Test_P_01820_LEFT_MLO_1,P_01820,test,0,/home/majd/CBISDDSM_Preprocessed_v2/images/Calc-Test_P_01820_LEFT_MLO_1.png,/home/majd/CBISDDSM_Preprocessed_v2/masks/Calc-Test_P_01820_LEFT_MLO_1_mask.png,BENIGN,MLO,1,2,PLEOMORPHIC,LINEAR,1
Calc-Test_P_01834_LEFT_MLO_1,P_01834,test,1,/home/majd/CBISDDSM_Preprocessed_v2/images/Calc-Test_P_01834_LEFT_MLO_1.png,/home/majd/CBISDDSM_Preprocessed_v2/masks/Calc-Test_P_01834_LEFT_MLO_1_mask.png,MALIGNANT,MLO,1,4,AMORPHOUS,CLUSTERED,2
Calc-Test_P_01842_LEFT_MLO_1,P_01842,test,1,/home/majd/CBISDDSM_Preprocessed_v2/images/Calc-Test_P_01842_LEFT_MLO_1.png,/home/majd/CBISDDSM_Preprocessed_v2/masks/Calc-Test_P_01842_LEFT_MLO_1_mask.png,MALIGNANT,MLO,1,4,PLEOMORPHIC,CLUSTERED,2
Calc-Test_P_01845_RIGHT_CC_1,P_01845,test,0,/home/majd/CBISDDSM_Preprocessed_v2/images/Calc-Test_P_01845_RIGHT_CC_1.png,/home/majd/CBISDDSM_Preprocessed_v2/masks/Calc-Test_P_01845_RIGHT_CC_1_mask.png,BENIGN,CC,1,2,PLEOMORPHIC,CLUSTERED,2
Calc-Test_P_01845_RIGHT_CC_2,P_01845,test,0,/home/majd/CBISDDSM_Preprocessed_v2/images/Calc-Test_P_01845_RIGHT_CC_2.png,/home/majd/CBISDDSM_Preprocessed_v2/masks/Calc-Test_P_01845_RIGHT_CC_2_mask.png,BENIGN,CC,2,2,PLEOMORPHIC,CLUSTERED,2
Calc-Test_P_01861_LEFT_CC_1,P_01861,test,1,/home/majd/CBISDDSM_Preprocessed_v2/images/Calc-Test_P_01861_LEFT_CC_1.png,/home/majd/CBISDDSM_Preprocessed_v2/masks/Calc-Test_P_01861_LEFT_CC_1_mask.png,MALIGNANT,CC,1,4,PUNCTATE,CLUSTERED,2
Calc-Test_P_01867_LEFT_CC_1,P_01867,test,0,/home/majd/CBISDDSM_Preprocessed_v2/images/Calc-Test_P_01867_LEFT_CC_1.png,/home/majd/CBISDDSM_Preprocessed_v2/masks/Calc-Test_P_01867_LEFT_CC_1_mask.png,BENIGN_WITHOUT_CALLBACK,CC,1,2,COARSE-LUCENT_CENTER,,3
Calc-Test_P_01867_LEFT_CC_2,P_01867,test,0,/home/majd/CBISDDSM_Preprocessed_v2/images/Calc-Test_P_01867_LEFT_CC_2.png,/home/majd/CBISDDSM_Preprocessed_v2/masks/Calc-Test_P_01867_LEFT_CC_2_mask.png,BENIGN_WITHOUT_CALLBACK,CC,2,2,COARSE-LUCENT_CENTER,,3
Calc-Test_P_01868_LEFT_CC_1,P_01868,test,0,/home/majd/CBISDDSM_Preprocessed_v2/images/Calc-Test_P_01868_LEFT_CC_1.png,/home/majd/CBISDDSM_Preprocessed_v2/masks/Calc-Test_P_01868_LEFT_CC_1_mask.png,BENIGN,CC,1,2,PLEOMORPHIC,CLUSTERED,4
Calc-Test_P_01872_LEFT_CC_1,P_01872,test,0,/home/majd/CBISDDSM_Preprocessed_v2/images/Calc-Test_P_01872_LEFT_CC_1.png,/home/majd/CBISDDSM_Preprocessed_v2/masks/Calc-Test_P_01872_LEFT_CC_1_mask.png,BENIGN,CC,1,4,PLEOMORPHIC,CLUSTERED,4
Calc-Test_P_01882_LEFT_CC_1,P_01882,test,0,/home/majd/CBISDDSM_Preprocessed_v2/images/Calc-Test_P_01882_LEFT_CC_1.png,/home/majd/CBISDDSM_Preprocessed_v2/masks/Calc-Test_P_01882_LEFT_CC_1_mask.png,BENIGN,CC,1,2,PLEOMORPHIC,CLUSTERED,3
Calc-Test_P_01883_RIGHT_CC_1,P_01883,test,1,/home/majd/CBISDDSM_Preprocessed_v2/images/Calc-Test_P_01883_RIGHT_CC_1.png,/home/majd/CBISDDSM_Preprocessed_v2/masks/Calc-Test_P_01883_RIGHT_CC_1_mask.png,MALIGNANT,CC,1,2,PLEOMORPHIC-FINE_LINEAR_BRANCHING,LINEAR-SEGMENTAL,3
Calc-Test_P_02102_LEFT_CC_1,P_02102,test,1,/home/majd/CBISDDSM_Preprocessed_v2/images/Calc-Test_P_02102_LEFT_CC_1.png,/home/majd/CBISDDSM_Preprocessed_v2/masks/Calc-Test_P_02102_LEFT_CC_1_mask.png,MALIGNANT,CC,1,2,PLEOMORPHIC,SEGMENTAL,4
Calc-Test_P_02139_LEFT_CC_1,P_02139,test,1,/home/majd/CBISDDSM_Preprocessed_v2/images/Calc-Test_P_02139_LEFT_CC_1.png,/home/majd/CBISDDSM_Preprocessed_v2/masks/Calc-Test_P_02139_LEFT_CC_1_mask.png,MALIGNANT,CC,1,2,FINE_LINEAR_BRANCHING,LINEAR,3
Calc-Test_P_02153_RIGHT_CC_1,P_02153,test,0,/home/majd/CBISDDSM_Preprocessed_v2/images/Calc-Test_P_02153_RIGHT_CC_1.png,/home/majd/CBISDDSM_Preprocessed_v2/masks/Calc-Test_P_02153_RIGHT_CC_1_mask.png,BENIGN,CC,1,2,AMORPHOUS,CLUSTERED,2
Calc-Test_P_02159_LEFT_CC_1,P_02159,test,0,/home/majd/CBISDDSM_Preprocessed_v2/images/Calc-Test_P_02159_LEFT_CC_1.png,/home/majd/CBISDDSM_Preprocessed_v2/masks/Calc-Test_P_02159_LEFT_CC_1_mask.png,BENIGN,CC,1,2,AMORPHOUS,CLUSTERED,3
Calc-Test_P_02176_RIGHT_CC_1,P_02176,test,1,/home/majd/CBISDDSM_Preprocessed_v2/images/Calc-Test_P_02176_RIGHT_CC_1.png,/home/majd/CBISDDSM_Preprocessed_v2/masks/Calc-Test_P_02176_RIGHT_CC_1_mask.png,MALIGNANT,CC,1,4,AMORPHOUS-PLEOMORPHIC,REGIONAL,5
Calc-Test_P_02198_LEFT_CC_1,P_02198,test,1,/home/majd/CBISDDSM_Preprocessed_v2/images/Calc-Test_P_02198_LEFT_CC_1.png,/home/majd/CBISDDSM_Preprocessed_v2/masks/Calc-Test_P_02198_LEFT_CC_1_mask.png,MALIGNANT,CC,1,3,FINE_LINEAR_BRANCHING,CLUSTERED,3
Calc-Test_P_02275_LEFT_CC_1,P_02275,test,1,/home/majd/CBISDDSM_Preprocessed_v2/images/Calc-Test_P_02275_LEFT_CC_1.png,/home/majd/CBISDDSM_Preprocessed_v2/masks/Calc-Test_P_02275_LEFT_CC_1_mask.png,MALIGNANT,CC,1,2,AMORPHOUS,SEGMENTAL,1
Calc-Test_P_02418_RIGHT_CC_1,P_02418,test,1,/home/majd/CBISDDSM_Preprocessed_v2/images/Calc-Test_P_02418_RIGHT_CC_1.png,/home/majd/CBISDDSM_Preprocessed_v2/masks/Calc-Test_P_02418_RIGHT_CC_1_mask.png,MALIGNANT,CC,1,3,FINE_LINEAR_BRANCHING,LINEAR,2
Calc-Test_P_02420_RIGHT_CC_1,P_02420,test,1,/home/majd/CBISDDSM_Preprocessed_v2/images/Calc-Test_P_02420_RIGHT_CC_1.png,/home/majd/CBISDDSM_Preprocessed_v2/masks/Calc-Test_P_02420_RIGHT_CC_1_mask.png,MALIGNANT,CC,1,2,PLEOMORPHIC,CLUSTERED,4
Calc-Test_P_02432_LEFT_CC_1,P_02432,test,1,/home/majd/CBISDDSM_Preprocessed_v2/images/Calc-Test_P_02432_LEFT_CC_1.png,/home/majd/CBISDDSM_Preprocessed_v2/masks/Calc-Test_P_02432_LEFT_CC_1_mask.png,MALIGNANT,CC,1,2,PUNCTATE,CLUSTERED,3
Calc-Test_P_02464_RIGHT_CC_1,P_02464,test,1,/home/majd/CBISDDSM_Preprocessed_v2/images/Calc-Test_P_02464_RIGHT_CC_1.png,/home/majd/CBISDDSM_Preprocessed_v2/masks/Calc-Test_P_02464_RIGHT_CC_1_mask.png,MALIGNANT,CC,1,2,FINE_LINEAR_BRANCHING,CLUSTERED,4
Calc-Test_P_02498_RIGHT_CC_1,P_02498,test,0,/home/majd/CBISDDSM_Preprocessed_v2/images/Calc-Test_P_02498_RIGHT_CC_1.png,/home/majd/CBISDDSM_Preprocessed_v2/masks/Calc-Test_P_02498_RIGHT_CC_1_mask.png,BENIGN,CC,1,4,PUNCTATE,CLUSTERED,3
Calc-Test_P_02501_RIGHT_CC_1,P_02501,test,1,/home/majd/CBISDDSM_Preprocessed_v2/images/Calc-Test_P_02501_RIGHT_CC_1.png,/home/majd/CBISDDSM_Preprocessed_v2/masks/Calc-Test_P_02501_RIGHT_CC_1_mask.png,MALIGNANT,CC,1,3,PLEOMORPHIC,CLUSTERED,3
Calc-Training_P_00005_RIGHT_CC_1,P_00005,train,1,/home/majd/CBISDDSM_Preprocessed_v2/images/Calc-Training_P_00005_RIGHT_CC_1.png,/home/majd/CBISDDSM_Preprocessed_v2/masks/Calc-Training_P_00005_RIGHT_CC_1_mask.png,MALIGNANT,CC,1,3,AMORPHOUS,CLUSTERED,3
Calc-Training_P_00007_LEFT_CC_1,P_00007,train,0,/home/majd/CBISDDSM_Preprocessed_v2/images/Calc-Training_P_00007_LEFT_CC_1.png,/home/majd/CBISDDSM_Preprocessed_v2/masks/Calc-Training_P_00007_LEFT_CC_1_mask.png,BENIGN,CC,1,4,PLEOMORPHIC,LINEAR,4
Calc-Training_P_00008_LEFT_CC_1,P_00008,train,0,/home/majd/CBISDDSM_Preprocessed_v2/images/Calc-Training_P_00008_LEFT_CC_1.png,/home/majd/CBISDDSM_Preprocessed_v2/masks/Calc-Training_P_00008_LEFT_CC_1_mask.png,BENIGN_WITHOUT_CALLBACK,CC,1,1,,REGIONAL,3
Calc-Training_P_00008_LEFT_CC_2,P_00008,train,0,/home/majd/CBISDDSM_Preprocessed_v2/images/Calc-Training_P_00008_LEFT_CC_2.png,/home/majd/CBISDDSM_Preprocessed_v2/masks/Calc-Training_P_00008_LEFT_CC_2_mask.png,BENIGN_WITHOUT_CALLBACK,CC,2,1,,REGIONAL,3
Calc-Training_P_00008_LEFT_CC_3,P_00008,train,0,/home/majd/CBISDDSM_Preprocessed_v2/images/Calc-Training_P_00008_LEFT_CC_3.png,/home/majd/CBISDDSM_Preprocessed_v2/masks/Calc-Training_P_00008_LEFT_CC_3_mask.png,BENIGN_WITHOUT_CALLBACK,CC,3,1,,REGIONAL,3
Calc-Training_P_00008_RIGHT_CC_1,P_00008,train,0,/home/majd/CBISDDSM_Preprocessed_v2/images/Calc-Training_P_00008_RIGHT_CC_1.png,/home/majd/CBISDDSM_Preprocessed_v2/masks/Calc-Training_P_00008_RIGHT_CC_1_mask.png,BENIGN_WITHOUT_CALLBACK,CC,1,1,,REGIONAL,3
Calc-Training_P_00008_RIGHT_CC_2,P_00008,train,0,/home/majd/CBISDDSM_Preprocessed_v2/images/Calc-Training_P_00008_RIGHT_CC_2.png,/home/majd/CBISDDSM_Preprocessed_v2/masks/Calc-Training_P_00008_RIGHT_CC_2_mask.png,BENIGN_WITHOUT_CALLBACK,CC,2,1,,REGIONAL,3
Calc-Training_P_00008_RIGHT_CC_3,P_00008,train,0,/home/majd/CBISDDSM_Preprocessed_v2/images/Calc-Training_P_00008_RIGHT_CC_3.png,/home/majd/CBISDDSM_Preprocessed_v2/masks/Calc-Training_P_00008_RIGHT_CC_3_mask.png,BENIGN_WITHOUT_CALLBACK,CC,3,1,,REGIONAL,3
Calc-Training_P_00008_RIGHT_CC_4,P_00008,train,0,/home/majd/CBISDDSM_Preprocessed_v2/images/Calc-Training_P_00008_RIGHT_CC_4.png,/home/majd/CBISDDSM_Preprocessed_v2/masks/Calc-Training_P_00008_RIGHT_CC_4_mask.png,BENIGN_WITHOUT_CALLBACK,CC,4,1,,REGIONAL,3
Calc-Training_P_00008_RIGHT_CC_5,P_00008,train,0,/home/majd/CBISDDSM_Preprocessed_v2/images/Calc-Training_P_00008_RIGHT_CC_5.png,/home/majd/CBISDDSM_Preprocessed_v2/masks/Calc-Training_P_00008_RIGHT_CC_5_mask.png,BENIGN_WITHOUT_CALLBACK,CC,5,1,,REGIONAL,3
Calc-Training_P_00010_LEFT_CC_1,P_00010,train,0,/home/majd/CBISDDSM_Preprocessed_v2/images/Calc-Training_P_00010_LEFT_CC_1.png,/home/majd/CBISDDSM_Preprocessed_v2/masks/Calc-Training_P_00010_LEFT_CC_1_mask.png,BENIGN_WITHOUT_CALLBACK,CC,1,3,ROUND_AND_REGULAR-LUCENT_CENTER-DYSTROPHIC,DIFFUSELY_SCATTERED,4
Calc-Training_P_00011_LEFT_CC_1,P_00011,train,0,/home/majd/CBISDDSM_Preprocessed_v2/images/Calc-Training_P_00011_LEFT_CC_1.png,/home/majd/CBISDDSM_Preprocessed_v2/masks/Calc-Training_P_00011_LEFT_CC_1_mask.png,BENIGN,CC,1,3,PLEOMORPHIC,CLUSTERED,1
Calc-Training_P_00012_LEFT_CC_1,P_00012,train,1,/home/majd/CBISDDSM_Preprocessed_v2/images/Calc-Training_P_00012_LEFT_CC_1.png,/home/majd/CBISDDSM_Preprocessed_v2/masks/Calc-Training_P_00012_LEFT_CC_1_mask.png,MALIGNANT,CC,1,2,PLEOMORPHIC,CLUSTERED,4
Calc-Training_P_00013_RIGHT_MLO_1,P_00013,train,0,/home/majd/CBISDDSM_Preprocessed_v2/images/Calc-Training_P_00013_RIGHT_MLO_1.png,/home/majd/CBISDDSM_Preprocessed_v2/masks/Calc-Training_P_00013_RIGHT_MLO_1_mask.png,BENIGN,MLO,1,4,PLEOMORPHIC,SEGMENTAL,4
Calc-Training_P_00014_LEFT_CC_1,P_00014,train,1,/home/majd/CBISDDSM_Preprocessed_v2/images/Calc-Training_P_00014_LEFT_CC_1.png,/home/majd/CBISDDSM_Preprocessed_v2/masks/Calc-Training_P_00014_LEFT_CC_1_mask.png,MALIGNANT,CC,1,4,PLEOMORPHIC,CLUSTERED,4
Calc-Training_P_00016_LEFT_CC_2,P_00016,train,1,/home/majd/CBISDDSM_Preprocessed_v2/images/Calc-Training_P_00016_LEFT_CC_2.png,/home/majd/CBISDDSM_Preprocessed_v2/masks/Calc-Training_P_00016_LEFT_CC_2_mask.png,MALIGNANT,CC,2,4,PLEOMORPHIC,CLUSTERED,5
Calc-Training_P_00019_RIGHT_CC_1,P_00019,train,0,/home/majd/CBISDDSM_Preprocessed_v2/images/Calc-Training_P_00019_RIGHT_CC_1.png,/home/majd/CBISDDSM_Preprocessed_v2/masks/Calc-Training_P_00019_RIGHT_CC_1_mask.png,BENIGN,CC,1,4,PLEOMORPHIC,CLUSTERED,2
Calc-Training_P_00020_LEFT_CC_1,P_00020,train,1,/home/majd/CBISDDSM_Preprocessed_v2/images/Calc-Training_P_00020_LEFT_CC_1.png,/home/majd/CBISDDSM_Preprocessed_v2/masks/Calc-Training_P_00020_LEFT_CC_1_mask.png,MALIGNANT,CC,1,2,PLEOMORPHIC,CLUSTERED,4
Calc-Training_P_00022_LEFT_CC_1,P_00022,train,0,/home/majd/CBISDDSM_Preprocessed_v2/images/Calc-Training_P_00022_LEFT_CC_1.png,/home/majd/CBISDDSM_Preprocessed_v2/masks/Calc-Training_P_00022_LEFT_CC_1_mask.png,BENIGN,CC,1,3,PLEOMORPHIC,CLUSTERED,3
Calc-Training_P_00024_LEFT_CC_1,P_00024,train,0,/home/majd/CBISDDSM_Preprocessed_v2/images/Calc-Training_P_00024_LEFT_CC_1.png,/home/majd/CBISDDSM_Preprocessed_v2/masks/Calc-Training_P_00024_LEFT_CC_1_mask.png,BENIGN,CC,1,4,PUNCTATE,CLUSTERED,2
Calc-Training_P_00028_LEFT_MLO_1,P_00028,train,0,/home/majd/CBISDDSM_Preprocessed_v2/images/Calc-Training_P_00028_LEFT_MLO_1.png,/home/majd/CBISDDSM_Preprocessed_v2/masks/Calc-Training_P_00028_LEFT_MLO_1_mask.png,BENIGN,MLO,1,4,PLEOMORPHIC,CLUSTERED,1
Calc-Training_P_00029_LEFT_CC_1,P_00029,train,1,/home/majd/CBISDDSM_Preprocessed_v2/images/Calc-Training_P_00029_LEFT_CC_1.png,/home/majd/CBISDDSM_Preprocessed_v2/masks/Calc-Training_P_00029_LEFT_CC_1_mask.png,MALIGNANT,CC,1,3,PLEOMORPHIC,CLUSTERED,2
Calc-Training_P_00030_LEFT_CC_1,P_00030,train,0,/home/majd/CBISDDSM_Preprocessed_v2/images/Calc-Training_P_00030_LEFT_CC_1.png,/home/majd/CBISDDSM_Preprocessed_v2/masks/Calc-Training_P_00030_LEFT_CC_1_mask.png,BENIGN_WITHOUT_CALLBACK,CC,1,2,COARSE,,5
Calc-Training_P_00030_LEFT_CC_2,P_00030,train,0,/home/majd/CBISDDSM_Preprocessed_v2/images/Calc-Training_P_00030_LEFT_CC_2.png,/home/majd/CBISDDSM_Preprocessed_v2/masks/Calc-Training_P_00030_LEFT_CC_2_mask.png,BENIGN_WITHOUT_CALLBACK,CC,2,2,VASCULAR,,5
Calc-Training_P_00030_RIGHT_CC_1,P_00030,train,0,/home/majd/CBISDDSM_Preprocessed_v2/images/Calc-Training_P_00030_RIGHT_CC_1.png,/home/majd/CBISDDSM_Preprocessed_v2/masks/Calc-Training_P_00030_RIGHT_CC_1_mask.png,BENIGN_WITHOUT_CALLBACK,CC,1,2,VASCULAR,,4
Calc-Training_P_00031_LEFT_CC_1,P_00031,train,1,/home/majd/CBISDDSM_Preprocessed_v2/images/Calc-Training_P_00031_LEFT_CC_1.png,/home/majd/CBISDDSM_Preprocessed_v2/masks/Calc-Training_P_00031_LEFT_CC_1_mask.png,MALIGNANT,CC,1,4,PLEOMORPHIC,CLUSTERED,1
Calc-Training_P_00034_RIGHT_CC_2,P_00034,train,1,/home/majd/CBISDDSM_Preprocessed_v2/images/Calc-Training_P_00034_RIGHT_CC_2.png,/home/majd/CBISDDSM_Preprocessed_v2/masks/Calc-Training_P_00034_RIGHT_CC_2_mask.png,MALIGNANT,CC,2,3,PLEOMORPHIC,CLUSTERED,4
Calc-Training_P_00043_LEFT_MLO_1,P_00043,train,1,/home/majd/CBISDDSM_Preprocessed_v2/images/Calc-Training_P_00043_LEFT_MLO_1.png,/home/majd/CBISDDSM_Preprocessed_v2/masks/Calc-Training_P_00043_LEFT_MLO_1_mask.png,MALIGNANT,MLO,1,3,PLEOMORPHIC,SEGMENTAL,3
Calc-Training_P_00047_LEFT_CC_1,P_00047,train,1,/home/majd/CBISDDSM_Preprocessed_v2/images/Calc-Training_P_00047_LEFT_CC_1.png,/home/majd/CBISDDSM_Preprocessed_v2/masks/Calc-Training_P_00047_LEFT_CC_1_mask.png,MALIGNANT,CC,1,2,FINE_LINEAR_BRANCHING,CLUSTERED-LINEAR,3
Calc-Training_P_00047_LEFT_CC_2,P_00047,train,1,/home/majd/CBISDDSM_Preprocessed_v2/images/Calc-Training_P_00047_LEFT_CC_2.png,/home/majd/CBISDDSM_Preprocessed_v2/masks/Calc-Training_P_00047_LEFT_CC_2_mask.png,MALIGNANT,CC,2,2,FINE_LINEAR_BRANCHING,CLUSTERED-LINEAR,3
Calc-Training_P_00047_LEFT_CC_3,P_00047,train,1,/home/majd/CBISDDSM_Preprocessed_v2/images/Calc-Training_P_00047_LEFT_CC_3.png,/home/majd/CBISDDSM_Preprocessed_v2/masks/Calc-Training_P_00047_LEFT_CC_3_mask.png,MALIGNANT,CC,3,2,FINE_LINEAR_BRANCHING,CLUSTERED-LINEAR,3
Calc-Training_P_00048_RIGHT_CC_1,P_00048,train,0,/home/majd/CBISDDSM_Preprocessed_v2/images/Calc-Training_P_00048_RIGHT_CC_1.png,/home/majd/CBISDDSM_Preprocessed_v2/masks/Calc-Training_P_00048_RIGHT_CC_1_mask.png,BENIGN_WITHOUT_CALLBACK,CC,1,1,LARGE_RODLIKE,SEGMENTAL,5
Calc-Training_P_00048_RIGHT_CC_2,P_00048,train,0,/home/majd/CBISDDSM_Preprocessed_v2/images/Calc-Training_P_00048_RIGHT_CC_2.png,/home/majd/CBISDDSM_Preprocessed_v2/masks/Calc-Training_P_00048_RIGHT_CC_2_mask.png,BENIGN_WITHOUT_CALLBACK,CC,2,1,LARGE_RODLIKE,SEGMENTAL,5
Calc-Training_P_00049_RIGHT_CC_1,P_00049,train,1,/home/majd/CBISDDSM_Preprocessed_v2/images/Calc-Training_P_00049_RIGHT_CC_1.png,/home/majd/CBISDDSM_Preprocessed_v2/masks/Calc-Training_P_00049_RIGHT_CC_1_mask.png,MALIGNANT,CC,1,4,PLEOMORPHIC,CLUSTERED,3
Calc-Training_P_00060_RIGHT_CC_1,P_00060,train,0,/home/majd/CBISDDSM_Preprocessed_v2/images/Calc-Training_P_00060_RIGHT_CC_1.png,/home/majd/CBISDDSM_Preprocessed_v2/masks/Calc-Training_P_00060_RIGHT_CC_1_mask.png,BENIGN,CC,1,3,AMORPHOUS,CLUSTERED,4
Calc-Training_P_00062_LEFT_CC_1,P_00062,train,0,/home/majd/CBISDDSM_Preprocessed_v2/images/Calc-Training_P_00062_LEFT_CC_1.png,/home/majd/CBISDDSM_Preprocessed_v2/masks/Calc-Training_P_00062_LEFT_CC_1_mask.png,BENIGN,CC,1,3,PLEOMORPHIC,CLUSTERED,5
Calc-Training_P_00063_RIGHT_CC_1,P_00063,train,1,/home/majd/CBISDDSM_Preprocessed_v2/images/Calc-Training_P_00063_RIGHT_CC_1.png,/home/majd/CBISDDSM_Preprocessed_v2/masks/Calc-Training_P_00063_RIGHT_CC_1_mask.png,MALIGNANT,CC,1,2,PLEOMORPHIC,CLUSTERED,5
Calc-Training_P_00071_RIGHT_CC_1,P_00071,train,0,/home/majd/CBISDDSM_Preprocessed_v2/images/Calc-Training_P_00071_RIGHT_CC_1.png,/home/majd/CBISDDSM_Preprocessed_v2/masks/Calc-Training_P_00071_RIGHT_CC_1_mask.png,BENIGN,CC,1,2,PLEOMORPHIC,CLUSTERED,3
Calc-Training_P_00078_LEFT_CC_1,P_00078,train,1,/home/majd/CBISDDSM_Preprocessed_v2/images/Calc-Training_P_00078_LEFT_CC_1.png,/home/majd/CBISDDSM_Preprocessed_v2/masks/Calc-Training_P_00078_LEFT_CC_1_mask.png,MALIGNANT,CC,1,2,PLEOMORPHIC,CLUSTERED,1
Calc-Training_P_00083_RIGHT_CC_1,P_00083,train,0,/home/majd/CBISDDSM_Preprocessed_v2/images/Calc-Training_P_00083_RIGHT_CC_1.png,/home/majd/CBISDDSM_Preprocessed_v2/masks/Calc-Training_P_00083_RIGHT_CC_1_mask.png,BENIGN,CC,1,4,PLEOMORPHIC,CLUSTERED,5
Calc-Training_P_00084_LEFT_CC_1,P_00084,train,1,/home/majd/CBISDDSM_Preprocessed_v2/images/Calc-Training_P_00084_LEFT_CC_1.png,/home/majd/CBISDDSM_Preprocessed_v2/masks/Calc-Training_P_00084_LEFT_CC_1_mask.png,MALIGNANT,CC,1,3,PLEOMORPHIC,SEGMENTAL,5
Calc-Training_P_00085_RIGHT_CC_1,P_00085,train,1,/home/majd/CBISDDSM_Preprocessed_v2/images/Calc-Training_P_00085_RIGHT_CC_1.png,/home/majd/CBISDDSM_Preprocessed_v2/masks/Calc-Training_P_00085_RIGHT_CC_1_mask.png,MALIGNANT,CC,1,2,PUNCTATE,CLUSTERED,2
Calc-Training_P_00088_LEFT_CC_1,P_00088,train,1,/home/majd/CBISDDSM_Preprocessed_v2/images/Calc-Training_P_00088_LEFT_CC_1.png,/home/majd/CBISDDSM_Preprocessed_v2/masks/Calc-Training_P_00088_LEFT_CC_1_mask.png,MALIGNANT,CC,1,4,AMORPHOUS,CLUSTERED,2
Calc-Training_P_00091_LEFT_CC_1,P_00091,train,0,/home/majd/CBISDDSM_Preprocessed_v2/images/Calc-Training_P_00091_LEFT_CC_1.png,/home/majd/CBISDDSM_Preprocessed_v2/masks/Calc-Training_P_00091_LEFT_CC_1_mask.png,BENIGN,CC,1,3,PLEOMORPHIC,CLUSTERED,3
Calc-Training_P_00098_LEFT_CC_1,P_00098,train,0,/home/majd/CBISDDSM_Preprocessed_v2/images/Calc-Training_P_00098_LEFT_CC_1.png,/home/majd/CBISDDSM_Preprocessed_v2/masks/Calc-Training_P_00098_LEFT_CC_1_mask.png,BENIGN_WITHOUT_CALLBACK,CC,1,4,PUNCTATE-LUCENT_CENTER,REGIONAL,5
Calc-Training_P_00098_LEFT_MLO_2,P_00098,train,0,/home/majd/CBISDDSM_Preprocessed_v2/images/Calc-Training_P_00098_LEFT_MLO_2.png,/home/majd/CBISDDSM_Preprocessed_v2/masks/Calc-Training_P_00098_LEFT_MLO_2_mask.png,BENIGN_WITHOUT_CALLBACK,MLO,2,4,PUNCTATE-LUCENT_CENTER,REGIONAL,5
Calc-Training_P_00098_RIGHT_CC_1,P_00098,train,0,/home/majd/CBISDDSM_Preprocessed_v2/images/Calc-Training_P_00098_RIGHT_CC_1.png,/home/majd/CBISDDSM_Preprocessed_v2/masks/Calc-Training_P_00098_RIGHT_CC_1_mask.png,BENIGN_WITHOUT_CALLBACK,CC,1,4,VASCULAR-COARSE-LUCENT_CENTER-ROUND_AND_REGULAR-PUNCTATE,REGIONAL,5
Calc-Training_P_00098_RIGHT_MLO_2,P_00098,train,0,/home/majd/CBISDDSM_Preprocessed_v2/images/Calc-Training_P_00098_RIGHT_MLO_2.png,/home/majd/CBISDDSM_Preprocessed_v2/masks/Calc-Training_P_00098_RIGHT_MLO_2_mask.png,BENIGN_WITHOUT_CALLBACK,MLO,2,4,VASCULAR-COARSE-LUCENT_CENTER-ROUND_AND_REGULAR-PUNCTATE,REGIONAL,5
Calc-Training_P_00101_RIGHT_CC_2,P_00101,train,1,/home/majd/CBISDDSM_Preprocessed_v2/images/Calc-Training_P_00101_RIGHT_CC_2.png,/home/majd/CBISDDSM_Preprocessed_v2/masks/Calc-Training_P_00101_RIGHT_CC_2_mask.png,MALIGNANT,CC,2,3,PLEOMORPHIC,CLUSTERED,5
Calc-Training_P_00105_LEFT_CC_1,P_00105,train,0,/home/majd/CBISDDSM_Preprocessed_v2/images/Calc-Training_P_00105_LEFT_CC_1.png,/home/majd/CBISDDSM_Preprocessed_v2/masks/Calc-Training_P_00105_LEFT_CC_1_mask.png,BENIGN,CC,1,3,PUNCTATE,CLUSTERED,3
Calc-Training_P_00106_RIGHT_CC_1,P_00106,train,0,/home/majd/CBISDDSM_Preprocessed_v2/images/Calc-Training_P_00106_RIGHT_CC_1.png,/home/majd/CBISDDSM_Preprocessed_v2/masks/Calc-Training_P_00106_RIGHT_CC_1_mask.png,BENIGN_WITHOUT_CALLBACK,CC,1,1,COARSE,,4
Calc-Training_P_00106_RIGHT_MLO_4,P_00106,train,0,/home/majd/CBISDDSM_Preprocessed_v2/images/Calc-Training_P_00106_RIGHT_MLO_4.png,/home/majd/CBISDDSM_Preprocessed_v2/masks/Calc-Training_P_00106_RIGHT_MLO_4_mask.png,BENIGN_WITHOUT_CALLBACK,MLO,4,1,COARSE,,4
Calc-Training_P_00112_LEFT_CC_1,P_00112,train,0,/home/majd/CBISDDSM_Preprocessed_v2/images/Calc-Training_P_00112_LEFT_CC_1.png,/home/majd/CBISDDSM_Preprocessed_v2/masks/Calc-Training_P_00112_LEFT_CC_1_mask.png,BENIGN_WITHOUT_CALLBACK,CC,1,3,ROUND_AND_REGULAR-EGGSHELL,,3
Calc-Training_P_00112_LEFT_CC_2,P_00112,train,0,/home/majd/CBISDDSM_Preprocessed_v2/images/Calc-Training_P_00112_LEFT_CC_2.png,/home/majd/CBISDDSM_Preprocessed_v2/masks/Calc-Training_P_00112_LEFT_CC_2_mask.png,BENIGN_WITHOUT_CALLBACK,CC,2,3,ROUND_AND_REGULAR-EGGSHELL,,3
Calc-Training_P_00112_LEFT_CC_3,P_00112,train,0,/home/majd/CBISDDSM_Preprocessed_v2/images/Calc-Training_P_00112_LEFT_CC_3.png,/home/majd/CBISDDSM_Preprocessed_v2/masks/Calc-Training_P_00112_LEFT_CC_3_mask.png,BENIGN_WITHOUT_CALLBACK,CC,3,3,ROUND_AND_REGULAR-EGGSHELL,,3
Calc-Training_P_00112_LEFT_CC_4,P_00112,train,0,/home/majd/CBISDDSM_Preprocessed_v2/images/Calc-Training_P_00112_LEFT_CC_4.png,/home/majd/CBISDDSM_Preprocessed_v2/masks/Calc-Training_P_00112_LEFT_CC_4_mask.png,BENIGN_WITHOUT_CALLBACK,CC,4,3,ROUND_AND_REGULAR-EGGSHELL,,3
Calc-Training_P_00112_LEFT_MLO_5,P_00112,train,0,/home/majd/CBISDDSM_Preprocessed_v2/images/Calc-Training_P_00112_LEFT_MLO_5.png,/home/majd/CBISDDSM_Preprocessed_v2/masks/Calc-Training_P_00112_LEFT_MLO_5_mask.png,BENIGN_WITHOUT_CALLBACK,MLO,5,3,ROUND_AND_REGULAR-EGGSHELL,,3
Calc-Training_P_00112_LEFT_MLO_6,P_00112,train,0,/home/majd/CBISDDSM_Preprocessed_v2/images/Calc-Training_P_00112_LEFT_MLO_6.png,/home/majd/CBISDDSM_Preprocessed_v2/masks/Calc-Training_P_00112_LEFT_MLO_6_mask.png,BENIGN_WITHOUT_CALLBACK,MLO,6,3,ROUND_AND_REGULAR-EGGSHELL,,3
Calc-Training_P_00112_RIGHT_CC_1,P_00112,train,0,/home/majd/CBISDDSM_Preprocessed_v2/images/Calc-Training_P_00112_RIGHT_CC_1.png,/home/majd/CBISDDSM_Preprocessed_v2/masks/Calc-Training_P_00112_RIGHT_CC_1_mask.png,BENIGN_WITHOUT_CALLBACK,CC,1,3,ROUND_AND_REGULAR-EGGSHELL,,3
Calc-Training_P_00112_RIGHT_CC_2,P_00112,train,0,/home/majd/CBISDDSM_Preprocessed_v2/images/Calc-Training_P_00112_RIGHT_CC_2.png,/home/majd/CBISDDSM_Preprocessed_v2/masks/Calc-Training_P_00112_RIGHT_CC_2_mask.png,BENIGN_WITHOUT_CALLBACK,CC,2,3,ROUND_AND_REGULAR-EGGSHELL,,3
Calc-Training_P_00112_RIGHT_CC_3,P_00112,train,0,/home/majd/CBISDDSM_Preprocessed_v2/images/Calc-Training_P_00112_RIGHT_CC_3.png,/home/majd/CBISDDSM_Preprocessed_v2/masks/Calc-Training_P_00112_RIGHT_CC_3_mask.png,BENIGN_WITHOUT_CALLBACK,CC,3,3,ROUND_AND_REGULAR-EGGSHELL,,3
Calc-Training_P_00112_RIGHT_CC_4,P_00112,train,0,/home/majd/CBISDDSM_Preprocessed_v2/images/Calc-Training_P_00112_RIGHT_CC_4.png,/home/majd/CBISDDSM_Preprocessed_v2/masks/Calc-Training_P_00112_RIGHT_CC_4_mask.png,BENIGN_WITHOUT_CALLBACK,CC,4,3,ROUND_AND_REGULAR-EGGSHELL,,3
Calc-Training_P_00112_RIGHT_CC_5,P_00112,train,0,/home/majd/CBISDDSM_Preprocessed_v2/images/Calc-Training_P_00112_RIGHT_CC_5.png,/home/majd/CBISDDSM_Preprocessed_v2/masks/Calc-Training_P_00112_RIGHT_CC_5_mask.png,BENIGN_WITHOUT_CALLBACK,CC,5,3,ROUND_AND_REGULAR-EGGSHELL,,3
Calc-Training_P_00112_RIGHT_CC_6,P_00112,train,0,/home/majd/CBISDDSM_Preprocessed_v2/images/Calc-Training_P_00112_RIGHT_CC_6.png,/home/majd/CBISDDSM_Preprocessed_v2/masks/Calc-Training_P_00112_RIGHT_CC_6_mask.png,BENIGN_WITHOUT_CALLBACK,CC,6,3,ROUND_AND_REGULAR-EGGSHELL,,3
Calc-Training_P_00112_RIGHT_MLO_7,P_00112,train,0,/home/majd/CBISDDSM_Preprocessed_v2/images/Calc-Training_P_00112_RIGHT_MLO_7.png,/home/majd/CBISDDSM_Preprocessed_v2/masks/Calc-Training_P_00112_RIGHT_MLO_7_mask.png,BENIGN_WITHOUT_CALLBACK,MLO,7,3,ROUND_AND_REGULAR-EGGSHELL,,3
Calc-Training_P_00121_LEFT_CC_1,P_00121,train,1,/home/majd/CBISDDSM_Preprocessed_v2/images/Calc-Training_P_00121_LEFT_CC_1.png,/home/majd/CBISDDSM_Preprocessed_v2/masks/Calc-Training_P_00121_LEFT_CC_1_mask.png,MALIGNANT,CC,1,2,PUNCTATE-PLEOMORPHIC,CLUSTERED,3
Calc-Training_P_00123_LEFT_CC_1,P_00123,train,0,/home/majd/CBISDDSM_Preprocessed_v2/images/Calc-Training_P_00123_LEFT_CC_1.png,/home/majd/CBISDDSM_Preprocessed_v2/masks/Calc-Training_P_00123_LEFT_CC_1_mask.png,BENIGN,CC,1,3,PLEOMORPHIC,CLUSTERED,3
Calc-Training_P_00129_LEFT_CC_1,P_00129,train,0,/home/majd/CBISDDSM_Preprocessed_v2/images/Calc-Training_P_00129_LEFT_CC_1.png,/home/majd/CBISDDSM_Preprocessed_v2/masks/Calc-Training_P_00129_LEFT_CC_1_mask.png,BENIGN,CC,1,2,AMORPHOUS,CLUSTERED,5
Calc-Training_P_00136_LEFT_CC_1,P_00136,train,1,/home/majd/CBISDDSM_Preprocessed_v2/images/Calc-Training_P_00136_LEFT_CC_1.png,/home/majd/CBISDDSM_Preprocessed_v2/masks/Calc-Training_P_00136_LEFT_CC_1_mask.png,MALIGNANT,CC,1,3,FINE_LINEAR_BRANCHING,CLUSTERED,5
Calc-Training_P_00136_LEFT_MLO_2,P_00136,train,1,/home/majd/CBISDDSM_Preprocessed_v2/images/Calc-Training_P_00136_LEFT_MLO_2.png,/home/majd/CBISDDSM_Preprocessed_v2/masks/Calc-Training_P_00136_LEFT_MLO_2_mask.png,MALIGNANT,MLO,2,3,FINE_LINEAR_BRANCHING,CLUSTERED,5
Calc-Training_P_00151_RIGHT_MLO_1,P_00151,train,0,/home/majd/CBISDDSM_Preprocessed_v2/images/Calc-Training_P_00151_RIGHT_MLO_1.png,/home/majd/CBISDDSM_Preprocessed_v2/masks/Calc-Training_P_00151_RIGHT_MLO_1_mask.png,BENIGN,MLO,1,4,AMORPHOUS,SEGMENTAL,3
Calc-Training_P_00157_LEFT_CC_1,P_00157,train,1,/home/majd/CBISDDSM_Preprocessed_v2/images/Calc-Training_P_00157_LEFT_CC_1.png,/home/majd/CBISDDSM_Preprocessed_v2/masks/Calc-Training_P_00157_LEFT_CC_1_mask.png,MALIGNANT,CC,1,3,PLEOMORPHIC-FINE_LINEAR_BRANCHING,CLUSTERED,3
Calc-Training_P_00157_LEFT_CC_2,P_00157,train,1,/home/majd/CBISDDSM_Preprocessed_v2/images/Calc-Training_P_00157_LEFT_CC_2.png,/home/majd/CBISDDSM_Preprocessed_v2/masks/Calc-Training_P_00157_LEFT_CC_2_mask.png,MALIGNANT,CC,2,3,PLEOMORPHIC-FINE_LINEAR_BRANCHING,CLUSTERED,3
Calc-Training_P_00157_LEFT_MLO_3,P_00157,train,1,/home/majd/CBISDDSM_Preprocessed_v2/images/Calc-Training_P_00157_LEFT_MLO_3.png,/home/majd/CBISDDSM_Preprocessed_v2/masks/Calc-Training_P_00157_LEFT_MLO_3_mask.png,MALIGNANT,MLO,3,3,PLEOMORPHIC-FINE_LINEAR_BRANCHING,CLUSTERED,3
Calc-Training_P_00159_LEFT_CC_1,P_00159,train,0,/home/majd/CBISDDSM_Preprocessed_v2/images/Calc-Training_P_00159_LEFT_CC_1.png,/home/majd/CBISDDSM_Preprocessed_v2/masks/Calc-Training_P_00159_LEFT_CC_1_mask.png,BENIGN_WITHOUT_CALLBACK,CC,1,2,DYSTROPHIC,CLUSTERED,5
Calc-Training_P_00161_LEFT_MLO_1,P_00161,train,0,/home/majd/CBISDDSM_Preprocessed_v2/images/Calc-Training_P_00161_LEFT_MLO_1.png,/home/majd/CBISDDSM_Preprocessed_v2/masks/Calc-Training_P_00161_LEFT_MLO_1_mask.png,BENIGN,MLO,1,4,PLEOMORPHIC,SEGMENTAL,4
Calc-Training_P_00162_LEFT_CC_1,P_00162,train,1,/home/majd/CBISDDSM_Preprocessed_v2/images/Calc-Training_P_00162_LEFT_CC_1.png,/home/majd/CBISDDSM_Preprocessed_v2/masks/Calc-Training_P_00162_LEFT_CC_1_mask.png,MALIGNANT,CC,1,2,FINE_LINEAR_BRANCHING,LINEAR,2
Calc-Training_P_00179_LEFT_CC_1,P_00179,train,0,/home/majd/CBISDDSM_Preprocessed_v2/images/Calc-Training_P_00179_LEFT_CC_1.png,/home/majd/CBISDDSM_Preprocessed_v2/masks/Calc-Training_P_00179_LEFT_CC_1_mask.png,BENIGN,CC,1,3,PLEOMORPHIC,CLUSTERED,2
Calc-Training_P_00181_RIGHT_CC_1,P_00181,train,0,/home/majd/CBISDDSM_Preprocessed_v2/images/Calc-Training_P_00181_RIGHT_CC_1.png,/home/majd/CBISDDSM_Preprocessed_v2/masks/Calc-Training_P_00181_RIGHT_CC_1_mask.png,BENIGN,CC,1,4,PLEOMORPHIC,CLUSTERED,1
Calc-Training_P_00182_LEFT_CC_1,P_00182,train,0,/home/majd/CBISDDSM_Preprocessed_v2/images/Calc-Training_P_00182_LEFT_CC_1.png,/home/majd/CBISDDSM_Preprocessed_v2/masks/Calc-Training_P_00182_LEFT_CC_1_mask.png,BENIGN,CC,1,2,AMORPHOUS,CLUSTERED,3
Calc-Training_P_00183_RIGHT_MLO_1,P_00183,train,0,/home/majd/CBISDDSM_Preprocessed_v2/images/Calc-Training_P_00183_RIGHT_MLO_1.png,/home/majd/CBISDDSM_Preprocessed_v2/masks/Calc-Training_P_00183_RIGHT_MLO_1_mask.png,BENIGN,MLO,1,3,AMORPHOUS,CLUSTERED,3
Calc-Training_P_00185_LEFT_CC_1,P_00185,train,0,/home/majd/CBISDDSM_Preprocessed_v2/images/Calc-Training_P_00185_LEFT_CC_1.png,/home/majd/CBISDDSM_Preprocessed_v2/masks/Calc-Training_P_00185_LEFT_CC_1_mask.png,BENIGN,CC,1,2,PLEOMORPHIC,CLUSTERED,2
Calc-Training_P_00188_RIGHT_MLO_1,P_00188,train,1,/home/majd/CBISDDSM_Preprocessed_v2/images/Calc-Training_P_00188_RIGHT_MLO_1.png,/home/majd/CBISDDSM_Preprocessed_v2/masks/Calc-Training_P_00188_RIGHT_MLO_1_mask.png,MALIGNANT,MLO,1,3,FINE_LINEAR_BRANCHING,CLUSTERED,5
Calc-Training_P_00189_LEFT_CC_1,P_00189,train,1,/home/majd/CBISDDSM_Preprocessed_v2/images/Calc-Training_P_00189_LEFT_CC_1.png,/home/majd/CBISDDSM_Preprocessed_v2/masks/Calc-Training_P_00189_LEFT_CC_1_mask.png,MALIGNANT,CC,1,4,PLEOMORPHIC,CLUSTERED,2
Calc-Training_P_00196_RIGHT_CC_1,P_00196,train,0,/home/majd/CBISDDSM_Preprocessed_v2/images/Calc-Training_P_00196_RIGHT_CC_1.png,/home/majd/CBISDDSM_Preprocessed_v2/masks/Calc-Training_P_00196_RIGHT_CC_1_mask.png,BENIGN,CC,1,4,PLEOMORPHIC,CLUSTERED,1
Calc-Training_P_00197_RIGHT_CC_1,P_00197,train,0,/home/majd/CBISDDSM_Preprocessed_v2/images/Calc-Training_P_00197_RIGHT_CC_1.png,/home/majd/CBISDDSM_Preprocessed_v2/masks/Calc-Training_P_00197_RIGHT_CC_1_mask.png,BENIGN,CC,1,1,PLEOMORPHIC,SEGMENTAL,5
Calc-Training_P_00201_LEFT_MLO_1,P_00201,train,1,/home/majd/CBISDDSM_Preprocessed_v2/images/Calc-Training_P_00201_LEFT_MLO_1.png,/home/majd/CBISDDSM_Preprocessed_v2/masks/Calc-Training_P_00201_LEFT_MLO_1_mask.png,MALIGNANT,MLO,1,3,PLEOMORPHIC,SEGMENTAL,3
Calc-Training_P_00208_RIGHT_CC_1,P_00208,train,0,/home/majd/CBISDDSM_Preprocessed_v2/images/Calc-Training_P_00208_RIGHT_CC_1.png,/home/majd/CBISDDSM_Preprocessed_v2/masks/Calc-Training_P_00208_RIGHT_CC_1_mask.png,BENIGN,CC,1,3,PLEOMORPHIC,CLUSTERED,4
Calc-Training_P_00208_RIGHT_CC_2,P_00208,train,0,/home/majd/CBISDDSM_Preprocessed_v2/images/Calc-Training_P_00208_RIGHT_CC_2.png,/home/majd/CBISDDSM_Preprocessed_v2/masks/Calc-Training_P_00208_RIGHT_CC_2_mask.png,BENIGN,CC,2,3,PLEOMORPHIC,CLUSTERED,5
Calc-Training_P_00220_LEFT_CC_1,P_00220,train,0,/home/majd/CBISDDSM_Preprocessed_v2/images/Calc-Training_P_00220_LEFT_CC_1.png,/home/majd/CBISDDSM_Preprocessed_v2/masks/Calc-Training_P_00220_LEFT_CC_1_mask.png,BENIGN,CC,1,3,PLEOMORPHIC,CLUSTERED,3
Calc-Training_P_00224_LEFT_CC_2,P_00224,train,0,/home/majd/CBISDDSM_Preprocessed_v2/images/Calc-Training_P_00224_LEFT_CC_2.png,/home/majd/CBISDDSM_Preprocessed_v2/masks/Calc-Training_P_00224_LEFT_CC_2_mask.png,BENIGN,CC,2,3,AMORPHOUS,CLUSTERED,3
Calc-Training_P_00232_RIGHT_CC_1,P_00232,train,1,/home/majd/CBISDDSM_Preprocessed_v2/images/Calc-Training_P_00232_RIGHT_CC_1.png,/home/majd/CBISDDSM_Preprocessed_v2/masks/Calc-Training_P_00232_RIGHT_CC_1_mask.png,MALIGNANT,CC,1,4,PUNCTATE,CLUSTERED,1
Calc-Training_P_00243_LEFT_CC_1,P_00243,train,1,/home/majd/CBISDDSM_Preprocessed_v2/images/Calc-Training_P_00243_LEFT_CC_1.png,/home/majd/CBISDDSM_Preprocessed_v2/masks/Calc-Training_P_00243_LEFT_CC_1_mask.png,MALIGNANT,CC,1,4,PUNCTATE,REGIONAL,1
Calc-Training_P_00245_RIGHT_MLO_1,P_00245,train,0,/home/majd/CBISDDSM_Preprocessed_v2/images/Calc-Training_P_00245_RIGHT_MLO_1.png,/home/majd/CBISDDSM_Preprocessed_v2/masks/Calc-Training_P_00245_RIGHT_MLO_1_mask.png,BENIGN,MLO,1,3,PLEOMORPHIC,CLUSTERED,3
Calc-Training_P_00250_LEFT_MLO_1,P_00250,train,0,/home/majd/CBISDDSM_Preprocessed_v2/images/Calc-Training_P_00250_LEFT_MLO_1.png,/home/majd/CBISDDSM_Preprocessed_v2/masks/Calc-Training_P_00250_LEFT_MLO_1_mask.png,BENIGN,MLO,1,4,PLEOMORPHIC,CLUSTERED,2
Calc-Training_P_00251_RIGHT_CC_1,P_00251,train,1,/home/majd/CBISDDSM_Preprocessed_v2/images/Calc-Training_P_00251_RIGHT_CC_1.png,/home/majd/CBISDDSM_Preprocessed_v2/masks/Calc-Training_P_00251_RIGHT_CC_1_mask.png,MALIGNANT,CC,1,3,PLEOMORPHIC,CLUSTERED,3
Calc-Training_P_00255_RIGHT_CC_1,P_00255,train,0,/home/majd/CBISDDSM_Preprocessed_v2/images/Calc-Training_P_00255_RIGHT_CC_1.png,/home/majd/CBISDDSM_Preprocessed_v2/masks/Calc-Training_P_00255_RIGHT_CC_1_mask.png,BENIGN,CC,1,4,PLEOMORPHIC,SEGMENTAL,3
Calc-Training_P_00256_LEFT_CC_1,P_00256,train,0,/home/majd/CBISDDSM_Preprocessed_v2/images/Calc-Training_P_00256_LEFT_CC_1.png,/home/majd/CBISDDSM_Preprocessed_v2/masks/Calc-Training_P_00256_LEFT_CC_1_mask.png,BENIGN_WITHOUT_CALLBACK,CC,1,3,LUCENT_CENTER,,3
Calc-Training_P_00260_RIGHT_CC_1,P_00260,train,0,/home/majd/CBISDDSM_Preprocessed_v2/images/Calc-Training_P_00260_RIGHT_CC_1.png,/home/majd/CBISDDSM_Preprocessed_v2/masks/Calc-Training_P_00260_RIGHT_CC_1_mask.png,BENIGN,CC,1,2,PLEOMORPHIC,CLUSTERED,5
Calc-Training_P_00263_LEFT_MLO_1,P_00263,train,1,/home/majd/CBISDDSM_Preprocessed_v2/images/Calc-Training_P_00263_LEFT_MLO_1.png,/home/majd/CBISDDSM_Preprocessed_v2/masks/Calc-Training_P_00263_LEFT_MLO_1_mask.png,MALIGNANT,MLO,1,2,PLEOMORPHIC,LINEAR,3
Calc-Training_P_00266_LEFT_CC_1,P_00266,train,1,/home/majd/CBISDDSM_Preprocessed_v2/images/Calc-Training_P_00266_LEFT_CC_1.png,/home/majd/CBISDDSM_Preprocessed_v2/masks/Calc-Training_P_00266_LEFT_CC_1_mask.png,MALIGNANT,CC,1,2,PLEOMORPHIC,SEGMENTAL,5
Calc-Training_P_00268_LEFT_CC_1,P_00268,train,1,/home/majd/CBISDDSM_Preprocessed_v2/images/Calc-Training_P_00268_LEFT_CC_1.png,/home/majd/CBISDDSM_Preprocessed_v2/masks/Calc-Training_P_00268_LEFT_CC_1_mask.png,MALIGNANT,CC,1,2,AMORPHOUS,DIFFUSELY_SCATTERED,4
Calc-Training_P_00269_LEFT_CC_1,P_00269,train,0,/home/majd/CBISDDSM_Preprocessed_v2/images/Calc-Training_P_00269_LEFT_CC_1.png,/home/majd/CBISDDSM_Preprocessed_v2/masks/Calc-Training_P_00269_LEFT_CC_1_mask.png,BENIGN,CC,1,3,PLEOMORPHIC,CLUSTERED,1
Calc-Training_P_00270_LEFT_CC_1,P_00270,train,0,/home/majd/CBISDDSM_Preprocessed_v2/images/Calc-Training_P_00270_LEFT_CC_1.png,/home/majd/CBISDDSM_Preprocessed_v2/masks/Calc-Training_P_00270_LEFT_CC_1_mask.png,BENIGN,CC,1,4,PUNCTATE,SEGMENTAL,2
Calc-Training_P_00271_LEFT_CC_1,P_00271,train,1,/home/majd/CBISDDSM_Preprocessed_v2/images/Calc-Training_P_00271_LEFT_CC_1.png,/home/majd/CBISDDSM_Preprocessed_v2/masks/Calc-Training_P_00271_LEFT_CC_1_mask.png,MALIGNANT,CC,1,1,AMORPHOUS,REGIONAL,3
Calc-Training_P_00274_RIGHT_MLO_1,P_00274,train,0,/home/majd/CBISDDSM_Preprocessed_v2/images/Calc-Training_P_00274_RIGHT_MLO_1.png,/home/majd/CBISDDSM_Preprocessed_v2/masks/Calc-Training_P_00274_RIGHT_MLO_1_mask.png,BENIGN,MLO,1,2,PLEOMORPHIC,CLUSTERED,1
Calc-Training_P_00275_LEFT_CC_1,P_00275,train,1,/home/majd/CBISDDSM_Preprocessed_v2/images/Calc-Training_P_00275_LEFT_CC_1.png,/home/majd/CBISDDSM_Preprocessed_v2/masks/Calc-Training_P_00275_LEFT_CC_1_mask.png,MALIGNANT,CC,1,3,PLEOMORPHIC,CLUSTERED,3
Calc-Training_P_00276_RIGHT_CC_1,P_00276,train,0,/home/majd/CBISDDSM_Preprocessed_v2/images/Calc-Training_P_00276_RIGHT_CC_1.png,/home/majd/CBISDDSM_Preprocessed_v2/masks/Calc-Training_P_00276_RIGHT_CC_1_mask.png,BENIGN,CC,1,3,PLEOMORPHIC,CLUSTERED,2
Calc-Training_P_00280_LEFT_CC_1,P_00280,train,1,/home/majd/CBISDDSM_Preprocessed_v2/images/Calc-Training_P_00280_LEFT_CC_1.png,/home/majd/CBISDDSM_Preprocessed_v2/masks/Calc-Training_P_00280_LEFT_CC_1_mask.png,MALIGNANT,CC,1,2,PLEOMORPHIC,SEGMENTAL,2
Calc-Training_P_00282_LEFT_CC_1,P_00282,train,0,/home/majd/CBISDDSM_Preprocessed_v2/images/Calc-Training_P_00282_LEFT_CC_1.png,/home/majd/CBISDDSM_Preprocessed_v2/masks/Calc-Training_P_00282_LEFT_CC_1_mask.png,BENIGN,CC,1,3,PUNCTATE,CLUSTERED,2
Calc-Training_P_00284_LEFT_CC_1,P_00284,train,0,/home/majd/CBISDDSM_Preprocessed_v2/images/Calc-Training_P_00284_LEFT_CC_1.png,/home/majd/CBISDDSM_Preprocessed_v2/masks/Calc-Training_P_00284_LEFT_CC_1_mask.png,BENIGN,CC,1,2,PUNCTATE,CLUSTERED,5
Calc-Training_P_00284_LEFT_CC_2,P_00284,train,0,/home/majd/CBISDDSM_Preprocessed_v2/images/Calc-Training_P_00284_LEFT_CC_2.png,/home/majd/CBISDDSM_Preprocessed_v2/masks/Calc-Training_P_00284_LEFT_CC_2_mask.png,BENIGN,CC,2,2,PUNCTATE,CLUSTERED,4
Calc-Training_P_00288_RIGHT_CC_1,P_00288,train,1,/home/majd/CBISDDSM_Preprocessed_v2/images/Calc-Training_P_00288_RIGHT_CC_1.png,/home/majd/CBISDDSM_Preprocessed_v2/masks/Calc-Training_P_00288_RIGHT_CC_1_mask.png,MALIGNANT,CC,1,1,PLEOMORPHIC,CLUSTERED,3
Calc-Training_P_00291_LEFT_CC_1,P_00291,train,0,/home/majd/CBISDDSM_Preprocessed_v2/images/Calc-Training_P_00291_LEFT_CC_1.png,/home/majd/CBISDDSM_Preprocessed_v2/masks/Calc-Training_P_00291_LEFT_CC_1_mask.png,BENIGN,CC,1,3,PLEOMORPHIC,CLUSTERED-SEGMENTAL,4
Calc-Training_P_00291_LEFT_CC_2,P_00291,train,0,/home/majd/CBISDDSM_Preprocessed_v2/images/Calc-Training_P_00291_LEFT_CC_2.png,/home/majd/CBISDDSM_Preprocessed_v2/masks/Calc-Training_P_00291_LEFT_CC_2_mask.png,BENIGN,CC,2,3,PLEOMORPHIC,CLUSTERED-SEGMENTAL,4
Calc-Training_P_00291_LEFT_CC_3,P_00291,train,0,/home/majd/CBISDDSM_Preprocessed_v2/images/Calc-Training_P_00291_LEFT_CC_3.png,/home/majd/CBISDDSM_Preprocessed_v2/masks/Calc-Training_P_00291_LEFT_CC_3_mask.png,BENIGN,CC,3,3,PLEOMORPHIC,CLUSTERED-SEGMENTAL,4
Calc-Training_P_00291_RIGHT_CC_1,P_00291,train,0,/home/majd/CBISDDSM_Preprocessed_v2/images/Calc-Training_P_00291_RIGHT_CC_1.png,/home/majd/CBISDDSM_Preprocessed_v2/masks/Calc-Training_P_00291_RIGHT_CC_1_mask.png,BENIGN,CC,1,3,PLEOMORPHIC,CLUSTERED,3
Calc-Training_P_00293_LEFT_CC_1,P_00293,train,1,/home/majd/CBISDDSM_Preprocessed_v2/images/Calc-Training_P_00293_LEFT_CC_1.png,/home/majd/CBISDDSM_Preprocessed_v2/masks/Calc-Training_P_00293_LEFT_CC_1_mask.png,MALIGNANT,CC,1,4,PUNCTATE,CLUSTERED,2
Calc-Training_P_00297_RIGHT_CC_1,P_00297,train,0,/home/majd/CBISDDSM_Preprocessed_v2/images/Calc-Training_P_00297_RIGHT_CC_1.png,/home/majd/CBISDDSM_Preprocessed_v2/masks/Calc-Training_P_00297_RIGHT_CC_1_mask.png,BENIGN,CC,1,2,PLEOMORPHIC,CLUSTERED,3
Calc-Training_P_00302_LEFT_CC_1,P_00302,train,0,/home/majd/CBISDDSM_Preprocessed_v2/images/Calc-Training_P_00302_LEFT_CC_1.png,/home/majd/CBISDDSM_Preprocessed_v2/masks/Calc-Training_P_00302_LEFT_CC_1_mask.png,BENIGN,CC,1,2,AMORPHOUS,CLUSTERED,5
Calc-Training_P_00302_LEFT_CC_2,P_00302,train,0,/home/majd/CBISDDSM_Preprocessed_v2/images/Calc-Training_P_00302_LEFT_CC_2.png,/home/majd/CBISDDSM_Preprocessed_v2/masks/Calc-Training_P_00302_LEFT_CC_2_mask.png,BENIGN,CC,2,2,PLEOMORPHIC,CLUSTERED,5
Calc-Training_P_00302_RIGHT_CC_1,P_00302,train,0,/home/majd/CBISDDSM_Preprocessed_v2/images/Calc-Training_P_00302_RIGHT_CC_1.png,/home/majd/CBISDDSM_Preprocessed_v2/masks/Calc-Training_P_00302_RIGHT_CC_1_mask.png,BENIGN,CC,1,2,PUNCTATE,SEGMENTAL,2
Calc-Training_P_00307_LEFT_CC_1,P_00307,train,1,/home/majd/CBISDDSM_Preprocessed_v2/images/Calc-Training_P_00307_LEFT_CC_1.png,/home/majd/CBISDDSM_Preprocessed_v2/masks/Calc-Training_P_00307_LEFT_CC_1_mask.png,MALIGNANT,CC,1,2,PLEOMORPHIC,CLUSTERED,5
Calc-Training_P_00308_LEFT_CC_1,P_00308,train,0,/home/majd/CBISDDSM_Preprocessed_v2/images/Calc-Training_P_00308_LEFT_CC_1.png,/home/majd/CBISDDSM_Preprocessed_v2/masks/Calc-Training_P_00308_LEFT_CC_1_mask.png,BENIGN,CC,1,3,PLEOMORPHIC,CLUSTERED,3
Calc-Training_P_00311_RIGHT_CC_1,P_00311,train,0,/home/majd/CBISDDSM_Preprocessed_v2/images/Calc-Training_P_00311_RIGHT_CC_1.png,/home/majd/CBISDDSM_Preprocessed_v2/masks/Calc-Training_P_00311_RIGHT_CC_1_mask.png,BENIGN,CC,1,4,PLEOMORPHIC,SEGMENTAL,3
Calc-Training_P_00312_RIGHT_MLO_1,P_00312,train,0,/home/majd/CBISDDSM_Preprocessed_v2/images/Calc-Training_P_00312_RIGHT_MLO_1.png,/home/majd/CBISDDSM_Preprocessed_v2/masks/Calc-Training_P_00312_RIGHT_MLO_1_mask.png,BENIGN,MLO,1,4,PLEOMORPHIC,CLUSTERED,2
Calc-Training_P_00316_RIGHT_CC_1,P_00316,train,1,/home/majd/CBISDDSM_Preprocessed_v2/images/Calc-Training_P_00316_RIGHT_CC_1.png,/home/majd/CBISDDSM_Preprocessed_v2/masks/Calc-Training_P_00316_RIGHT_CC_1_mask.png,MALIGNANT,CC,1,4,PLEOMORPHIC,SEGMENTAL,3
Calc-Training_P_00318_LEFT_MLO_1,P_00318,train,0,/home/majd/CBISDDSM_Preprocessed_v2/images/Calc-Training_P_00318_LEFT_MLO_1.png,/home/majd/CBISDDSM_Preprocessed_v2/masks/Calc-Training_P_00318_LEFT_MLO_1_mask.png,BENIGN,MLO,1,4,PLEOMORPHIC,CLUSTERED,2
Calc-Training_P_00321_LEFT_CC_1,P_00321,train,1,/home/majd/CBISDDSM_Preprocessed_v2/images/Calc-Training_P_00321_LEFT_CC_1.png,/home/majd/CBISDDSM_Preprocessed_v2/masks/Calc-Training_P_00321_LEFT_CC_1_mask.png,MALIGNANT,CC,1,1,PLEOMORPHIC,CLUSTERED,3
Calc-Training_P_00322_LEFT_CC_1,P_00322,train,0,/home/majd/CBISDDSM_Preprocessed_v2/images/Calc-Training_P_00322_LEFT_CC_1.png,/home/majd/CBISDDSM_Preprocessed_v2/masks/Calc-Training_P_00322_LEFT_CC_1_mask.png,BENIGN,CC,1,2,AMORPHOUS,SEGMENTAL,2
Calc-Training_P_00326_LEFT_MLO_1,P_00326,train,0,/home/majd/CBISDDSM_Preprocessed_v2/images/Calc-Training_P_00326_LEFT_MLO_1.png,/home/majd/CBISDDSM_Preprocessed_v2/masks/Calc-Training_P_00326_LEFT_MLO_1_mask.png,BENIGN,MLO,1,4,PLEOMORPHIC,CLUSTERED,2
Calc-Training_P_00336_LEFT_CC_1,P_00336,train,0,/home/majd/CBISDDSM_Preprocessed_v2/images/Calc-Training_P_00336_LEFT_CC_1.png,/home/majd/CBISDDSM_Preprocessed_v2/masks/Calc-Training_P_00336_LEFT_CC_1_mask.png,BENIGN,CC,1,4,PLEOMORPHIC,CLUSTERED,3
Calc-Training_P_00337_LEFT_CC_1,P_00337,train,0,/home/majd/CBISDDSM_Preprocessed_v2/images/Calc-Training_P_00337_LEFT_CC_1.png,/home/majd/CBISDDSM_Preprocessed_v2/masks/Calc-Training_P_00337_LEFT_CC_1_mask.png,BENIGN,CC,1,4,PLEOMORPHIC,CLUSTERED,2
Calc-Training_P_00339_LEFT_CC_1,P_00339,train,1,/home/majd/CBISDDSM_Preprocessed_v2/images/Calc-Training_P_00339_LEFT_CC_1.png,/home/majd/CBISDDSM_Preprocessed_v2/masks/Calc-Training_P_00339_LEFT_CC_1_mask.png,MALIGNANT,CC,1,2,AMORPHOUS,CLUSTERED,4
Calc-Training_P_00346_RIGHT_CC_1,P_00346,train,0,/home/majd/CBISDDSM_Preprocessed_v2/images/Calc-Training_P_00346_RIGHT_CC_1.png,/home/majd/CBISDDSM_Preprocessed_v2/masks/Calc-Training_P_00346_RIGHT_CC_1_mask.png,BENIGN,CC,1,3,AMORPHOUS-PLEOMORPHIC,CLUSTERED,3
Calc-Training_P_00349_RIGHT_CC_1,P_00349,train,0,/home/majd/CBISDDSM_Preprocessed_v2/images/Calc-Training_P_00349_RIGHT_CC_1.png,/home/majd/CBISDDSM_Preprocessed_v2/masks/Calc-Training_P_00349_RIGHT_CC_1_mask.png,BENIGN,CC,1,2,ROUND_AND_REGULAR,CLUSTERED,3
Calc-Training_P_00355_LEFT_CC_1,P_00355,train,0,/home/majd/CBISDDSM_Preprocessed_v2/images/Calc-Training_P_00355_LEFT_CC_1.png,/home/majd/CBISDDSM_Preprocessed_v2/masks/Calc-Training_P_00355_LEFT_CC_1_mask.png,BENIGN,CC,1,1,PLEOMORPHIC,SEGMENTAL,5
Calc-Training_P_00357_LEFT_CC_1,P_00357,train,0,/home/majd/CBISDDSM_Preprocessed_v2/images/Calc-Training_P_00357_LEFT_CC_1.png,/home/majd/CBISDDSM_Preprocessed_v2/masks/Calc-Training_P_00357_LEFT_CC_1_mask.png,BENIGN,CC,1,3,AMORPHOUS,CLUSTERED,3
Calc-Training_P_00360_RIGHT_CC_1,P_00360,train,0,/home/majd/CBISDDSM_Preprocessed_v2/images/Calc-Training_P_00360_RIGHT_CC_1.png,/home/majd/CBISDDSM_Preprocessed_v2/masks/Calc-Training_P_00360_RIGHT_CC_1_mask.png,BENIGN,CC,1,4,PLEOMORPHIC,LINEAR,3
Calc-Training_P_00364_RIGHT_CC_1,P_00364,train,0,/home/majd/CBISDDSM_Preprocessed_v2/images/Calc-Training_P_00364_RIGHT_CC_1.png,/home/majd/CBISDDSM_Preprocessed_v2/masks/Calc-Training_P_00364_RIGHT_CC_1_mask.png,BENIGN,CC,1,1,PLEOMORPHIC,CLUSTERED,3
Calc-Training_P_00373_LEFT_CC_1,P_00373,train,0,/home/majd/CBISDDSM_Preprocessed_v2/images/Calc-Training_P_00373_LEFT_CC_1.png,/home/majd/CBISDDSM_Preprocessed_v2/masks/Calc-Training_P_00373_LEFT_CC_1_mask.png,BENIGN,CC,1,4,PUNCTATE,CLUSTERED,3
Calc-Training_P_00377_LEFT_CC_1,P_00377,train,0,/home/majd/CBISDDSM_Preprocessed_v2/images/Calc-Training_P_00377_LEFT_CC_1.png,/home/majd/CBISDDSM_Preprocessed_v2/masks/Calc-Training_P_00377_LEFT_CC_1_mask.png,BENIGN,CC,1,4,PLEOMORPHIC,CLUSTERED,4
Calc-Training_P_00377_LEFT_CC_2,P_00377,train,0,/home/majd/CBISDDSM_Preprocessed_v2/images/Calc-Training_P_00377_LEFT_CC_2.png,/home/majd/CBISDDSM_Preprocessed_v2/masks/Calc-Training_P_00377_LEFT_CC_2_mask.png,BENIGN,CC,2,4,PLEOMORPHIC,CLUSTERED,4
Calc-Training_P_00378_LEFT_CC_1,P_00378,train,0,/home/majd/CBISDDSM_Preprocessed_v2/images/Calc-Training_P_00378_LEFT_CC_1.png,/home/majd/CBISDDSM_Preprocessed_v2/masks/Calc-Training_P_00378_LEFT_CC_1_mask.png,BENIGN,CC,1,4,PLEOMORPHIC,CLUSTERED,1
Calc-Training_P_00380_RIGHT_CC_1,P_00380,train,0,/home/majd/CBISDDSM_Preprocessed_v2/images/Calc-Training_P_00380_RIGHT_CC_1.png,/home/majd/CBISDDSM_Preprocessed_v2/masks/Calc-Training_P_00380_RIGHT_CC_1_mask.png,BENIGN,CC,1,2,FINE_LINEAR_BRANCHING,CLUSTERED,4
Calc-Training_P_00385_LEFT_CC_1,P_00385,train,0,/home/majd/CBISDDSM_Preprocessed_v2/images/Calc-Training_P_00385_LEFT_CC_1.png,/home/majd/CBISDDSM_Preprocessed_v2/masks/Calc-Training_P_00385_LEFT_CC_1_mask.png,BENIGN_WITHOUT_CALLBACK,CC,1,2,VASCULAR-COARSE-LUCENT_CENTERED,,5
Calc-Training_P_00385_LEFT_CC_2,P_00385,train,0,/home/majd/CBISDDSM_Preprocessed_v2/images/Calc-Training_P_00385_LEFT_CC_2.png,/home/majd/CBISDDSM_Preprocessed_v2/masks/Calc-Training_P_00385_LEFT_CC_2_mask.png,BENIGN_WITHOUT_CALLBACK,CC,2,2,VASCULAR-COARSE-LUCENT_CENTERED,,5
Calc-Training_P_00385_LEFT_CC_3,P_00385,train,0,/home/majd/CBISDDSM_Preprocessed_v2/images/Calc-Training_P_00385_LEFT_CC_3.png,/home/majd/CBISDDSM_Preprocessed_v2/masks/Calc-Training_P_00385_LEFT_CC_3_mask.png,BENIGN_WITHOUT_CALLBACK,CC,3,2,VASCULAR-COARSE-LUCENT_CENTERED,,5
Calc-Training_P_00385_LEFT_CC_4,P_00385,train,0,/home/majd/CBISDDSM_Preprocessed_v2/images/Calc-Training_P_00385_LEFT_CC_4.png,/home/majd/CBISDDSM_Preprocessed_v2/masks/Calc-Training_P_00385_LEFT_CC_4_mask.png,BENIGN_WITHOUT_CALLBACK,CC,4,2,VASCULAR-COARSE-LUCENT_CENTERED,,5
Calc-Training_P_00385_RIGHT_CC_2,P_00385,train,0,/home/majd/CBISDDSM_Preprocessed_v2/images/Calc-Training_P_00385_RIGHT_CC_2.png,/home/majd/CBISDDSM_Preprocessed_v2/masks/Calc-Training_P_00385_RIGHT_CC_2_mask.png,BENIGN_WITHOUT_CALLBACK,CC,2,2,ROUND_AND_REGULAR,,4
Calc-Training_P_00385_RIGHT_CC_3,P_00385,train,0,/home/majd/CBISDDSM_Preprocessed_v2/images/Calc-Training_P_00385_RIGHT_CC_3.png,/home/majd/CBISDDSM_Preprocessed_v2/masks/Calc-Training_P_00385_RIGHT_CC_3_mask.png,BENIGN_WITHOUT_CALLBACK,CC,3,2,VASCULAR,,4
Calc-Training_P_00392_LEFT_CC_1,P_00392,train,1,/home/majd/CBISDDSM_Preprocessed_v2/images/Calc-Training_P_00392_LEFT_CC_1.png,/home/majd/CBISDDSM_Preprocessed_v2/masks/Calc-Training_P_00392_LEFT_CC_1_mask.png,MALIGNANT,CC,1,3,PLEOMORPHIC,LINEAR,2
Calc-Training_P_00393_LEFT_MLO_1,P_00393,train,0,/home/majd/CBISDDSM_Preprocessed_v2/images/Calc-Training_P_00393_LEFT_MLO_1.png,/home/majd/CBISDDSM_Preprocessed_v2/masks/Calc-Training_P_00393_LEFT_MLO_1_mask.png,BENIGN,MLO,1,2,PUNCTATE,SEGMENTAL,3
Calc-Training_P_00394_LEFT_MLO_1,P_00394,train,0,/home/majd/CBISDDSM_Preprocessed_v2/images/Calc-Training_P_00394_LEFT_MLO_1.png,/home/majd/CBISDDSM_Preprocessed_v2/masks/Calc-Training_P_00394_LEFT_MLO_1_mask.png,BENIGN_WITHOUT_CALLBACK,MLO,1,2,LUCENT_CENTER,,5
Calc-Training_P_00394_LEFT_MLO_2,P_00394,train,0,/home/majd/CBISDDSM_Preprocessed_v2/images/Calc-Training_P_00394_LEFT_MLO_2.png,/home/majd/CBISDDSM_Preprocessed_v2/masks/Calc-Training_P_00394_LEFT_MLO_2_mask.png,BENIGN_WITHOUT_CALLBACK,MLO,2,2,LUCENT_CENTER,,5
Calc-Training_P_00395_RIGHT_CC_1,P_00395,train,0,/home/majd/CBISDDSM_Preprocessed_v2/images/Calc-Training_P_00395_RIGHT_CC_1.png,/home/majd/CBISDDSM_Preprocessed_v2/masks/Calc-Training_P_00395_RIGHT_CC_1_mask.png,BENIGN,CC,1,1,PLEOMORPHIC,CLUSTERED,5
Calc-Training_P_00395_RIGHT_CC_2,P_00395,train,0,/home/majd/CBISDDSM_Preprocessed_v2/images/Calc-Training_P_00395_RIGHT_CC_2.png,/home/majd/CBISDDSM_Preprocessed_v2/masks/Calc-Training_P_00395_RIGHT_CC_2_mask.png,BENIGN,CC,2,1,PUNCTATE,CLUSTERED,5
Calc-Training_P_00395_RIGHT_CC_3,P_00395,train,0,/home/majd/CBISDDSM_Preprocessed_v2/images/Calc-Training_P_00395_RIGHT_CC_3.png,/home/majd/CBISDDSM_Preprocessed_v2/masks/Calc-Training_P_00395_RIGHT_CC_3_mask.png,BENIGN,CC,3,1,FINE_LINEAR_BRANCHING,CLUSTERED,5
Calc-Training_P_00398_LEFT_CC_1,P_00398,train,0,/home/majd/CBISDDSM_Preprocessed_v2/images/Calc-Training_P_00398_LEFT_CC_1.png,/home/majd/CBISDDSM_Preprocessed_v2/masks/Calc-Training_P_00398_LEFT_CC_1_mask.png,BENIGN,CC,1,3,PUNCTATE,CLUSTERED,2
Calc-Training_P_00400_RIGHT_CC_1,P_00400,train,0,/home/majd/CBISDDSM_Preprocessed_v2/images/Calc-Training_P_00400_RIGHT_CC_1.png,/home/majd/CBISDDSM_Preprocessed_v2/masks/Calc-Training_P_00400_RIGHT_CC_1_mask.png,BENIGN,CC,1,4,AMORPHOUS,CLUSTERED,3
Calc-Training_P_00404_RIGHT_MLO_1,P_00404,train,1,/home/majd/CBISDDSM_Preprocessed_v2/images/Calc-Training_P_00404_RIGHT_MLO_1.png,/home/majd/CBISDDSM_Preprocessed_v2/masks/Calc-Training_P_00404_RIGHT_MLO_1_mask.png,MALIGNANT,MLO,1,2,ROUND_AND_REGULAR,CLUSTERED,4
Calc-Training_P_00410_RIGHT_CC_1,P_00410,train,1,/home/majd/CBISDDSM_Preprocessed_v2/images/Calc-Training_P_00410_RIGHT_CC_1.png,/home/majd/CBISDDSM_Preprocessed_v2/masks/Calc-Training_P_00410_RIGHT_CC_1_mask.png,MALIGNANT,CC,1,3,PLEOMORPHIC,LINEAR,2
Calc-Training_P_00418_LEFT_CC_1,P_00418,train,1,/home/majd/CBISDDSM_Preprocessed_v2/images/Calc-Training_P_00418_LEFT_CC_1.png,/home/majd/CBISDDSM_Preprocessed_v2/masks/Calc-Training_P_00418_LEFT_CC_1_mask.png,MALIGNANT,CC,1,3,PLEOMORPHIC,CLUSTERED,2
Calc-Training_P_00418_RIGHT_CC_1,P_00418,train,0,/home/majd/CBISDDSM_Preprocessed_v2/images/Calc-Training_P_00418_RIGHT_CC_1.png,/home/majd/CBISDDSM_Preprocessed_v2/masks/Calc-Training_P_00418_RIGHT_CC_1_mask.png,BENIGN_WITHOUT_CALLBACK,CC,1,3,COARSE-ROUND_AND_REGULAR,,4
Calc-Training_P_00422_LEFT_CC_1,P_00422,train,1,/home/majd/CBISDDSM_Preprocessed_v2/images/Calc-Training_P_00422_LEFT_CC_1.png,/home/majd/CBISDDSM_Preprocessed_v2/masks/Calc-Training_P_00422_LEFT_CC_1_mask.png,MALIGNANT,CC,1,3,PLEOMORPHIC,CLUSTERED,2
Calc-Training_P_00425_RIGHT_CC_1,P_00425,train,0,/home/majd/CBISDDSM_Preprocessed_v2/images/Calc-Training_P_00425_RIGHT_CC_1.png,/home/majd/CBISDDSM_Preprocessed_v2/masks/Calc-Training_P_00425_RIGHT_CC_1_mask.png,BENIGN,CC,1,1,COARSE-PLEOMORPHIC,CLUSTERED,5
Calc-Training_P_00432_RIGHT_CC_1,P_00432,train,0,/home/majd/CBISDDSM_Preprocessed_v2/images/Calc-Training_P_00432_RIGHT_CC_1.png,/home/majd/CBISDDSM_Preprocessed_v2/masks/Calc-Training_P_00432_RIGHT_CC_1_mask.png,BENIGN_WITHOUT_CALLBACK,CC,1,1,VASCULAR,,3
Calc-Training_P_00432_RIGHT_CC_2,P_00432,train,0,/home/majd/CBISDDSM_Preprocessed_v2/images/Calc-Training_P_00432_RIGHT_CC_2.png,/home/majd/CBISDDSM_Preprocessed_v2/masks/Calc-Training_P_00432_RIGHT_CC_2_mask.png,BENIGN_WITHOUT_CALLBACK,CC,2,1,COARSE,,3
Calc-Training_P_00438_LEFT_CC_1,P_00438,train,1,/home/majd/CBISDDSM_Preprocessed_v2/images/Calc-Training_P_00438_LEFT_CC_1.png,/home/majd/CBISDDSM_Preprocessed_v2/masks/Calc-Training_P_00438_LEFT_CC_1_mask.png,MALIGNANT,CC,1,4,PLEOMORPHIC,REGIONAL,2
Calc-Training_P_00443_RIGHT_MLO_1,P_00443,train,1,/home/majd/CBISDDSM_Preprocessed_v2/images/Calc-Training_P_00443_RIGHT_MLO_1.png,/home/majd/CBISDDSM_Preprocessed_v2/masks/Calc-Training_P_00443_RIGHT_MLO_1_mask.png,MALIGNANT,MLO,1,2,FINE_LINEAR_BRANCHING,LINEAR,4
Calc-Training_P_00445_LEFT_MLO_1,P_00445,train,1,/home/majd/CBISDDSM_Preprocessed_v2/images/Calc-Training_P_00445_LEFT_MLO_1.png,/home/majd/CBISDDSM_Preprocessed_v2/masks/Calc-Training_P_00445_LEFT_MLO_1_mask.png,MALIGNANT,MLO,1,2,FINE_LINEAR_BRANCHING,SEGMENTAL,5
Calc-Training_P_00447_RIGHT_CC_1,P_00447,train,0,/home/majd/CBISDDSM_Preprocessed_v2/images/Calc-Training_P_00447_RIGHT_CC_1.png,/home/majd/CBISDDSM_Preprocessed_v2/masks/Calc-Training_P_00447_RIGHT_CC_1_mask.png,BENIGN,CC,1,3,AMORPHOUS,CLUSTERED,2
Calc-Training_P_00448_LEFT_CC_1,P_00448,train,0,/home/majd/CBISDDSM_Preprocessed_v2/images/Calc-Training_P_00448_LEFT_CC_1.png,/home/majd/CBISDDSM_Preprocessed_v2/masks/Calc-Training_P_00448_LEFT_CC_1_mask.png,BENIGN,CC,1,3,PLEOMORPHIC,CLUSTERED,2
Calc-Training_P_00452_LEFT_CC_1,P_00452,train,0,/home/majd/CBISDDSM_Preprocessed_v2/images/Calc-Training_P_00452_LEFT_CC_1.png,/home/majd/CBISDDSM_Preprocessed_v2/masks/Calc-Training_P_00452_LEFT_CC_1_mask.png,BENIGN_WITHOUT_CALLBACK,CC,1,2,VASCULAR,,3
Calc-Training_P_00452_LEFT_MLO_2,P_00452,train,0,/home/majd/CBISDDSM_Preprocessed_v2/images/Calc-Training_P_00452_LEFT_MLO_2.png,/home/majd/CBISDDSM_Preprocessed_v2/masks/Calc-Training_P_00452_LEFT_MLO_2_mask.png,BENIGN_WITHOUT_CALLBACK,MLO,2,2,VASCULAR,,3
Calc-Training_P_00452_RIGHT_CC_1,P_00452,train,0,/home/majd/CBISDDSM_Preprocessed_v2/images/Calc-Training_P_00452_RIGHT_CC_1.png,/home/majd/CBISDDSM_Preprocessed_v2/masks/Calc-Training_P_00452_RIGHT_CC_1_mask.png,BENIGN_WITHOUT_CALLBACK,CC,1,2,VASCULAR,,3
Calc-Training_P_00452_RIGHT_CC_2,P_00452,train,0,/home/majd/CBISDDSM_Preprocessed_v2/images/Calc-Training_P_00452_RIGHT_CC_2.png,/home/majd/CBISDDSM_Preprocessed_v2/masks/Calc-Training_P_00452_RIGHT_CC_2_mask.png,BENIGN_WITHOUT_CALLBACK,CC,2,2,VASCULAR,,3
Calc-Training_P_00452_RIGHT_MLO_3,P_00452,train,0,/home/majd/CBISDDSM_Preprocessed_v2/images/Calc-Training_P_00452_RIGHT_MLO_3.png,/home/majd/CBISDDSM_Preprocessed_v2/masks/Calc-Training_P_00452_RIGHT_MLO_3_mask.png,BENIGN_WITHOUT_CALLBACK,MLO,3,2,VASCULAR,,3
Calc-Training_P_00455_LEFT_CC_1,P_00455,train,0,/home/majd/CBISDDSM_Preprocessed_v2/images/Calc-Training_P_00455_LEFT_CC_1.png,/home/majd/CBISDDSM_Preprocessed_v2/masks/Calc-Training_P_00455_LEFT_CC_1_mask.png,BENIGN_WITHOUT_CALLBACK,CC,1,1,LUCENT_CENTERED,,3
Calc-Training_P_00455_LEFT_CC_2,P_00455,train,0,/home/majd/CBISDDSM_Preprocessed_v2/images/Calc-Training_P_00455_LEFT_CC_2.png,/home/majd/CBISDDSM_Preprocessed_v2/masks/Calc-Training_P_00455_LEFT_CC_2_mask.png,BENIGN_WITHOUT_CALLBACK,CC,2,1,LUCENT_CENTERED,,3
Calc-Training_P_00455_LEFT_CC_3,P_00455,train,0,/home/majd/CBISDDSM_Preprocessed_v2/images/Calc-Training_P_00455_LEFT_CC_3.png,/home/majd/CBISDDSM_Preprocessed_v2/masks/Calc-Training_P_00455_LEFT_CC_3_mask.png,BENIGN_WITHOUT_CALLBACK,CC,3,1,LUCENT_CENTERED,,3
Calc-Training_P_00455_LEFT_CC_4,P_00455,train,0,/home/majd/CBISDDSM_Preprocessed_v2/images/Calc-Training_P_00455_LEFT_CC_4.png,/home/majd/CBISDDSM_Preprocessed_v2/masks/Calc-Training_P_00455_LEFT_CC_4_mask.png,BENIGN_WITHOUT_CALLBACK,CC,4,1,LUCENT_CENTERED,,3
Calc-Training_P_00456_RIGHT_CC_1,P_00456,train,0,/home/majd/CBISDDSM_Preprocessed_v2/images/Calc-Training_P_00456_RIGHT_CC_1.png,/home/majd/CBISDDSM_Preprocessed_v2/masks/Calc-Training_P_00456_RIGHT_CC_1_mask.png,BENIGN,CC,1,3,COARSE,CLUSTERED,5
Calc-Training_P_00458_LEFT_CC_1,P_00458,train,0,/home/majd/CBISDDSM_Preprocessed_v2/images/Calc-Training_P_00458_LEFT_CC_1.png,/home/majd/CBISDDSM_Preprocessed_v2/masks/Calc-Training_P_00458_LEFT_CC_1_mask.png,BENIGN,CC,1,3,PLEOMORPHIC,CLUSTERED,1
Calc-Training_P_00467_LEFT_CC_1,P_00467,train,0,/home/majd/CBISDDSM_Preprocessed_v2/images/Calc-Training_P_00467_LEFT_CC_1.png,/home/majd/CBISDDSM_Preprocessed_v2/masks/Calc-Training_P_00467_LEFT_CC_1_mask.png,BENIGN_WITHOUT_CALLBACK,CC,1,3,COARSE,,3
Calc-Training_P_00467_RIGHT_CC_1,P_00467,train,1,/home/majd/CBISDDSM_Preprocessed_v2/images/Calc-Training_P_00467_RIGHT_CC_1.png,/home/majd/CBISDDSM_Preprocessed_v2/masks/Calc-Training_P_00467_RIGHT_CC_1_mask.png,MALIGNANT,CC,1,3,PLEOMORPHIC,CLUSTERED,3
Calc-Training_P_00469_LEFT_CC_1,P_00469,train,0,/home/majd/CBISDDSM_Preprocessed_v2/images/Calc-Training_P_00469_LEFT_CC_1.png,/home/majd/CBISDDSM_Preprocessed_v2/masks/Calc-Training_P_00469_LEFT_CC_1_mask.png,BENIGN,CC,1,3,PLEOMORPHIC,CLUSTERED,2
Calc-Training_P_00471_LEFT_CC_1,P_00471,train,0,/home/majd/CBISDDSM_Preprocessed_v2/images/Calc-Training_P_00471_LEFT_CC_1.png,/home/majd/CBISDDSM_Preprocessed_v2/masks/Calc-Training_P_00471_LEFT_CC_1_mask.png,BENIGN_WITHOUT_CALLBACK,CC,1,3,VASCULAR-COARSE,,3
Calc-Training_P_00471_LEFT_CC_2,P_00471,train,0,/home/majd/CBISDDSM_Preprocessed_v2/images/Calc-Training_P_00471_LEFT_CC_2.png,/home/majd/CBISDDSM_Preprocessed_v2/masks/Calc-Training_P_00471_LEFT_CC_2_mask.png,BENIGN_WITHOUT_CALLBACK,CC,2,3,VASCULAR-COARSE,,3
Calc-Training_P_00471_LEFT_CC_3,P_00471,train,0,/home/majd/CBISDDSM_Preprocessed_v2/images/Calc-Training_P_00471_LEFT_CC_3.png,/home/majd/CBISDDSM_Preprocessed_v2/masks/Calc-Training_P_00471_LEFT_CC_3_mask.png,BENIGN_WITHOUT_CALLBACK,CC,3,3,VASCULAR-COARSE,,3
Calc-Training_P_00473_LEFT_CC_1,P_00473,train,1,/home/majd/CBISDDSM_Preprocessed_v2/images/Calc-Training_P_00473_LEFT_CC_1.png,/home/majd/CBISDDSM_Preprocessed_v2/masks/Calc-Training_P_00473_LEFT_CC_1_mask.png,MALIGNANT,CC,1,4,PLEOMORPHIC,SEGMENTAL,1
Calc-Training_P_00474_LEFT_CC_1,P_00474,train,1,/home/majd/CBISDDSM_Preprocessed_v2/images/Calc-Training_P_00474_LEFT_CC_1.png,/home/majd/CBISDDSM_Preprocessed_v2/masks/Calc-Training_P_00474_LEFT_CC_1_mask.png,MALIGNANT,CC,1,4,PLEOMORPHIC,REGIONAL,5
Calc-Training_P_00476_LEFT_CC_1,P_00476,train,0,/home/majd/CBISDDSM_Preprocessed_v2/images/Calc-Training_P_00476_LEFT_CC_1.png,/home/majd/CBISDDSM_Preprocessed_v2/masks/Calc-Training_P_00476_LEFT_CC_1_mask.png,BENIGN_WITHOUT_CALLBACK,CC,1,2,ROUND_AND_REGULAR,,4
Calc-Training_P_00476_RIGHT_CC_1,P_00476,train,0,/home/majd/CBISDDSM_Preprocessed_v2/images/Calc-Training_P_00476_RIGHT_CC_1.png,/home/majd/CBISDDSM_Preprocessed_v2/masks/Calc-Training_P_00476_RIGHT_CC_1_mask.png,BENIGN_WITHOUT_CALLBACK,CC,1,2,LUCENT_CENTER,,3
Calc-Training_P_00476_RIGHT_CC_2,P_00476,train,0,/home/majd/CBISDDSM_Preprocessed_v2/images/Calc-Training_P_00476_RIGHT_CC_2.png,/home/majd/CBISDDSM_Preprocessed_v2/masks/Calc-Training_P_00476_RIGHT_CC_2_mask.png,BENIGN_WITHOUT_CALLBACK,CC,2,2,LUCENT_CENTER,,3
Calc-Training_P_00476_RIGHT_CC_3,P_00476,train,0,/home/majd/CBISDDSM_Preprocessed_v2/images/Calc-Training_P_00476_RIGHT_CC_3.png,/home/majd/CBISDDSM_Preprocessed_v2/masks/Calc-Training_P_00476_RIGHT_CC_3_mask.png,BENIGN_WITHOUT_CALLBACK,CC,3,2,LUCENT_CENTER,,3
Calc-Training_P_00479_LEFT_CC_1,P_00479,train,1,/home/majd/CBISDDSM_Preprocessed_v2/images/Calc-Training_P_00479_LEFT_CC_1.png,/home/majd/CBISDDSM_Preprocessed_v2/masks/Calc-Training_P_00479_LEFT_CC_1_mask.png,MALIGNANT,CC,1,3,PLEOMORPHIC-FINE_LINEAR_BRANCHING,CLUSTERED-LINEAR,4
Calc-Training_P_00480_LEFT_CC_1,P_00480,train,0,/home/majd/CBISDDSM_Preprocessed_v2/images/Calc-Training_P_00480_LEFT_CC_1.png,/home/majd/CBISDDSM_Preprocessed_v2/masks/Calc-Training_P_00480_LEFT_CC_1_mask.png,BENIGN_WITHOUT_CALLBACK,CC,1,2,VASCULAR,,5
Calc-Training_P_00480_RIGHT_CC_1,P_00480,train,0,/home/majd/CBISDDSM_Preprocessed_v2/images/Calc-Training_P_00480_RIGHT_CC_1.png,/home/majd/CBISDDSM_Preprocessed_v2/masks/Calc-Training_P_00480_RIGHT_CC_1_mask.png,BENIGN_WITHOUT_CALLBACK,CC,1,2,VASCULAR,,5
Calc-Training_P_00480_RIGHT_CC_2,P_00480,train,0,/home/majd/CBISDDSM_Preprocessed_v2/images/Calc-Training_P_00480_RIGHT_CC_2.png,/home/majd/CBISDDSM_Preprocessed_v2/masks/Calc-Training_P_00480_RIGHT_CC_2_mask.png,BENIGN_WITHOUT_CALLBACK,CC,2,2,VASCULAR,,5
Calc-Training_P_00480_RIGHT_CC_3,P_00480,train,0,/home/majd/CBISDDSM_Preprocessed_v2/images/Calc-Training_P_00480_RIGHT_CC_3.png,/home/majd/CBISDDSM_Preprocessed_v2/masks/Calc-Training_P_00480_RIGHT_CC_3_mask.png,BENIGN_WITHOUT_CALLBACK,CC,3,2,VASCULAR,,5
Calc-Training_P_00484_LEFT_CC_1,P_00484,train,1,/home/majd/CBISDDSM_Preprocessed_v2/images/Calc-Training_P_00484_LEFT_CC_1.png,/home/majd/CBISDDSM_Preprocessed_v2/masks/Calc-Training_P_00484_LEFT_CC_1_mask.png,MALIGNANT,CC,1,2,PLEOMORPHIC,SEGMENTAL,3
Calc-Training_P_00486_RIGHT_CC_1,P_00486,train,0,/home/majd/CBISDDSM_Preprocessed_v2/images/Calc-Training_P_00486_RIGHT_CC_1.png,/home/majd/CBISDDSM_Preprocessed_v2/masks/Calc-Training_P_00486_RIGHT_CC_1_mask.png,BENIGN,CC,1,1,AMORPHOUS,REGIONAL,2
Calc-Training_P_00491_LEFT_MLO_1,P_00491,train,0,/home/majd/CBISDDSM_Preprocessed_v2/images/Calc-Training_P_00491_LEFT_MLO_1.png,/home/majd/CBISDDSM_Preprocessed_v2/masks/Calc-Training_P_00491_LEFT_MLO_1_mask.png,BENIGN,MLO,1,3,PLEOMORPHIC,CLUSTERED,5
Calc-Training_P_00502_LEFT_CC_1,P_00502,train,1,/home/majd/CBISDDSM_Preprocessed_v2/images/Calc-Training_P_00502_LEFT_CC_1.png,/home/majd/CBISDDSM_Preprocessed_v2/masks/Calc-Training_P_00502_LEFT_CC_1_mask.png,MALIGNANT,CC,1,4,PLEOMORPHIC,LINEAR,1
Calc-Training_P_00503_RIGHT_CC_1,P_00503,train,0,/home/majd/CBISDDSM_Preprocessed_v2/images/Calc-Training_P_00503_RIGHT_CC_1.png,/home/majd/CBISDDSM_Preprocessed_v2/masks/Calc-Training_P_00503_RIGHT_CC_1_mask.png,BENIGN,CC,1,4,PLEOMORPHIC,CLUSTERED,3
Calc-Training_P_00505_LEFT_CC_1,P_00505,train,0,/home/majd/CBISDDSM_Preprocessed_v2/images/Calc-Training_P_00505_LEFT_CC_1.png,/home/majd/CBISDDSM_Preprocessed_v2/masks/Calc-Training_P_00505_LEFT_CC_1_mask.png,BENIGN_WITHOUT_CALLBACK,CC,1,1,LUCENT_CENTER,,3
Calc-Training_P_00505_LEFT_MLO_2,P_00505,train,0,/home/majd/CBISDDSM_Preprocessed_v2/images/Calc-Training_P_00505_LEFT_MLO_2.png,/home/majd/CBISDDSM_Preprocessed_v2/masks/Calc-Training_P_00505_LEFT_MLO_2_mask.png,BENIGN_WITHOUT_CALLBACK,MLO,2,1,LUCENT_CENTER,,3
Calc-Training_P_00505_RIGHT_CC_1,P_00505,train,0,/home/majd/CBISDDSM_Preprocessed_v2/images/Calc-Training_P_00505_RIGHT_CC_1.png,/home/majd/CBISDDSM_Preprocessed_v2/masks/Calc-Training_P_00505_RIGHT_CC_1_mask.png,BENIGN_WITHOUT_CALLBACK,CC,1,1,LUCENT_CENTER,,3
Calc-Training_P_00505_RIGHT_CC_2,P_00505,train,0,/home/majd/CBISDDSM_Preprocessed_v2/images/Calc-Training_P_00505_RIGHT_CC_2.png,/home/majd/CBISDDSM_Preprocessed_v2/masks/Calc-Training_P_00505_RIGHT_CC_2_mask.png,BENIGN_WITHOUT_CALLBACK,CC,2,1,LUCENT_CENTER,,3
Calc-Training_P_00506_RIGHT_CC_1,P_00506,train,0,/home/majd/CBISDDSM_Preprocessed_v2/images/Calc-Training_P_00506_RIGHT_CC_1.png,/home/majd/CBISDDSM_Preprocessed_v2/masks/Calc-Training_P_00506_RIGHT_CC_1_mask.png,BENIGN_WITHOUT_CALLBACK,CC,1,2,LUCENT_CENTER,,4
Calc-Training_P_00508_LEFT_CC_1,P_00508,train,0,/home/majd/CBISDDSM_Preprocessed_v2/images/Calc-Training_P_00508_LEFT_CC_1.png,/home/majd/CBISDDSM_Preprocessed_v2/masks/Calc-Training_P_00508_LEFT_CC_1_mask.png,BENIGN,CC,1,3,PLEOMORPHIC,SEGMENTAL,2
Calc-Training_P_00510_LEFT_CC_1,P_00510,train,0,/home/majd/CBISDDSM_Preprocessed_v2/images/Calc-Training_P_00510_LEFT_CC_1.png,/home/majd/CBISDDSM_Preprocessed_v2/masks/Calc-Training_P_00510_LEFT_CC_1_mask.png,BENIGN_WITHOUT_CALLBACK,CC,1,2,ROUND_AND_REGULAR-PUNCTATE,,4
Calc-Training_P_00510_LEFT_CC_2,P_00510,train,0,/home/majd/CBISDDSM_Preprocessed_v2/images/Calc-Training_P_00510_LEFT_CC_2.png,/home/majd/CBISDDSM_Preprocessed_v2/masks/Calc-Training_P_00510_LEFT_CC_2_mask.png,BENIGN_WITHOUT_CALLBACK,CC,2,2,ROUND_AND_REGULAR-PUNCTATE,,4
Calc-Training_P_00510_LEFT_CC_3,P_00510,train,0,/home/majd/CBISDDSM_Preprocessed_v2/images/Calc-Training_P_00510_LEFT_CC_3.png,/home/majd/CBISDDSM_Preprocessed_v2/masks/Calc-Training_P_00510_LEFT_CC_3_mask.png,BENIGN_WITHOUT_CALLBACK,CC,3,2,ROUND_AND_REGULAR-PUNCTATE,,4
Calc-Training_P_00510_LEFT_CC_5,P_00510,train,0,/home/majd/CBISDDSM_Preprocessed_v2/images/Calc-Training_P_00510_LEFT_CC_5.png,/home/majd/CBISDDSM_Preprocessed_v2/masks/Calc-Training_P_00510_LEFT_CC_5_mask.png,BENIGN_WITHOUT_CALLBACK,CC,5,2,VASCULAR,,4
Calc-Training_P_00510_RIGHT_CC_1,P_00510,train,0,/home/majd/CBISDDSM_Preprocessed_v2/images/Calc-Training_P_00510_RIGHT_CC_1.png,/home/majd/CBISDDSM_Preprocessed_v2/masks/Calc-Training_P_00510_RIGHT_CC_1_mask.png,BENIGN_WITHOUT_CALLBACK,CC,1,2,ROUND_AND_REGULAR-LUCENT_CENTER,,4
Calc-Training_P_00510_RIGHT_CC_2,P_00510,train,0,/home/majd/CBISDDSM_Preprocessed_v2/images/Calc-Training_P_00510_RIGHT_CC_2.png,/home/majd/CBISDDSM_Preprocessed_v2/masks/Calc-Training_P_00510_RIGHT_CC_2_mask.png,BENIGN_WITHOUT_CALLBACK,CC,2,2,ROUND_AND_REGULAR-LUCENT_CENTER,,4
Calc-Training_P_00510_RIGHT_CC_3,P_00510,train,0,/home/majd/CBISDDSM_Preprocessed_v2/images/Calc-Training_P_00510_RIGHT_CC_3.png,/home/majd/CBISDDSM_Preprocessed_v2/masks/Calc-Training_P_00510_RIGHT_CC_3_mask.png,BENIGN_WITHOUT_CALLBACK,CC,3,2,VASCULAR,,4
Calc-Training_P_00519_LEFT_CC_1,P_00519,train,0,/home/majd/CBISDDSM_Preprocessed_v2/images/Calc-Training_P_00519_LEFT_CC_1.png,/home/majd/CBISDDSM_Preprocessed_v2/masks/Calc-Training_P_00519_LEFT_CC_1_mask.png,BENIGN_WITHOUT_CALLBACK,CC,1,3,COARSE,,5
Calc-Training_P_00520_LEFT_CC_1,P_00520,train,0,/home/majd/CBISDDSM_Preprocessed_v2/images/Calc-Training_P_00520_LEFT_CC_1.png,/home/majd/CBISDDSM_Preprocessed_v2/masks/Calc-Training_P_00520_LEFT_CC_1_mask.png,BENIGN,CC,1,2,PLEOMORPHIC,CLUSTERED,2
Calc-Training_P_00522_RIGHT_CC_1,P_00522,train,0,/home/majd/CBISDDSM_Preprocessed_v2/images/Calc-Training_P_00522_RIGHT_CC_1.png,/home/majd/CBISDDSM_Preprocessed_v2/masks/Calc-Training_P_00522_RIGHT_CC_1_mask.png,BENIGN,CC,1,2,PLEOMORPHIC,CLUSTERED,2
Calc-Training_P_00522_RIGHT_MLO_2,P_00522,train,0,/home/majd/CBISDDSM_Preprocessed_v2/images/Calc-Training_P_00522_RIGHT_MLO_2.png,/home/majd/CBISDDSM_Preprocessed_v2/masks/Calc-Training_P_00522_RIGHT_MLO_2_mask.png,BENIGN,MLO,2,2,PLEOMORPHIC,CLUSTERED,2
Calc-Training_P_00523_RIGHT_CC_1,P_00523,train,1,/home/majd/CBISDDSM_Preprocessed_v2/images/Calc-Training_P_00523_RIGHT_CC_1.png,/home/majd/CBISDDSM_Preprocessed_v2/masks/Calc-Training_P_00523_RIGHT_CC_1_mask.png,MALIGNANT,CC,1,2,PLEOMORPHIC,CLUSTERED,4
Calc-Training_P_00527_RIGHT_MLO_1,P_00527,train,1,/home/majd/CBISDDSM_Preprocessed_v2/images/Calc-Training_P_00527_RIGHT_MLO_1.png,/home/majd/CBISDDSM_Preprocessed_v2/masks/Calc-Training_P_00527_RIGHT_MLO_1_mask.png,MALIGNANT,MLO,1,3,PLEOMORPHIC,CLUSTERED,5
Calc-Training_P_00529_LEFT_MLO_1,P_00529,train,0,/home/majd/CBISDDSM_Preprocessed_v2/images/Calc-Training_P_00529_LEFT_MLO_1.png,/home/majd/CBISDDSM_Preprocessed_v2/masks/Calc-Training_P_00529_LEFT_MLO_1_mask.png,BENIGN_WITHOUT_CALLBACK,MLO,1,3,LUCENT_CENTER,,3
Calc-Training_P_00529_RIGHT_CC_1,P_00529,train,0,/home/majd/CBISDDSM_Preprocessed_v2/images/Calc-Training_P_00529_RIGHT_CC_1.png,/home/majd/CBISDDSM_Preprocessed_v2/masks/Calc-Training_P_00529_RIGHT_CC_1_mask.png,BENIGN_WITHOUT_CALLBACK,CC,1,3,ROUND_AND_REGULAR-LUCENT_CENTER,,3
Calc-Training_P_00529_RIGHT_CC_2,P_00529,train,0,/home/majd/CBISDDSM_Preprocessed_v2/images/Calc-Training_P_00529_RIGHT_CC_2.png,/home/majd/CBISDDSM_Preprocessed_v2/masks/Calc-Training_P_00529_RIGHT_CC_2_mask.png,BENIGN_WITHOUT_CALLBACK,CC,2,3,ROUND_AND_REGULAR-LUCENT_CENTER,,3
Calc-Training_P_00530_LEFT_CC_1,P_00530,train,1,/home/majd/CBISDDSM_Preprocessed_v2/images/Calc-Training_P_00530_LEFT_CC_1.png,/home/majd/CBISDDSM_Preprocessed_v2/masks/Calc-Training_P_00530_LEFT_CC_1_mask.png,MALIGNANT,CC,1,2,PLEOMORPHIC,LINEAR,1
Calc-Training_P_00531_RIGHT_CC_1,P_00531,train,0,/home/majd/CBISDDSM_Preprocessed_v2/images/Calc-Training_P_00531_RIGHT_CC_1.png,/home/majd/CBISDDSM_Preprocessed_v2/masks/Calc-Training_P_00531_RIGHT_CC_1_mask.png,BENIGN,CC,1,2,PLEOMORPHIC,CLUSTERED,2
Calc-Training_P_00534_RIGHT_CC_1,P_00534,train,1,/home/majd/CBISDDSM_Preprocessed_v2/images/Calc-Training_P_00534_RIGHT_CC_1.png,/home/majd/CBISDDSM_Preprocessed_v2/masks/Calc-Training_P_00534_RIGHT_CC_1_mask.png,MALIGNANT,CC,1,3,AMORPHOUS,CLUSTERED,5
Calc-Training_P_00538_RIGHT_CC_1,P_00538,train,0,/home/majd/CBISDDSM_Preprocessed_v2/images/Calc-Training_P_00538_RIGHT_CC_1.png,/home/majd/CBISDDSM_Preprocessed_v2/masks/Calc-Training_P_00538_RIGHT_CC_1_mask.png,BENIGN_WITHOUT_CALLBACK,CC,1,3,COARSE,,3
Calc-Training_P_00538_RIGHT_CC_2,P_00538,train,0,/home/majd/CBISDDSM_Preprocessed_v2/images/Calc-Training_P_00538_RIGHT_CC_2.png,/home/majd/CBISDDSM_Preprocessed_v2/masks/Calc-Training_P_00538_RIGHT_CC_2_mask.png,BENIGN_WITHOUT_CALLBACK,CC,2,3,LUCENT_CENTER,,3
Calc-Training_P_00539_RIGHT_CC_2,P_00539,train,1,/home/majd/CBISDDSM_Preprocessed_v2/images/Calc-Training_P_00539_RIGHT_CC_2.png,/home/majd/CBISDDSM_Preprocessed_v2/masks/Calc-Training_P_00539_RIGHT_CC_2_mask.png,MALIGNANT,CC,2,3,PLEOMORPHIC,CLUSTERED,3
Calc-Training_P_00539_RIGHT_CC_3,P_00539,train,1,/home/majd/CBISDDSM_Preprocessed_v2/images/Calc-Training_P_00539_RIGHT_CC_3.png,/home/majd/CBISDDSM_Preprocessed_v2/masks/Calc-Training_P_00539_RIGHT_CC_3_mask.png,MALIGNANT,CC,3,3,PLEOMORPHIC,CLUSTERED,3
Calc-Training_P_00539_RIGHT_CC_4,P_00539,train,1,/home/majd/CBISDDSM_Preprocessed_v2/images/Calc-Training_P_00539_RIGHT_CC_4.png,/home/majd/CBISDDSM_Preprocessed_v2/masks/Calc-Training_P_00539_RIGHT_CC_4_mask.png,MALIGNANT,CC,4,3,PLEOMORPHIC,CLUSTERED,3
Calc-Training_P_00546_RIGHT_MLO_1,P_00546,train,1,/home/majd/CBISDDSM_Preprocessed_v2/images/Calc-Training_P_00546_RIGHT_MLO_1.png,/home/majd/CBISDDSM_Preprocessed_v2/masks/Calc-Training_P_00546_RIGHT_MLO_1_mask.png,MALIGNANT,MLO,1,3,PUNCTATE-PLEOMORPHIC,CLUSTERED,4
Calc-Training_P_00548_LEFT_CC_1,P_00548,train,0,/home/majd/CBISDDSM_Preprocessed_v2/images/Calc-Training_P_00548_LEFT_CC_1.png,/home/majd/CBISDDSM_Preprocessed_v2/masks/Calc-Training_P_00548_LEFT_CC_1_mask.png,BENIGN,CC,1,4,PLEOMORPHIC,CLUSTERED,5
Calc-Training_P_00548_LEFT_CC_2,P_00548,train,0,/home/majd/CBISDDSM_Preprocessed_v2/images/Calc-Training_P_00548_LEFT_CC_2.png,/home/majd/CBISDDSM_Preprocessed_v2/masks/Calc-Training_P_00548_LEFT_CC_2_mask.png,BENIGN,CC,2,4,PLEOMORPHIC,CLUSTERED,5
Calc-Training_P_00548_LEFT_CC_3,P_00548,train,0,/home/majd/CBISDDSM_Preprocessed_v2/images/Calc-Training_P_00548_LEFT_CC_3.png,/home/majd/CBISDDSM_Preprocessed_v2/masks/Calc-Training_P_00548_LEFT_CC_3_mask.png,BENIGN,CC,3,4,PLEOMORPHIC,CLUSTERED,5
Calc-Training_P_00551_RIGHT_CC_1,P_00551,train,1,/home/majd/CBISDDSM_Preprocessed_v2/images/Calc-Training_P_00551_RIGHT_CC_1.png,/home/majd/CBISDDSM_Preprocessed_v2/masks/Calc-Training_P_00551_RIGHT_CC_1_mask.png,MALIGNANT,CC,1,2,PLEOMORPHIC,LINEAR,2
Calc-Training_P_00552_RIGHT_MLO_1,P_00552,train,1,/home/majd/CBISDDSM_Preprocessed_v2/images/Calc-Training_P_00552_RIGHT_MLO_1.png,/home/majd/CBISDDSM_Preprocessed_v2/masks/Calc-Training_P_00552_RIGHT_MLO_1_mask.png,MALIGNANT,MLO,1,4,PLEOMORPHIC,CLUSTERED,2
Calc-Training_P_00555_RIGHT_CC_1,P_00555,train,0,/home/majd/CBISDDSM_Preprocessed_v2/images/Calc-Training_P_00555_RIGHT_CC_1.png,/home/majd/CBISDDSM_Preprocessed_v2/masks/Calc-Training_P_00555_RIGHT_CC_1_mask.png,BENIGN_WITHOUT_CALLBACK,CC,1,3,COARSE-ROUND_AND_REGULAR-LUCENT_CENTERED,,4
Calc-Training_P_00555_RIGHT_CC_2,P_00555,train,0,/home/majd/CBISDDSM_Preprocessed_v2/images/Calc-Training_P_00555_RIGHT_CC_2.png,/home/majd/CBISDDSM_Preprocessed_v2/masks/Calc-Training_P_00555_RIGHT_CC_2_mask.png,BENIGN_WITHOUT_CALLBACK,CC,2,3,COARSE-ROUND_AND_REGULAR-LUCENT_CENTERED,,4
Calc-Training_P_00556_LEFT_CC_1,P_00556,train,0,/home/majd/CBISDDSM_Preprocessed_v2/images/Calc-Training_P_00556_LEFT_CC_1.png,/home/majd/CBISDDSM_Preprocessed_v2/masks/Calc-Training_P_00556_LEFT_CC_1_mask.png,BENIGN,CC,1,4,ROUND_AND_REGULAR,CLUSTERED,3
Calc-Training_P_00557_LEFT_CC_1,P_00557,train,0,/home/majd/CBISDDSM_Preprocessed_v2/images/Calc-Training_P_00557_LEFT_CC_1.png,/home/majd/CBISDDSM_Preprocessed_v2/masks/Calc-Training_P_00557_LEFT_CC_1_mask.png,BENIGN,CC,1,2,PLEOMORPHIC,CLUSTERED,3
Calc-Training_P_00557_RIGHT_CC_1,P_00557,train,0,/home/majd/CBISDDSM_Preprocessed_v2/images/Calc-Training_P_00557_RIGHT_CC_1.png,/home/majd/CBISDDSM_Preprocessed_v2/masks/Calc-Training_P_00557_RIGHT_CC_1_mask.png,BENIGN_WITHOUT_CALLBACK,CC,1,2,PLEOMORPHIC,CLUSTERED,4
Calc-Training_P_00557_RIGHT_CC_2,P_00557,train,0,/home/majd/CBISDDSM_Preprocessed_v2/images/Calc-Training_P_00557_RIGHT_CC_2.png,/home/majd/CBISDDSM_Preprocessed_v2/masks/Calc-Training_P_00557_RIGHT_CC_2_mask.png,BENIGN_WITHOUT_CALLBACK,CC,2,2,PLEOMORPHIC,CLUSTERED,4
Calc-Training_P_00557_RIGHT_CC_3,P_00557,train,0,/home/majd/CBISDDSM_Preprocessed_v2/images/Calc-Training_P_00557_RIGHT_CC_3.png,/home/majd/CBISDDSM_Preprocessed_v2/masks/Calc-Training_P_00557_RIGHT_CC_3_mask.png,BENIGN_WITHOUT_CALLBACK,CC,3,2,PLEOMORPHIC,CLUSTERED,4
Calc-Training_P_00557_RIGHT_CC_4,P_00557,train,0,/home/majd/CBISDDSM_Preprocessed_v2/images/Calc-Training_P_00557_RIGHT_CC_4.png,/home/majd/CBISDDSM_Preprocessed_v2/masks/Calc-Training_P_00557_RIGHT_CC_4_mask.png,BENIGN_WITHOUT_CALLBACK,CC,4,2,PLEOMORPHIC,CLUSTERED,4
Calc-Training_P_00558_RIGHT_CC_1,P_00558,train,0,/home/majd/CBISDDSM_Preprocessed_v2/images/Calc-Training_P_00558_RIGHT_CC_1.png,/home/majd/CBISDDSM_Preprocessed_v2/masks/Calc-Training_P_00558_RIGHT_CC_1_mask.png,BENIGN,CC,1,4,PUNCTATE-PLEOMORPHIC,,3
Calc-Training_P_00558_RIGHT_MLO_2,P_00558,train,0,/home/majd/CBISDDSM_Preprocessed_v2/images/Calc-Training_P_00558_RIGHT_MLO_2.png,/home/majd/CBISDDSM_Preprocessed_v2/masks/Calc-Training_P_00558_RIGHT_MLO_2_mask.png,BENIGN,MLO,2,4,PUNCTATE-PLEOMORPHIC,CLUSTERED,3
Calc-Training_P_00559_RIGHT_CC_1,P_00559,train,1,/home/majd/CBISDDSM_Preprocessed_v2/images/Calc-Training_P_00559_RIGHT_CC_1.png,/home/majd/CBISDDSM_Preprocessed_v2/masks/Calc-Training_P_00559_RIGHT_CC_1_mask.png,MALIGNANT,CC,1,2,PLEOMORPHIC,CLUSTERED,3
Calc-Training_P_00559_RIGHT_CC_2,P_00559,train,1,/home/majd/CBISDDSM_Preprocessed_v2/images/Calc-Training_P_00559_RIGHT_CC_2.png,/home/majd/CBISDDSM_Preprocessed_v2/masks/Calc-Training_P_00559_RIGHT_CC_2_mask.png,MALIGNANT,CC,2,2,PLEOMORPHIC,CLUSTERED,3
Calc-Training_P_00563_RIGHT_MLO_1,P_00563,train,1,/home/majd/CBISDDSM_Preprocessed_v2/images/Calc-Training_P_00563_RIGHT_MLO_1.png,/home/majd/CBISDDSM_Preprocessed_v2/masks/Calc-Training_P_00563_RIGHT_MLO_1_mask.png,MALIGNANT,MLO,1,4,FINE_LINEAR_BRANCHING,LINEAR,2
Calc-Training_P_00571_RIGHT_CC_1,P_00571,train,0,/home/majd/CBISDDSM_Preprocessed_v2/images/Calc-Training_P_00571_RIGHT_CC_1.png,/home/majd/CBISDDSM_Preprocessed_v2/masks/Calc-Training_P_00571_RIGHT_CC_1_mask.png,BENIGN,CC,1,2,AMORPHOUS,CLUSTERED,2
Calc-Training_P_00573_RIGHT_CC_1,P_00573,train,1,/home/majd/CBISDDSM_Preprocessed_v2/images/Calc-Training_P_00573_RIGHT_CC_1.png,/home/majd/CBISDDSM_Preprocessed_v2/masks/Calc-Training_P_00573_RIGHT_CC_1_mask.png,MALIGNANT,CC,1,1,AMORPHOUS,CLUSTERED,5
Calc-Training_P_00573_RIGHT_MLO_3,P_00573,train,1,/home/majd/CBISDDSM_Preprocessed_v2/images/Calc-Training_P_00573_RIGHT_MLO_3.png,/home/majd/CBISDDSM_Preprocessed_v2/masks/Calc-Training_P_00573_RIGHT_MLO_3_mask.png,MALIGNANT,MLO,3,1,AMORPHOUS,CLUSTERED,5
Calc-Training_P_00574_RIGHT_CC_1,P_00574,train,1,/home/majd/CBISDDSM_Preprocessed_v2/images/Calc-Training_P_00574_RIGHT_CC_1.png,/home/majd/CBISDDSM_Preprocessed_v2/masks/Calc-Training_P_00574_RIGHT_CC_1_mask.png,MALIGNANT,CC,1,1,PLEOMORPHIC-FINE_LINEAR_BRANCHING,LINEAR,3
Calc-Training_P_00578_LEFT_CC_1,P_00578,train,0,/home/majd/CBISDDSM_Preprocessed_v2/images/Calc-Training_P_00578_LEFT_CC_1.png,/home/majd/CBISDDSM_Preprocessed_v2/masks/Calc-Training_P_00578_LEFT_CC_1_mask.png,BENIGN,CC,1,4,PLEOMORPHIC,CLUSTERED,2
Calc-Training_P_00582_RIGHT_MLO_1,P_00582,train,1,/home/majd/CBISDDSM_Preprocessed_v2/images/Calc-Training_P_00582_RIGHT_MLO_1.png,/home/majd/CBISDDSM_Preprocessed_v2/masks/Calc-Training_P_00582_RIGHT_MLO_1_mask.png,MALIGNANT,MLO,1,3,PLEOMORPHIC,SEGMENTAL,5
Calc-Training_P_00583_LEFT_CC_1,P_00583,train,0,/home/majd/CBISDDSM_Preprocessed_v2/images/Calc-Training_P_00583_LEFT_CC_1.png,/home/majd/CBISDDSM_Preprocessed_v2/masks/Calc-Training_P_00583_LEFT_CC_1_mask.png,BENIGN,CC,1,4,AMORPHOUS,CLUSTERED,4
Calc-Training_P_00584_LEFT_CC_1,P_00584,train,1,/home/majd/CBISDDSM_Preprocessed_v2/images/Calc-Training_P_00584_LEFT_CC_1.png,/home/majd/CBISDDSM_Preprocessed_v2/masks/Calc-Training_P_00584_LEFT_CC_1_mask.png,MALIGNANT,CC,1,1,AMORPHOUS,CLUSTERED,5
Calc-Training_P_00585_LEFT_CC_1,P_00585,train,0,/home/majd/CBISDDSM_Preprocessed_v2/images/Calc-Training_P_00585_LEFT_CC_1.png,/home/majd/CBISDDSM_Preprocessed_v2/masks/Calc-Training_P_00585_LEFT_CC_1_mask.png,BENIGN,CC,1,1,PLEOMORPHIC,CLUSTERED,4
Calc-Training_P_00591_RIGHT_CC_1,P_00591,train,1,/home/majd/CBISDDSM_Preprocessed_v2/images/Calc-Training_P_00591_RIGHT_CC_1.png,/home/majd/CBISDDSM_Preprocessed_v2/masks/Calc-Training_P_00591_RIGHT_CC_1_mask.png,MALIGNANT,CC,1,1,PLEOMORPHIC,CLUSTERED,5
Calc-Training_P_00591_RIGHT_CC_2,P_00591,train,1,/home/majd/CBISDDSM_Preprocessed_v2/images/Calc-Training_P_00591_RIGHT_CC_2.png,/home/majd/CBISDDSM_Preprocessed_v2/masks/Calc-Training_P_00591_RIGHT_CC_2_mask.png,MALIGNANT,CC,2,1,PLEOMORPHIC,REGIONAL,5
Calc-Training_P_00593_RIGHT_CC_1,P_00593,train,0,/home/majd/CBISDDSM_Preprocessed_v2/images/Calc-Training_P_00593_RIGHT_CC_1.png,/home/majd/CBISDDSM_Preprocessed_v2/masks/Calc-Training_P_00593_RIGHT_CC_1_mask.png,BENIGN,CC,1,4,PLEOMORPHIC,CLUSTERED,3
Calc-Training_P_00594_LEFT_CC_2,P_00594,train,1,/home/majd/CBISDDSM_Preprocessed_v2/images/Calc-Training_P_00594_LEFT_CC_2.png,/home/majd/CBISDDSM_Preprocessed_v2/masks/Calc-Training_P_00594_LEFT_CC_2_mask.png,MALIGNANT,CC,2,2,PLEOMORPHIC,CLUSTERED,4
Calc-Training_P_00595_LEFT_CC_1,P_00595,train,1,/home/majd/CBISDDSM_Preprocessed_v2/images/Calc-Training_P_00595_LEFT_CC_1.png,/home/majd/CBISDDSM_Preprocessed_v2/masks/Calc-Training_P_00595_LEFT_CC_1_mask.png,MALIGNANT,CC,1,4,PLEOMORPHIC,CLUSTERED,5
Calc-Training_P_00597_LEFT_CC_1,P_00597,train,0,/home/majd/CBISDDSM_Preprocessed_v2/images/Calc-Training_P_00597_LEFT_CC_1.png,/home/majd/CBISDDSM_Preprocessed_v2/masks/Calc-Training_P_00597_LEFT_CC_1_mask.png,BENIGN,CC,1,4,ROUND_AND_REGULAR,CLUSTERED,5
Calc-Training_P_00600_LEFT_CC_1,P_00600,train,0,/home/majd/CBISDDSM_Preprocessed_v2/images/Calc-Training_P_00600_LEFT_CC_1.png,/home/majd/CBISDDSM_Preprocessed_v2/masks/Calc-Training_P_00600_LEFT_CC_1_mask.png,BENIGN,CC,1,3,AMORPHOUS,CLUSTERED,1
Calc-Training_P_00600_LEFT_CC_2,P_00600,train,1,/home/majd/CBISDDSM_Preprocessed_v2/images/Calc-Training_P_00600_LEFT_CC_2.png,/home/majd/CBISDDSM_Preprocessed_v2/masks/Calc-Training_P_00600_LEFT_CC_2_mask.png,MALIGNANT,CC,2,3,AMORPHOUS,CLUSTERED,1
Calc-Training_P_00601_LEFT_CC_2,P_00601,train,1,/home/majd/CBISDDSM_Preprocessed_v2/images/Calc-Training_P_00601_LEFT_CC_2.png,/home/majd/CBISDDSM_Preprocessed_v2/masks/Calc-Training_P_00601_LEFT_CC_2_mask.png,MALIGNANT,CC,2,2,FINE_LINEAR_BRANCHING,SEGMENTAL,4
Calc-Training_P_00601_LEFT_MLO_1,P_00601,train,1,/home/majd/CBISDDSM_Preprocessed_v2/images/Calc-Training_P_00601_LEFT_MLO_1.png,/home/majd/CBISDDSM_Preprocessed_v2/masks/Calc-Training_P_00601_LEFT_MLO_1_mask.png,MALIGNANT,MLO,1,2,FINE_LINEAR_BRANCHING,SEGMENTAL,4
Calc-Training_P_00606_LEFT_CC_1,P_00606,train,1,/home/majd/CBISDDSM_Preprocessed_v2/images/Calc-Training_P_00606_LEFT_CC_1.png,/home/majd/CBISDDSM_Preprocessed_v2/masks/Calc-Training_P_00606_LEFT_CC_1_mask.png,MALIGNANT,CC,1,3,PLEOMORPHIC,SEGMENTAL,3
Calc-Training_P_00609_RIGHT_CC_1,P_00609,train,1,/home/majd/CBISDDSM_Preprocessed_v2/images/Calc-Training_P_00609_RIGHT_CC_1.png,/home/majd/CBISDDSM_Preprocessed_v2/masks/Calc-Training_P_00609_RIGHT_CC_1_mask.png,MALIGNANT,CC,1,3,PLEOMORPHIC,SEGMENTAL,3
Calc-Training_P_00613_RIGHT_CC_1,P_00613,train,0,/home/majd/CBISDDSM_Preprocessed_v2/images/Calc-Training_P_00613_RIGHT_CC_1.png,/home/majd/CBISDDSM_Preprocessed_v2/masks/Calc-Training_P_00613_RIGHT_CC_1_mask.png,BENIGN_WITHOUT_CALLBACK,CC,1,2,SKIN,REGIONAL,3
Calc-Training_P_00621_LEFT_CC_1,P_00621,train,0,/home/majd/CBISDDSM_Preprocessed_v2/images/Calc-Training_P_00621_LEFT_CC_1.png,/home/majd/CBISDDSM_Preprocessed_v2/masks/Calc-Training_P_00621_LEFT_CC_1_mask.png,BENIGN,CC,1,3,PLEOMORPHIC,CLUSTERED,3
Calc-Training_P_00624_LEFT_CC_1,P_00624,train,0,/home/majd/CBISDDSM_Preprocessed_v2/images/Calc-Training_P_00624_LEFT_CC_1.png,/home/majd/CBISDDSM_Preprocessed_v2/masks/Calc-Training_P_00624_LEFT_CC_1_mask.png,BENIGN,CC,1,3,AMORPHOUS,SEGMENTAL,1
Calc-Training_P_00624_RIGHT_CC_1,P_00624,train,0,/home/majd/CBISDDSM_Preprocessed_v2/images/Calc-Training_P_00624_RIGHT_CC_1.png,/home/majd/CBISDDSM_Preprocessed_v2/masks/Calc-Training_P_00624_RIGHT_CC_1_mask.png,BENIGN,CC,1,3,AMORPHOUS,SEGMENTAL,3
Calc-Training_P_00625_RIGHT_MLO_1,P_00625,train,0,/home/majd/CBISDDSM_Preprocessed_v2/images/Calc-Training_P_00625_RIGHT_MLO_1.png,/home/majd/CBISDDSM_Preprocessed_v2/masks/Calc-Training_P_00625_RIGHT_MLO_1_mask.png,BENIGN,MLO,1,4,PLEOMORPHIC,CLUSTERED,2
Calc-Training_P_00627_LEFT_CC_1,P_00627,train,0,/home/majd/CBISDDSM_Preprocessed_v2/images/Calc-Training_P_00627_LEFT_CC_1.png,/home/majd/CBISDDSM_Preprocessed_v2/masks/Calc-Training_P_00627_LEFT_CC_1_mask.png,BENIGN,CC,1,2,PUNCTATE,SEGMENTAL,1
Calc-Training_P_00631_RIGHT_CC_1,P_00631,train,1,/home/majd/CBISDDSM_Preprocessed_v2/images/Calc-Training_P_00631_RIGHT_CC_1.png,/home/majd/CBISDDSM_Preprocessed_v2/masks/Calc-Training_P_00631_RIGHT_CC_1_mask.png,MALIGNANT,CC,1,3,PUNCTATE-PLEOMORPHIC,CLUSTERED,3
Calc-Training_P_00633_RIGHT_MLO_1,P_00633,train,0,/home/majd/CBISDDSM_Preprocessed_v2/images/Calc-Training_P_00633_RIGHT_MLO_1.png,/home/majd/CBISDDSM_Preprocessed_v2/masks/Calc-Training_P_00633_RIGHT_MLO_1_mask.png,BENIGN,MLO,1,4,AMORPHOUS,CLUSTERED,2
Calc-Training_P_00635_LEFT_CC_1,P_00635,train,0,/home/majd/CBISDDSM_Preprocessed_v2/images/Calc-Training_P_00635_LEFT_CC_1.png,/home/majd/CBISDDSM_Preprocessed_v2/masks/Calc-Training_P_00635_LEFT_CC_1_mask.png,BENIGN_WITHOUT_CALLBACK,CC,1,3,PUNCTATE,,4
Calc-Training_P_00635_RIGHT_CC_1,P_00635,train,0,/home/majd/CBISDDSM_Preprocessed_v2/images/Calc-Training_P_00635_RIGHT_CC_1.png,/home/majd/CBISDDSM_Preprocessed_v2/masks/Calc-Training_P_00635_RIGHT_CC_1_mask.png,BENIGN_WITHOUT_CALLBACK,CC,1,3,LUCENT_CENTER,,5
Calc-Training_P_00635_RIGHT_CC_2,P_00635,train,0,/home/majd/CBISDDSM_Preprocessed_v2/images/Calc-Training_P_00635_RIGHT_CC_2.png,/home/majd/CBISDDSM_Preprocessed_v2/masks/Calc-Training_P_00635_RIGHT_CC_2_mask.png,BENIGN_WITHOUT_CALLBACK,CC,2,3,LUCENT_CENTER,,5
Calc-Training_P_00638_LEFT_CC_1,P_00638,train,1,/home/majd/CBISDDSM_Preprocessed_v2/images/Calc-Training_P_00638_LEFT_CC_1.png,/home/majd/CBISDDSM_Preprocessed_v2/masks/Calc-Training_P_00638_LEFT_CC_1_mask.png,MALIGNANT,CC,1,3,PLEOMORPHIC,SEGMENTAL,3
Calc-Training_P_00639_RIGHT_CC_1,P_00639,train,1,/home/majd/CBISDDSM_Preprocessed_v2/images/Calc-Training_P_00639_RIGHT_CC_1.png,/home/majd/CBISDDSM_Preprocessed_v2/masks/Calc-Training_P_00639_RIGHT_CC_1_mask.png,MALIGNANT,CC,1,2,PLEOMORPHIC,CLUSTERED,4
Calc-Training_P_00642_LEFT_CC_1,P_00642,train,0,/home/majd/CBISDDSM_Preprocessed_v2/images/Calc-Training_P_00642_LEFT_CC_1.png,/home/majd/CBISDDSM_Preprocessed_v2/masks/Calc-Training_P_00642_LEFT_CC_1_mask.png,BENIGN,CC,1,2,LUCENT_CENTERED,LINEAR,5
Calc-Training_P_00642_RIGHT_CC_1,P_00642,train,0,/home/majd/CBISDDSM_Preprocessed_v2/images/Calc-Training_P_00642_RIGHT_CC_1.png,/home/majd/CBISDDSM_Preprocessed_v2/masks/Calc-Training_P_00642_RIGHT_CC_1_mask.png,BENIGN,CC,1,2,AMORPHOUS,CLUSTERED,5
Calc-Training_P_00645_RIGHT_MLO_1,P_00645,train,0,/home/majd/CBISDDSM_Preprocessed_v2/images/Calc-Training_P_00645_RIGHT_MLO_1.png,/home/majd/CBISDDSM_Preprocessed_v2/masks/Calc-Training_P_00645_RIGHT_MLO_1_mask.png,BENIGN,MLO,1,3,PLEOMORPHIC,LINEAR,2
Calc-Training_P_00647_RIGHT_CC_1,P_00647,train,0,/home/majd/CBISDDSM_Preprocessed_v2/images/Calc-Training_P_00647_RIGHT_CC_1.png,/home/majd/CBISDDSM_Preprocessed_v2/masks/Calc-Training_P_00647_RIGHT_CC_1_mask.png,BENIGN,CC,1,4,PUNCTATE,SEGMENTAL,1
Calc-Training_P_00652_LEFT_CC_2,P_00652,train,1,/home/majd/CBISDDSM_Preprocessed_v2/images/Calc-Training_P_00652_LEFT_CC_2.png,/home/majd/CBISDDSM_Preprocessed_v2/masks/Calc-Training_P_00652_LEFT_CC_2_mask.png,MALIGNANT,CC,2,3,PLEOMORPHIC-FINE_LINEAR_BRANCHING,CLUSTERED-LINEAR,3
Calc-Training_P_00652_LEFT_MLO_1,P_00652,train,1,/home/majd/CBISDDSM_Preprocessed_v2/images/Calc-Training_P_00652_LEFT_MLO_1.png,/home/majd/CBISDDSM_Preprocessed_v2/masks/Calc-Training_P_00652_LEFT_MLO_1_mask.png,MALIGNANT,MLO,1,3,PLEOMORPHIC-FINE_LINEAR_BRANCHING,CLUSTERED-LINEAR,3
Calc-Training_P_00654_RIGHT_CC_1,P_00654,train,1,/home/majd/CBISDDSM_Preprocessed_v2/images/Calc-Training_P_00654_RIGHT_CC_1.png,/home/majd/CBISDDSM_Preprocessed_v2/masks/Calc-Training_P_00654_RIGHT_CC_1_mask.png,MALIGNANT,CC,1,3,PLEOMORPHIC,LINEAR,3
Calc-Training_P_00655_RIGHT_CC_1,P_00655,train,0,/home/majd/CBISDDSM_Preprocessed_v2/images/Calc-Training_P_00655_RIGHT_CC_1.png,/home/majd/CBISDDSM_Preprocessed_v2/masks/Calc-Training_P_00655_RIGHT_CC_1_mask.png,BENIGN,CC,1,2,FINE_LINEAR_BRANCHING,LINEAR,2
Calc-Training_P_00658_LEFT_CC_1,P_00658,train,1,/home/majd/CBISDDSM_Preprocessed_v2/images/Calc-Training_P_00658_LEFT_CC_1.png,/home/majd/CBISDDSM_Preprocessed_v2/masks/Calc-Training_P_00658_LEFT_CC_1_mask.png,MALIGNANT,CC,1,3,PLEOMORPHIC,SEGMENTAL,3
Calc-Training_P_00664_RIGHT_CC_1,P_00664,train,1,/home/majd/CBISDDSM_Preprocessed_v2/images/Calc-Training_P_00664_RIGHT_CC_1.png,/home/majd/CBISDDSM_Preprocessed_v2/masks/Calc-Training_P_00664_RIGHT_CC_1_mask.png,MALIGNANT,CC,1,4,PLEOMORPHIC,CLUSTERED,5
Calc-Training_P_00666_LEFT_CC_1,P_00666,train,0,/home/majd/CBISDDSM_Preprocessed_v2/images/Calc-Training_P_00666_LEFT_CC_1.png,/home/majd/CBISDDSM_Preprocessed_v2/masks/Calc-Training_P_00666_LEFT_CC_1_mask.png,BENIGN,CC,1,2,PUNCTATE,CLUSTERED,4
Calc-Training_P_00666_RIGHT_CC_2,P_00666,train,0,/home/majd/CBISDDSM_Preprocessed_v2/images/Calc-Training_P_00666_RIGHT_CC_2.png,/home/majd/CBISDDSM_Preprocessed_v2/masks/Calc-Training_P_00666_RIGHT_CC_2_mask.png,BENIGN,CC,2,2,PLEOMORPHIC,CLUSTERED,5
Calc-Training_P_00666_RIGHT_CC_3,P_00666,train,0,/home/majd/CBISDDSM_Preprocessed_v2/images/Calc-Training_P_00666_RIGHT_CC_3.png,/home/majd/CBISDDSM_Preprocessed_v2/masks/Calc-Training_P_00666_RIGHT_CC_3_mask.png,BENIGN,CC,3,2,PLEOMORPHIC,CLUSTERED,5
Calc-Training_P_00667_RIGHT_CC_1,P_00667,train,1,/home/majd/CBISDDSM_Preprocessed_v2/images/Calc-Training_P_00667_RIGHT_CC_1.png,/home/majd/CBISDDSM_Preprocessed_v2/masks/Calc-Training_P_00667_RIGHT_CC_1_mask.png,MALIGNANT,CC,1,4,PUNCTATE,CLUSTERED,4
Calc-Training_P_00669_RIGHT_CC_1,P_00669,train,0,/home/majd/CBISDDSM_Preprocessed_v2/images/Calc-Training_P_00669_RIGHT_CC_1.png,/home/majd/CBISDDSM_Preprocessed_v2/masks/Calc-Training_P_00669_RIGHT_CC_1_mask.png,BENIGN,CC,1,2,PLEOMORPHIC,CLUSTERED,5
Calc-Training_P_00673_LEFT_MLO_1,P_00673,train,0,/home/majd/CBISDDSM_Preprocessed_v2/images/Calc-Training_P_00673_LEFT_MLO_1.png,/home/majd/CBISDDSM_Preprocessed_v2/masks/Calc-Training_P_00673_LEFT_MLO_1_mask.png,BENIGN_WITHOUT_CALLBACK,MLO,1,1,VASCULAR,,4
Calc-Training_P_00673_RIGHT_MLO_2,P_00673,train,0,/home/majd/CBISDDSM_Preprocessed_v2/images/Calc-Training_P_00673_RIGHT_MLO_2.png,/home/majd/CBISDDSM_Preprocessed_v2/masks/Calc-Training_P_00673_RIGHT_MLO_2_mask.png,BENIGN_WITHOUT_CALLBACK,MLO,2,1,COARSE,,4
Calc-Training_P_00674_RIGHT_CC_1,P_00674,train,0,/home/majd/CBISDDSM_Preprocessed_v2/images/Calc-Training_P_00674_RIGHT_CC_1.png,/home/majd/CBISDDSM_Preprocessed_v2/masks/Calc-Training_P_00674_RIGHT_CC_1_mask.png,BENIGN_WITHOUT_CALLBACK,CC,1,2,LUCENT_CENTER,,5
Calc-Training_P_00680_LEFT_CC_1,P_00680,train,0,/home/majd/CBISDDSM_Preprocessed_v2/images/Calc-Training_P_00680_LEFT_CC_1.png,/home/majd/CBISDDSM_Preprocessed_v2/masks/Calc-Training_P_00680_LEFT_CC_1_mask.png,BENIGN,CC,1,4,PUNCTATE,DIFFUSELY_SCATTERED,4
Calc-Training_P_00680_RIGHT_CC_1,P_00680,train,0,/home/majd/CBISDDSM_Preprocessed_v2/images/Calc-Training_P_00680_RIGHT_CC_1.png,/home/majd/CBISDDSM_Preprocessed_v2/masks/Calc-Training_P_00680_RIGHT_CC_1_mask.png,BENIGN,CC,1,4,PUNCTATE,DIFFUSELY_SCATTERED,4
Calc-Training_P_00682_RIGHT_CC_1,P_00682,train,0,/home/majd/CBISDDSM_Preprocessed_v2/images/Calc-Training_P_00682_RIGHT_CC_1.png,/home/majd/CBISDDSM_Preprocessed_v2/masks/Calc-Training_P_00682_RIGHT_CC_1_mask.png,BENIGN,CC,1,4,PLEOMORPHIC,CLUSTERED,3
Calc-Training_P_00683_RIGHT_CC_1,P_00683,train,1,/home/majd/CBISDDSM_Preprocessed_v2/images/Calc-Training_P_00683_RIGHT_CC_1.png,/home/majd/CBISDDSM_Preprocessed_v2/masks/Calc-Training_P_00683_RIGHT_CC_1_mask.png,MALIGNANT,CC,1,4,PLEOMORPHIC,SEGMENTAL,1
Calc-Training_P_00684_RIGHT_CC_1,P_00684,train,1,/home/majd/CBISDDSM_Preprocessed_v2/images/Calc-Training_P_00684_RIGHT_CC_1.png,/home/majd/CBISDDSM_Preprocessed_v2/masks/Calc-Training_P_00684_RIGHT_CC_1_mask.png,MALIGNANT,CC,1,3,PLEOMORPHIC,CLUSTERED,4
Calc-Training_P_00685_RIGHT_CC_1,P_00685,train,1,/home/majd/CBISDDSM_Preprocessed_v2/images/Calc-Training_P_00685_RIGHT_CC_1.png,/home/majd/CBISDDSM_Preprocessed_v2/masks/Calc-Training_P_00685_RIGHT_CC_1_mask.png,MALIGNANT,CC,1,3,PUNCTATE,CLUSTERED,3
Calc-Training_P_00693_LEFT_CC_1,P_00693,train,1,/home/majd/CBISDDSM_Preprocessed_v2/images/Calc-Training_P_00693_LEFT_CC_1.png,/home/majd/CBISDDSM_Preprocessed_v2/masks/Calc-Training_P_00693_LEFT_CC_1_mask.png,MALIGNANT,CC,1,2,PLEOMORPHIC,REGIONAL,5
Calc-Training_P_00701_LEFT_CC_1,P_00701,train,0,/home/majd/CBISDDSM_Preprocessed_v2/images/Calc-Training_P_00701_LEFT_CC_1.png,/home/majd/CBISDDSM_Preprocessed_v2/masks/Calc-Training_P_00701_LEFT_CC_1_mask.png,BENIGN,CC,1,3,PLEOMORPHIC,CLUSTERED,5
Calc-Training_P_00704_LEFT_CC_1,P_00704,train,0,/home/majd/CBISDDSM_Preprocessed_v2/images/Calc-Training_P_00704_LEFT_CC_1.png,/home/majd/CBISDDSM_Preprocessed_v2/masks/Calc-Training_P_00704_LEFT_CC_1_mask.png,BENIGN,CC,1,2,PUNCTATE-PLEOMORPHIC,CLUSTERED,3
Calc-Training_P_00705_LEFT_CC_1,P_00705,train,0,/home/majd/CBISDDSM_Preprocessed_v2/images/Calc-Training_P_00705_LEFT_CC_1.png,/home/majd/CBISDDSM_Preprocessed_v2/masks/Calc-Training_P_00705_LEFT_CC_1_mask.png,BENIGN_WITHOUT_CALLBACK,CC,1,2,LUCENT_CENTER-PUNCTATE,,5
Calc-Training_P_00705_LEFT_CC_2,P_00705,train,0,/home/majd/CBISDDSM_Preprocessed_v2/images/Calc-Training_P_00705_LEFT_CC_2.png,/home/majd/CBISDDSM_Preprocessed_v2/masks/Calc-Training_P_00705_LEFT_CC_2_mask.png,BENIGN_WITHOUT_CALLBACK,CC,2,2,LUCENT_CENTER-PUNCTATE,,5
Calc-Training_P_00709_RIGHT_CC_1,P_00709,train,0,/home/majd/CBISDDSM_Preprocessed_v2/images/Calc-Training_P_00709_RIGHT_CC_1.png,/home/majd/CBISDDSM_Preprocessed_v2/masks/Calc-Training_P_00709_RIGHT_CC_1_mask.png,BENIGN,CC,1,4,PLEOMORPHIC,CLUSTERED,4
Calc-Training_P_00710_RIGHT_CC_2,P_00710,train,1,/home/majd/CBISDDSM_Preprocessed_v2/images/Calc-Training_P_00710_RIGHT_CC_2.png,/home/majd/CBISDDSM_Preprocessed_v2/masks/Calc-Training_P_00710_RIGHT_CC_2_mask.png,MALIGNANT,CC,2,2,PLEOMORPHIC,CLUSTERED,3
Calc-Training_P_00712_RIGHT_CC_1,P_00712,train,0,/home/majd/CBISDDSM_Preprocessed_v2/images/Calc-Training_P_00712_RIGHT_CC_1.png,/home/majd/CBISDDSM_Preprocessed_v2/masks/Calc-Training_P_00712_RIGHT_CC_1_mask.png,BENIGN,CC,1,4,PLEOMORPHIC,REGIONAL,3
Calc-Training_P_00713_LEFT_CC_1,P_00713,train,0,/home/majd/CBISDDSM_Preprocessed_v2/images/Calc-Training_P_00713_LEFT_CC_1.png,/home/majd/CBISDDSM_Preprocessed_v2/masks/Calc-Training_P_00713_LEFT_CC_1_mask.png,BENIGN,CC,1,1,PLEOMORPHIC,CLUSTERED,4
Calc-Training_P_00725_LEFT_CC_1,P_00725,train,0,/home/majd/CBISDDSM_Preprocessed_v2/images/Calc-Training_P_00725_LEFT_CC_1.png,/home/majd/CBISDDSM_Preprocessed_v2/masks/Calc-Training_P_00725_LEFT_CC_1_mask.png,BENIGN,CC,1,4,PLEOMORPHIC,CLUSTERED,2
Calc-Training_P_00729_LEFT_CC_1,P_00729,train,1,/home/majd/CBISDDSM_Preprocessed_v2/images/Calc-Training_P_00729_LEFT_CC_1.png,/home/majd/CBISDDSM_Preprocessed_v2/masks/Calc-Training_P_00729_LEFT_CC_1_mask.png,MALIGNANT,CC,1,4,PLEOMORPHIC,CLUSTERED,3
Calc-Training_P_00734_RIGHT_CC_1,P_00734,train,1,/home/majd/CBISDDSM_Preprocessed_v2/images/Calc-Training_P_00734_RIGHT_CC_1.png,/home/majd/CBISDDSM_Preprocessed_v2/masks/Calc-Training_P_00734_RIGHT_CC_1_mask.png,MALIGNANT,CC,1,2,FINE_LINEAR_BRANCHING,LINEAR,5
Calc-Training_P_00734_RIGHT_MLO_2,P_00734,train,1,/home/majd/CBISDDSM_Preprocessed_v2/images/Calc-Training_P_00734_RIGHT_MLO_2.png,/home/majd/CBISDDSM_Preprocessed_v2/masks/Calc-Training_P_00734_RIGHT_MLO_2_mask.png,MALIGNANT,MLO,2,2,PLEOMORPHIC-FINE_LINEAR_BRANCHING,CLUSTERED-LINEAR,5
Calc-Training_P_00735_LEFT_CC_1,P_00735,train,1,/home/majd/CBISDDSM_Preprocessed_v2/images/Calc-Training_P_00735_LEFT_CC_1.png,/home/majd/CBISDDSM_Preprocessed_v2/masks/Calc-Training_P_00735_LEFT_CC_1_mask.png,MALIGNANT,CC,1,2,PLEOMORPHIC,CLUSTERED,1
Calc-Training_P_00736_LEFT_CC_1,P_00736,train,1,/home/majd/CBISDDSM_Preprocessed_v2/images/Calc-Training_P_00736_LEFT_CC_1.png,/home/majd/CBISDDSM_Preprocessed_v2/masks/Calc-Training_P_00736_LEFT_CC_1_mask.png,MALIGNANT,CC,1,2,PLEOMORPHIC,CLUSTERED,1
Calc-Training_P_00743_LEFT_CC_1,P_00743,train,0,/home/majd/CBISDDSM_Preprocessed_v2/images/Calc-Training_P_00743_LEFT_CC_1.png,/home/majd/CBISDDSM_Preprocessed_v2/masks/Calc-Training_P_00743_LEFT_CC_1_mask.png,BENIGN,CC,1,3,PLEOMORPHIC,CLUSTERED,3
Calc-Training_P_00744_RIGHT_CC_1,P_00744,train,0,/home/majd/CBISDDSM_Preprocessed_v2/images/Calc-Training_P_00744_RIGHT_CC_1.png,/home/majd/CBISDDSM_Preprocessed_v2/masks/Calc-Training_P_00744_RIGHT_CC_1_mask.png,BENIGN_WITHOUT_CALLBACK,CC,1,4,LUCENT_CENTER,,3
Calc-Training_P_00750_LEFT_CC_1,P_00750,train,0,/home/majd/CBISDDSM_Preprocessed_v2/images/Calc-Training_P_00750_LEFT_CC_1.png,/home/majd/CBISDDSM_Preprocessed_v2/masks/Calc-Training_P_00750_LEFT_CC_1_mask.png,BENIGN_WITHOUT_CALLBACK,CC,1,3,LUCENT_CENTER,,4
Calc-Training_P_00750_RIGHT_CC_1,P_00750,train,0,/home/majd/CBISDDSM_Preprocessed_v2/images/Calc-Training_P_00750_RIGHT_CC_1.png,/home/majd/CBISDDSM_Preprocessed_v2/masks/Calc-Training_P_00750_RIGHT_CC_1_mask.png,BENIGN_WITHOUT_CALLBACK,CC,1,3,ROUND_AND_REGULAR-LUCENT_CENTER,,4
Calc-Training_P_00750_RIGHT_CC_2,P_00750,train,0,/home/majd/CBISDDSM_Preprocessed_v2/images/Calc-Training_P_00750_RIGHT_CC_2.png,/home/majd/CBISDDSM_Preprocessed_v2/masks/Calc-Training_P_00750_RIGHT_CC_2_mask.png,BENIGN_WITHOUT_CALLBACK,CC,2,3,ROUND_AND_REGULAR-LUCENT_CENTER,,4
Calc-Training_P_00751_LEFT_CC_1,P_00751,train,0,/home/majd/CBISDDSM_Preprocessed_v2/images/Calc-Training_P_00751_LEFT_CC_1.png,/home/majd/CBISDDSM_Preprocessed_v2/masks/Calc-Training_P_00751_LEFT_CC_1_mask.png,BENIGN,CC,1,2,PLEOMORPHIC,CLUSTERED,1
Calc-Training_P_00757_LEFT_MLO_1,P_00757,train,0,/home/majd/CBISDDSM_Preprocessed_v2/images/Calc-Training_P_00757_LEFT_MLO_1.png,/home/majd/CBISDDSM_Preprocessed_v2/masks/Calc-Training_P_00757_LEFT_MLO_1_mask.png,BENIGN,MLO,1,4,PLEOMORPHIC,CLUSTERED,4
Calc-Training_P_00759_LEFT_CC_1,P_00759,train,1,/home/majd/CBISDDSM_Preprocessed_v2/images/Calc-Training_P_00759_LEFT_CC_1.png,/home/majd/CBISDDSM_Preprocessed_v2/masks/Calc-Training_P_00759_LEFT_CC_1_mask.png,MALIGNANT,CC,1,4,PLEOMORPHIC,CLUSTERED,3
Calc-Training_P_00759_LEFT_CC_2,P_00759,train,1,/home/majd/CBISDDSM_Preprocessed_v2/images/Calc-Training_P_00759_LEFT_CC_2.png,/home/majd/CBISDDSM_Preprocessed_v2/masks/Calc-Training_P_00759_LEFT_CC_2_mask.png,MALIGNANT,CC,2,4,PLEOMORPHIC,CLUSTERED,3
Calc-Training_P_00761_RIGHT_CC_1,P_00761,train,0,/home/majd/CBISDDSM_Preprocessed_v2/images/Calc-Training_P_00761_RIGHT_CC_1.png,/home/majd/CBISDDSM_Preprocessed_v2/masks/Calc-Training_P_00761_RIGHT_CC_1_mask.png,BENIGN,CC,1,3,PUNCTATE,CLUSTERED,2
Calc-Training_P_00767_LEFT_CC_1,P_00767,train,0,/home/majd/CBISDDSM_Preprocessed_v2/images/Calc-Training_P_00767_LEFT_CC_1.png,/home/majd/CBISDDSM_Preprocessed_v2/masks/Calc-Training_P_00767_LEFT_CC_1_mask.png,BENIGN_WITHOUT_CALLBACK,CC,1,3,VASCULAR,,3
Calc-Training_P_00767_RIGHT_CC_1,P_00767,train,0,/home/majd/CBISDDSM_Preprocessed_v2/images/Calc-Training_P_00767_RIGHT_CC_1.png,/home/majd/CBISDDSM_Preprocessed_v2/masks/Calc-Training_P_00767_RIGHT_CC_1_mask.png,BENIGN_WITHOUT_CALLBACK,CC,1,3,VASCULAR,,3
Calc-Training_P_00768_LEFT_CC_1,P_00768,train,0,/home/majd/CBISDDSM_Preprocessed_v2/images/Calc-Training_P_00768_LEFT_CC_1.png,/home/majd/CBISDDSM_Preprocessed_v2/masks/Calc-Training_P_00768_LEFT_CC_1_mask.png,BENIGN,CC,1,2,PLEOMORPHIC,CLUSTERED,5
Calc-Training_P_00771_RIGHT_CC_1,P_00771,train,0,/home/majd/CBISDDSM_Preprocessed_v2/images/Calc-Training_P_00771_RIGHT_CC_1.png,/home/majd/CBISDDSM_Preprocessed_v2/masks/Calc-Training_P_00771_RIGHT_CC_1_mask.png,BENIGN,CC,1,2,AMORPHOUS,CLUSTERED,4
Calc-Training_P_00772_RIGHT_CC_1,P_00772,train,1,/home/majd/CBISDDSM_Preprocessed_v2/images/Calc-Training_P_00772_RIGHT_CC_1.png,/home/majd/CBISDDSM_Preprocessed_v2/masks/Calc-Training_P_00772_RIGHT_CC_1_mask.png,MALIGNANT,CC,1,4,PLEOMORPHIC,CLUSTERED,3
Calc-Training_P_00778_LEFT_CC_1,P_00778,train,1,/home/majd/CBISDDSM_Preprocessed_v2/images/Calc-Training_P_00778_LEFT_CC_1.png,/home/majd/CBISDDSM_Preprocessed_v2/masks/Calc-Training_P_00778_LEFT_CC_1_mask.png,MALIGNANT,CC,1,3,PLEOMORPHIC,CLUSTERED,3
Calc-Training_P_00780_LEFT_CC_1,P_00780,train,0,/home/majd/CBISDDSM_Preprocessed_v2/images/Calc-Training_P_00780_LEFT_CC_1.png,/home/majd/CBISDDSM_Preprocessed_v2/masks/Calc-Training_P_00780_LEFT_CC_1_mask.png,BENIGN_WITHOUT_CALLBACK,CC,1,1,VASCULAR,,5
Calc-Training_P_00780_LEFT_CC_2,P_00780,train,0,/home/majd/CBISDDSM_Preprocessed_v2/images/Calc-Training_P_00780_LEFT_CC_2.png,/home/majd/CBISDDSM_Preprocessed_v2/masks/Calc-Training_P_00780_LEFT_CC_2_mask.png,BENIGN_WITHOUT_CALLBACK,CC,2,1,VASCULAR,,5
Calc-Training_P_00780_RIGHT_CC_1,P_00780,train,0,/home/majd/CBISDDSM_Preprocessed_v2/images/Calc-Training_P_00780_RIGHT_CC_1.png,/home/majd/CBISDDSM_Preprocessed_v2/masks/Calc-Training_P_00780_RIGHT_CC_1_mask.png,BENIGN_WITHOUT_CALLBACK,CC,1,1,VASCULAR,,4
Calc-Training_P_00780_RIGHT_CC_2,P_00780,train,0,/home/majd/CBISDDSM_Preprocessed_v2/images/Calc-Training_P_00780_RIGHT_CC_2.png,/home/majd/CBISDDSM_Preprocessed_v2/masks/Calc-Training_P_00780_RIGHT_CC_2_mask.png,BENIGN_WITHOUT_CALLBACK,CC,2,1,VASCULAR,,4
Calc-Training_P_00780_RIGHT_CC_3,P_00780,train,0,/home/majd/CBISDDSM_Preprocessed_v2/images/Calc-Training_P_00780_RIGHT_CC_3.png,/home/majd/CBISDDSM_Preprocessed_v2/masks/Calc-Training_P_00780_RIGHT_CC_3_mask.png,BENIGN_WITHOUT_CALLBACK,CC,3,1,FINE_LINEAR_BRANCHING,,4
Calc-Training_P_00780_RIGHT_CC_4,P_00780,train,0,/home/majd/CBISDDSM_Preprocessed_v2/images/Calc-Training_P_00780_RIGHT_CC_4.png,/home/majd/CBISDDSM_Preprocessed_v2/masks/Calc-Training_P_00780_RIGHT_CC_4_mask.png,BENIGN_WITHOUT_CALLBACK,CC,4,1,FINE_LINEAR_BRANCHING,,4
Calc-Training_P_00780_RIGHT_CC_5,P_00780,train,0,/home/majd/CBISDDSM_Preprocessed_v2/images/Calc-Training_P_00780_RIGHT_CC_5.png,/home/majd/CBISDDSM_Preprocessed_v2/masks/Calc-Training_P_00780_RIGHT_CC_5_mask.png,BENIGN_WITHOUT_CALLBACK,CC,5,1,FINE_LINEAR_BRANCHING,,4
Calc-Training_P_00784_RIGHT_CC_1,P_00784,train,1,/home/majd/CBISDDSM_Preprocessed_v2/images/Calc-Training_P_00784_RIGHT_CC_1.png,/home/majd/CBISDDSM_Preprocessed_v2/masks/Calc-Training_P_00784_RIGHT_CC_1_mask.png,MALIGNANT,CC,1,1,PLEOMORPHIC,CLUSTERED,5
Calc-Training_P_00787_LEFT_CC_1,P_00787,train,1,/home/majd/CBISDDSM_Preprocessed_v2/images/Calc-Training_P_00787_LEFT_CC_1.png,/home/majd/CBISDDSM_Preprocessed_v2/masks/Calc-Training_P_00787_LEFT_CC_1_mask.png,MALIGNANT,CC,1,3,PLEOMORPHIC,CLUSTERED,4
Calc-Training_P_00792_LEFT_CC_1,P_00792,train,0,/home/majd/CBISDDSM_Preprocessed_v2/images/Calc-Training_P_00792_LEFT_CC_1.png,/home/majd/CBISDDSM_Preprocessed_v2/masks/Calc-Training_P_00792_LEFT_CC_1_mask.png,BENIGN,CC,1,2,AMORPHOUS,CLUSTERED,2
Calc-Training_P_00793_LEFT_CC_1,P_00793,train,0,/home/majd/CBISDDSM_Preprocessed_v2/images/Calc-Training_P_00793_LEFT_CC_1.png,/home/majd/CBISDDSM_Preprocessed_v2/masks/Calc-Training_P_00793_LEFT_CC_1_mask.png,BENIGN,CC,1,4,AMORPHOUS,SEGMENTAL,2
Calc-Training_P_00799_LEFT_CC_1,P_00799,train,0,/home/majd/CBISDDSM_Preprocessed_v2/images/Calc-Training_P_00799_LEFT_CC_1.png,/home/majd/CBISDDSM_Preprocessed_v2/masks/Calc-Training_P_00799_LEFT_CC_1_mask.png,BENIGN_WITHOUT_CALLBACK,CC,1,4,VASCULAR,,5
Calc-Training_P_00799_RIGHT_CC_1,P_00799,train,0,/home/majd/CBISDDSM_Preprocessed_v2/images/Calc-Training_P_00799_RIGHT_CC_1.png,/home/majd/CBISDDSM_Preprocessed_v2/masks/Calc-Training_P_00799_RIGHT_CC_1_mask.png,BENIGN_WITHOUT_CALLBACK,CC,1,4,COARSE,,5
Calc-Training_P_00806_LEFT_CC_1,P_00806,train,0,/home/majd/CBISDDSM_Preprocessed_v2/images/Calc-Training_P_00806_LEFT_CC_1.png,/home/majd/CBISDDSM_Preprocessed_v2/masks/Calc-Training_P_00806_LEFT_CC_1_mask.png,BENIGN,CC,1,4,PLEOMORPHIC,CLUSTERED,2
Calc-Training_P_00808_LEFT_MLO_1,P_00808,train,0,/home/majd/CBISDDSM_Preprocessed_v2/images/Calc-Training_P_00808_LEFT_MLO_1.png,/home/majd/CBISDDSM_Preprocessed_v2/masks/Calc-Training_P_00808_LEFT_MLO_1_mask.png,BENIGN,MLO,1,4,PLEOMORPHIC,CLUSTERED,4
Calc-Training_P_00809_LEFT_CC_1,P_00809,train,1,/home/majd/CBISDDSM_Preprocessed_v2/images/Calc-Training_P_00809_LEFT_CC_1.png,/home/majd/CBISDDSM_Preprocessed_v2/masks/Calc-Training_P_00809_LEFT_CC_1_mask.png,MALIGNANT,CC,1,2,AMORPHOUS,CLUSTERED,2
Calc-Training_P_00812_LEFT_CC_1,P_00812,train,0,/home/majd/CBISDDSM_Preprocessed_v2/images/Calc-Training_P_00812_LEFT_CC_1.png,/home/majd/CBISDDSM_Preprocessed_v2/masks/Calc-Training_P_00812_LEFT_CC_1_mask.png,BENIGN_WITHOUT_CALLBACK,CC,1,2,VASCULAR,,4
Calc-Training_P_00814_LEFT_CC_2,P_00814,train,0,/home/majd/CBISDDSM_Preprocessed_v2/images/Calc-Training_P_00814_LEFT_CC_2.png,/home/majd/CBISDDSM_Preprocessed_v2/masks/Calc-Training_P_00814_LEFT_CC_2_mask.png,BENIGN,CC,2,3,PLEOMORPHIC,DIFFUSELY_SCATTERED,3
Calc-Training_P_00814_RIGHT_CC_1,P_00814,train,0,/home/majd/CBISDDSM_Preprocessed_v2/images/Calc-Training_P_00814_RIGHT_CC_1.png,/home/majd/CBISDDSM_Preprocessed_v2/masks/Calc-Training_P_00814_RIGHT_CC_1_mask.png,BENIGN,CC,1,3,PLEOMORPHIC,DIFFUSELY_SCATTERED,3
Calc-Training_P_00819_RIGHT_CC_1,P_00819,train,0,/home/majd/CBISDDSM_Preprocessed_v2/images/Calc-Training_P_00819_RIGHT_CC_1.png,/home/majd/CBISDDSM_Preprocessed_v2/masks/Calc-Training_P_00819_RIGHT_CC_1_mask.png,BENIGN,CC,1,3,PLEOMORPHIC,CLUSTERED,4
Calc-Training_P_00824_LEFT_CC_1,P_00824,train,0,/home/majd/CBISDDSM_Preprocessed_v2/images/Calc-Training_P_00824_LEFT_CC_1.png,/home/majd/CBISDDSM_Preprocessed_v2/masks/Calc-Training_P_00824_LEFT_CC_1_mask.png,BENIGN,CC,1,2,PLEOMORPHIC,CLUSTERED,5
Calc-Training_P_00825_RIGHT_MLO_1,P_00825,train,0,/home/majd/CBISDDSM_Preprocessed_v2/images/Calc-Training_P_00825_RIGHT_MLO_1.png,/home/majd/CBISDDSM_Preprocessed_v2/masks/Calc-Training_P_00825_RIGHT_MLO_1_mask.png,BENIGN,MLO,1,1,PLEOMORPHIC,CLUSTERED,1
Calc-Training_P_00832_RIGHT_CC_1,P_00832,train,1,/home/majd/CBISDDSM_Preprocessed_v2/images/Calc-Training_P_00832_RIGHT_CC_1.png,/home/majd/CBISDDSM_Preprocessed_v2/masks/Calc-Training_P_00832_RIGHT_CC_1_mask.png,MALIGNANT,CC,1,4,PLEOMORPHIC,SEGMENTAL,4
Calc-Training_P_00833_LEFT_CC_1,P_00833,train,0,/home/majd/CBISDDSM_Preprocessed_v2/images/Calc-Training_P_00833_LEFT_CC_1.png,/home/majd/CBISDDSM_Preprocessed_v2/masks/Calc-Training_P_00833_LEFT_CC_1_mask.png,BENIGN,CC,1,3,AMORPHOUS,CLUSTERED,2
Calc-Training_P_00834_LEFT_CC_1,P_00834,train,0,/home/majd/CBISDDSM_Preprocessed_v2/images/Calc-Training_P_00834_LEFT_CC_1.png,/home/majd/CBISDDSM_Preprocessed_v2/masks/Calc-Training_P_00834_LEFT_CC_1_mask.png,BENIGN,CC,1,2,PUNCTATE,CLUSTERED,3
Calc-Training_P_00835_LEFT_CC_1,P_00835,train,1,/home/majd/CBISDDSM_Preprocessed_v2/images/Calc-Training_P_00835_LEFT_CC_1.png,/home/majd/CBISDDSM_Preprocessed_v2/masks/Calc-Training_P_00835_LEFT_CC_1_mask.png,MALIGNANT,CC,1,3,FINE_LINEAR_BRANCHING,LINEAR,1
Calc-Training_P_00840_RIGHT_CC_1,P_00840,train,0,/home/majd/CBISDDSM_Preprocessed_v2/images/Calc-Training_P_00840_RIGHT_CC_1.png,/home/majd/CBISDDSM_Preprocessed_v2/masks/Calc-Training_P_00840_RIGHT_CC_1_mask.png,BENIGN_WITHOUT_CALLBACK,CC,1,4,LUCENT_CENTER,,3
Calc-Training_P_00842_LEFT_CC_1,P_00842,train,0,/home/majd/CBISDDSM_Preprocessed_v2/images/Calc-Training_P_00842_LEFT_CC_1.png,/home/majd/CBISDDSM_Preprocessed_v2/masks/Calc-Training_P_00842_LEFT_CC_1_mask.png,BENIGN,CC,1,2,PLEOMORPHIC,CLUSTERED,3
Calc-Training_P_00846_LEFT_CC_1,P_00846,train,1,/home/majd/CBISDDSM_Preprocessed_v2/images/Calc-Training_P_00846_LEFT_CC_1.png,/home/majd/CBISDDSM_Preprocessed_v2/masks/Calc-Training_P_00846_LEFT_CC_1_mask.png,MALIGNANT,CC,1,4,PLEOMORPHIC,CLUSTERED,1
Calc-Training_P_00847_LEFT_CC_2,P_00847,train,0,/home/majd/CBISDDSM_Preprocessed_v2/images/Calc-Training_P_00847_LEFT_CC_2.png,/home/majd/CBISDDSM_Preprocessed_v2/masks/Calc-Training_P_00847_LEFT_CC_2_mask.png,BENIGN,CC,2,4,FINE_LINEAR_BRANCHING,CLUSTERED-LINEAR,3
Calc-Training_P_00852_LEFT_CC_1,P_00852,train,1,/home/majd/CBISDDSM_Preprocessed_v2/images/Calc-Training_P_00852_LEFT_CC_1.png,/home/majd/CBISDDSM_Preprocessed_v2/masks/Calc-Training_P_00852_LEFT_CC_1_mask.png,MALIGNANT,CC,1,4,PLEOMORPHIC,CLUSTERED,1
Calc-Training_P_00854_RIGHT_CC_1,P_00854,train,0,/home/majd/CBISDDSM_Preprocessed_v2/images/Calc-Training_P_00854_RIGHT_CC_1.png,/home/majd/CBISDDSM_Preprocessed_v2/masks/Calc-Training_P_00854_RIGHT_CC_1_mask.png,BENIGN,CC,1,4,PUNCTATE,CLUSTERED,1
Calc-Training_P_00855_RIGHT_CC_1,P_00855,train,1,/home/majd/CBISDDSM_Preprocessed_v2/images/Calc-Training_P_00855_RIGHT_CC_1.png,/home/majd/CBISDDSM_Preprocessed_v2/masks/Calc-Training_P_00855_RIGHT_CC_1_mask.png,MALIGNANT,CC,1,3,ROUND_AND_REGULAR-PUNCTATE,DIFFUSELY_SCATTERED,1
Calc-Training_P_00856_LEFT_MLO_1,P_00856,train,1,/home/majd/CBISDDSM_Preprocessed_v2/images/Calc-Training_P_00856_LEFT_MLO_1.png,/home/majd/CBISDDSM_Preprocessed_v2/masks/Calc-Training_P_00856_LEFT_MLO_1_mask.png,MALIGNANT,MLO,1,2,,CLUSTERED,4
Calc-Training_P_00858_LEFT_CC_1,P_00858,train,0,/home/majd/CBISDDSM_Preprocessed_v2/images/Calc-Training_P_00858_LEFT_CC_1.png,/home/majd/CBISDDSM_Preprocessed_v2/masks/Calc-Training_P_00858_LEFT_CC_1_mask.png,BENIGN_WITHOUT_CALLBACK,CC,1,3,LUCENT_CENTERED,,5
Calc-Training_P_00858_RIGHT_CC_1,P_00858,train,0,/home/majd/CBISDDSM_Preprocessed_v2/images/Calc-Training_P_00858_RIGHT_CC_1.png,/home/majd/CBISDDSM_Preprocessed_v2/masks/Calc-Training_P_00858_RIGHT_CC_1_mask.png,BENIGN,CC,1,3,PLEOMORPHIC,CLUSTERED,4
Calc-Training_P_00858_RIGHT_CC_2,P_00858,train,0,/home/majd/CBISDDSM_Preprocessed_v2/images/Calc-Training_P_00858_RIGHT_CC_2.png,/home/majd/CBISDDSM_Preprocessed_v2/masks/Calc-Training_P_00858_RIGHT_CC_2_mask.png,BENIGN_WITHOUT_CALLBACK,CC,2,3,PUNCTATE,CLUSTERED,4
Calc-Training_P_00861_RIGHT_CC_1,P_00861,train,1,/home/majd/CBISDDSM_Preprocessed_v2/images/Calc-Training_P_00861_RIGHT_CC_1.png,/home/majd/CBISDDSM_Preprocessed_v2/masks/Calc-Training_P_00861_RIGHT_CC_1_mask.png,MALIGNANT,CC,1,2,PLEOMORPHIC,CLUSTERED,4
Calc-Training_P_00862_LEFT_CC_1,P_00862,train,1,/home/majd/CBISDDSM_Preprocessed_v2/images/Calc-Training_P_00862_LEFT_CC_1.png,/home/majd/CBISDDSM_Preprocessed_v2/masks/Calc-Training_P_00862_LEFT_CC_1_mask.png,MALIGNANT,CC,1,4,PUNCTATE,CLUSTERED,1
Calc-Training_P_00864_LEFT_CC_1,P_00864,train,1,/home/majd/CBISDDSM_Preprocessed_v2/images/Calc-Training_P_00864_LEFT_CC_1.png,/home/majd/CBISDDSM_Preprocessed_v2/masks/Calc-Training_P_00864_LEFT_CC_1_mask.png,MALIGNANT,CC,1,3,PLEOMORPHIC-FINE_LINEAR_BRANCHING,SEGMENTAL,3
Calc-Training_P_00866_RIGHT_CC_1,P_00866,train,0,/home/majd/CBISDDSM_Preprocessed_v2/images/Calc-Training_P_00866_RIGHT_CC_1.png,/home/majd/CBISDDSM_Preprocessed_v2/masks/Calc-Training_P_00866_RIGHT_CC_1_mask.png,BENIGN,CC,1,2,PLEOMORPHIC,CLUSTERED,3
Calc-Training_P_00868_RIGHT_CC_1,P_00868,train,0,/home/majd/CBISDDSM_Preprocessed_v2/images/Calc-Training_P_00868_RIGHT_CC_1.png,/home/majd/CBISDDSM_Preprocessed_v2/masks/Calc-Training_P_00868_RIGHT_CC_1_mask.png,BENIGN,CC,1,2,PLEOMORPHIC,CLUSTERED,4
Calc-Training_P_00877_LEFT_CC_1,P_00877,train,0,/home/majd/CBISDDSM_Preprocessed_v2/images/Calc-Training_P_00877_LEFT_CC_1.png,/home/majd/CBISDDSM_Preprocessed_v2/masks/Calc-Training_P_00877_LEFT_CC_1_mask.png,BENIGN,CC,1,2,PLEOMORPHIC-FINE_LINEAR_BRANCHING,CLUSTERED,2
Calc-Training_P_00877_LEFT_CC_2,P_00877,train,0,/home/majd/CBISDDSM_Preprocessed_v2/images/Calc-Training_P_00877_LEFT_CC_2.png,/home/majd/CBISDDSM_Preprocessed_v2/masks/Calc-Training_P_00877_LEFT_CC_2_mask.png,BENIGN,CC,2,2,PLEOMORPHIC,CLUSTERED,4
Calc-Training_P_00878_LEFT_CC_1,P_00878,train,0,/home/majd/CBISDDSM_Preprocessed_v2/images/Calc-Training_P_00878_LEFT_CC_1.png,/home/majd/CBISDDSM_Preprocessed_v2/masks/Calc-Training_P_00878_LEFT_CC_1_mask.png,BENIGN_WITHOUT_CALLBACK,CC,1,2,LUCENT_CENTER,,5
Calc-Training_P_00880_RIGHT_CC_1,P_00880,train,1,/home/majd/CBISDDSM_Preprocessed_v2/images/Calc-Training_P_00880_RIGHT_CC_1.png,/home/majd/CBISDDSM_Preprocessed_v2/masks/Calc-Training_P_00880_RIGHT_CC_1_mask.png,MALIGNANT,CC,1,4,PLEOMORPHIC,CLUSTERED,2
Calc-Training_P_00882_LEFT_CC_1,P_00882,train,0,/home/majd/CBISDDSM_Preprocessed_v2/images/Calc-Training_P_00882_LEFT_CC_1.png,/home/majd/CBISDDSM_Preprocessed_v2/masks/Calc-Training_P_00882_LEFT_CC_1_mask.png,BENIGN,CC,1,2,PLEOMORPHIC,CLUSTERED,4
Calc-Training_P_00883_RIGHT_CC_1,P_00883,train,1,/home/majd/CBISDDSM_Preprocessed_v2/images/Calc-Training_P_00883_RIGHT_CC_1.png,/home/majd/CBISDDSM_Preprocessed_v2/masks/Calc-Training_P_00883_RIGHT_CC_1_mask.png,MALIGNANT,CC,1,3,PLEOMORPHIC,REGIONAL,5
Calc-Training_P_00890_RIGHT_MLO_1,P_00890,train,1,/home/majd/CBISDDSM_Preprocessed_v2/images/Calc-Training_P_00890_RIGHT_MLO_1.png,/home/majd/CBISDDSM_Preprocessed_v2/masks/Calc-Training_P_00890_RIGHT_MLO_1_mask.png,MALIGNANT,MLO,1,2,PLEOMORPHIC,CLUSTERED,2
Calc-Training_P_00895_RIGHT_CC_1,P_00895,train,0,/home/majd/CBISDDSM_Preprocessed_v2/images/Calc-Training_P_00895_RIGHT_CC_1.png,/home/majd/CBISDDSM_Preprocessed_v2/masks/Calc-Training_P_00895_RIGHT_CC_1_mask.png,BENIGN_WITHOUT_CALLBACK,CC,1,2,LUCENT_CENTER,,5
Calc-Training_P_00897_LEFT_CC_1,P_00897,train,0,/home/majd/CBISDDSM_Preprocessed_v2/images/Calc-Training_P_00897_LEFT_CC_1.png,/home/majd/CBISDDSM_Preprocessed_v2/masks/Calc-Training_P_00897_LEFT_CC_1_mask.png,BENIGN,CC,1,4,PLEOMORPHIC,CLUSTERED,3
Calc-Training_P_00899_RIGHT_CC_1,P_00899,train,0,/home/majd/CBISDDSM_Preprocessed_v2/images/Calc-Training_P_00899_RIGHT_CC_1.png,/home/majd/CBISDDSM_Preprocessed_v2/masks/Calc-Training_P_00899_RIGHT_CC_1_mask.png,BENIGN,CC,1,4,PLEOMORPHIC,CLUSTERED,2
Calc-Training_P_00909_LEFT_MLO_1,P_00909,train,0,/home/majd/CBISDDSM_Preprocessed_v2/images/Calc-Training_P_00909_LEFT_MLO_1.png,/home/majd/CBISDDSM_Preprocessed_v2/masks/Calc-Training_P_00909_LEFT_MLO_1_mask.png,BENIGN,MLO,1,2,PLEOMORPHIC,CLUSTERED,3
Calc-Training_P_00912_LEFT_CC_1,P_00912,train,0,/home/majd/CBISDDSM_Preprocessed_v2/images/Calc-Training_P_00912_LEFT_CC_1.png,/home/majd/CBISDDSM_Preprocessed_v2/masks/Calc-Training_P_00912_LEFT_CC_1_mask.png,BENIGN,CC,1,2,PUNCTATE,CLUSTERED,2
Calc-Training_P_00916_RIGHT_MLO_1,P_00916,train,1,/home/majd/CBISDDSM_Preprocessed_v2/images/Calc-Training_P_00916_RIGHT_MLO_1.png,/home/majd/CBISDDSM_Preprocessed_v2/masks/Calc-Training_P_00916_RIGHT_MLO_1_mask.png,MALIGNANT,MLO,1,4,PUNCTATE,CLUSTERED,1
Calc-Training_P_00923_RIGHT_CC_1,P_00923,train,0,/home/majd/CBISDDSM_Preprocessed_v2/images/Calc-Training_P_00923_RIGHT_CC_1.png,/home/majd/CBISDDSM_Preprocessed_v2/masks/Calc-Training_P_00923_RIGHT_CC_1_mask.png,BENIGN,CC,1,3,PLEOMORPHIC,CLUSTERED,3
Calc-Training_P_00924_LEFT_CC_1,P_00924,train,0,/home/majd/CBISDDSM_Preprocessed_v2/images/Calc-Training_P_00924_LEFT_CC_1.png,/home/majd/CBISDDSM_Preprocessed_v2/masks/Calc-Training_P_00924_LEFT_CC_1_mask.png,BENIGN_WITHOUT_CALLBACK,CC,1,1,SKIN-PUNCTATE,,3
Calc-Training_P_00924_LEFT_MLO_2,P_00924,train,0,/home/majd/CBISDDSM_Preprocessed_v2/images/Calc-Training_P_00924_LEFT_MLO_2.png,/home/majd/CBISDDSM_Preprocessed_v2/masks/Calc-Training_P_00924_LEFT_MLO_2_mask.png,BENIGN_WITHOUT_CALLBACK,MLO,2,1,SKIN-PUNCTATE,,3
Calc-Training_P_00924_LEFT_MLO_3,P_00924,train,0,/home/majd/CBISDDSM_Preprocessed_v2/images/Calc-Training_P_00924_LEFT_MLO_3.png,/home/majd/CBISDDSM_Preprocessed_v2/masks/Calc-Training_P_00924_LEFT_MLO_3_mask.png,BENIGN_WITHOUT_CALLBACK,MLO,3,1,SKIN-PUNCTATE,,3
Calc-Training_P_00924_RIGHT_CC_2,P_00924,train,0,/home/majd/CBISDDSM_Preprocessed_v2/images/Calc-Training_P_00924_RIGHT_CC_2.png,/home/majd/CBISDDSM_Preprocessed_v2/masks/Calc-Training_P_00924_RIGHT_CC_2_mask.png,BENIGN_WITHOUT_CALLBACK,CC,2,1,SKIN-PUNCTATE-ROUND_AND_REGULAR,,3
Calc-Training_P_00924_RIGHT_MLO_3,P_00924,train,0,/home/majd/CBISDDSM_Preprocessed_v2/images/Calc-Training_P_00924_RIGHT_MLO_3.png,/home/majd/CBISDDSM_Preprocessed_v2/masks/Calc-Training_P_00924_RIGHT_MLO_3_mask.png,BENIGN_WITHOUT_CALLBACK,MLO,3,1,SKIN-PUNCTATE-ROUND_AND_REGULAR,,3
Calc-Training_P_00924_RIGHT_MLO_4,P_00924,train,0,/home/majd/CBISDDSM_Preprocessed_v2/images/Calc-Training_P_00924_RIGHT_MLO_4.png,/home/majd/CBISDDSM_Preprocessed_v2/masks/Calc-Training_P_00924_RIGHT_MLO_4_mask.png,BENIGN_WITHOUT_CALLBACK,MLO,4,1,SKIN-PUNCTATE-ROUND_AND_REGULAR,,3
Calc-Training_P_00925_RIGHT_CC_1,P_00925,train,1,/home/majd/CBISDDSM_Preprocessed_v2/images/Calc-Training_P_00925_RIGHT_CC_1.png,/home/majd/CBISDDSM_Preprocessed_v2/masks/Calc-Training_P_00925_RIGHT_CC_1_mask.png,MALIGNANT,CC,1,3,AMORPHOUS,CLUSTERED,5
Calc-Training_P_00926_LEFT_CC_1,P_00926,train,0,/home/majd/CBISDDSM_Preprocessed_v2/images/Calc-Training_P_00926_LEFT_CC_1.png,/home/majd/CBISDDSM_Preprocessed_v2/masks/Calc-Training_P_00926_LEFT_CC_1_mask.png,BENIGN,CC,1,2,PLEOMORPHIC,CLUSTERED,4
Calc-Training_P_00930_LEFT_CC_1,P_00930,train,1,/home/majd/CBISDDSM_Preprocessed_v2/images/Calc-Training_P_00930_LEFT_CC_1.png,/home/majd/CBISDDSM_Preprocessed_v2/masks/Calc-Training_P_00930_LEFT_CC_1_mask.png,MALIGNANT,CC,1,3,PLEOMORPHIC,CLUSTERED,3
Calc-Training_P_00933_LEFT_CC_1,P_00933,train,1,/home/majd/CBISDDSM_Preprocessed_v2/images/Calc-Training_P_00933_LEFT_CC_1.png,/home/majd/CBISDDSM_Preprocessed_v2/masks/Calc-Training_P_00933_LEFT_CC_1_mask.png,MALIGNANT,CC,1,3,PLEOMORPHIC,CLUSTERED,1
Calc-Training_P_00937_LEFT_CC_1,P_00937,train,1,/home/majd/CBISDDSM_Preprocessed_v2/images/Calc-Training_P_00937_LEFT_CC_1.png,/home/majd/CBISDDSM_Preprocessed_v2/masks/Calc-Training_P_00937_LEFT_CC_1_mask.png,MALIGNANT,CC,1,3,PLEOMORPHIC,SEGMENTAL,5
Calc-Training_P_00937_RIGHT_CC_1,P_00937,train,1,/home/majd/CBISDDSM_Preprocessed_v2/images/Calc-Training_P_00937_RIGHT_CC_1.png,/home/majd/CBISDDSM_Preprocessed_v2/masks/Calc-Training_P_00937_RIGHT_CC_1_mask.png,MALIGNANT,CC,1,3,AMORPHOUS,CLUSTERED,3
Calc-Training_P_00937_RIGHT_CC_2,P_00937,train,0,/home/majd/CBISDDSM_Preprocessed_v2/images/Calc-Training_P_00937_RIGHT_CC_2.png,/home/majd/CBISDDSM_Preprocessed_v2/masks/Calc-Training_P_00937_RIGHT_CC_2_mask.png,BENIGN,CC,2,3,AMORPHOUS,CLUSTERED,3
Calc-Training_P_00944_LEFT_CC_1,P_00944,train,0,/home/majd/CBISDDSM_Preprocessed_v2/images/Calc-Training_P_00944_LEFT_CC_1.png,/home/majd/CBISDDSM_Preprocessed_v2/masks/Calc-Training_P_00944_LEFT_CC_1_mask.png,BENIGN,CC,1,1,PLEOMORPHIC,CLUSTERED,3
Calc-Training_P_00945_RIGHT_CC_1,P_00945,train,1,/home/majd/CBISDDSM_Preprocessed_v2/images/Calc-Training_P_00945_RIGHT_CC_1.png,/home/majd/CBISDDSM_Preprocessed_v2/masks/Calc-Training_P_00945_RIGHT_CC_1_mask.png,MALIGNANT,CC,1,3,PLEOMORPHIC,CLUSTERED,2
Calc-Training_P_00953_LEFT_CC_1,P_00953,train,0,/home/majd/CBISDDSM_Preprocessed_v2/images/Calc-Training_P_00953_LEFT_CC_1.png,/home/majd/CBISDDSM_Preprocessed_v2/masks/Calc-Training_P_00953_LEFT_CC_1_mask.png,BENIGN,CC,1,2,AMORPHOUS,CLUSTERED,2
Calc-Training_P_00954_RIGHT_CC_1,P_00954,train,1,/home/majd/CBISDDSM_Preprocessed_v2/images/Calc-Training_P_00954_RIGHT_CC_1.png,/home/majd/CBISDDSM_Preprocessed_v2/masks/Calc-Training_P_00954_RIGHT_CC_1_mask.png,MALIGNANT,CC,1,4,PLEOMORPHIC,CLUSTERED,3
Calc-Training_P_00955_RIGHT_CC_1,P_00955,train,0,/home/majd/CBISDDSM_Preprocessed_v2/images/Calc-Training_P_00955_RIGHT_CC_1.png,/home/majd/CBISDDSM_Preprocessed_v2/masks/Calc-Training_P_00955_RIGHT_CC_1_mask.png,BENIGN,CC,1,2,PLEOMORPHIC,CLUSTERED,2
Calc-Training_P_00956_LEFT_MLO_1,P_00956,train,0,/home/majd/CBISDDSM_Preprocessed_v2/images/Calc-Training_P_00956_LEFT_MLO_1.png,/home/majd/CBISDDSM_Preprocessed_v2/masks/Calc-Training_P_00956_LEFT_MLO_1_mask.png,BENIGN,MLO,1,3,PLEOMORPHIC,CLUSTERED,2
Calc-Training_P_00960_LEFT_CC_1,P_00960,train,0,/home/majd/CBISDDSM_Preprocessed_v2/images/Calc-Training_P_00960_LEFT_CC_1.png,/home/majd/CBISDDSM_Preprocessed_v2/masks/Calc-Training_P_00960_LEFT_CC_1_mask.png,BENIGN,CC,1,2,PLEOMORPHIC,CLUSTERED,2
Calc-Training_P_00965_LEFT_CC_1,P_00965,train,0,/home/majd/CBISDDSM_Preprocessed_v2/images/Calc-Training_P_00965_LEFT_CC_1.png,/home/majd/CBISDDSM_Preprocessed_v2/masks/Calc-Training_P_00965_LEFT_CC_1_mask.png,BENIGN,CC,1,2,PLEOMORPHIC,CLUSTERED,2
Calc-Training_P_00967_RIGHT_CC_1,P_00967,train,1,/home/majd/CBISDDSM_Preprocessed_v2/images/Calc-Training_P_00967_RIGHT_CC_1.png,/home/majd/CBISDDSM_Preprocessed_v2/masks/Calc-Training_P_00967_RIGHT_CC_1_mask.png,MALIGNANT,CC,1,2,PLEOMORPHIC,CLUSTERED,5
Calc-Training_P_00969_LEFT_CC_2,P_00969,train,1,/home/majd/CBISDDSM_Preprocessed_v2/images/Calc-Training_P_00969_LEFT_CC_2.png,/home/majd/CBISDDSM_Preprocessed_v2/masks/Calc-Training_P_00969_LEFT_CC_2_mask.png,MALIGNANT,CC,2,3,PLEOMORPHIC,LINEAR-SEGMENTAL,3
Calc-Training_P_00969_LEFT_MLO_3,P_00969,train,1,/home/majd/CBISDDSM_Preprocessed_v2/images/Calc-Training_P_00969_LEFT_MLO_3.png,/home/majd/CBISDDSM_Preprocessed_v2/masks/Calc-Training_P_00969_LEFT_MLO_3_mask.png,MALIGNANT,MLO,3,3,PLEOMORPHIC,LINEAR-SEGMENTAL,3
Calc-Training_P_00969_LEFT_MLO_5,P_00969,train,1,/home/majd/CBISDDSM_Preprocessed_v2/images/Calc-Training_P_00969_LEFT_MLO_5.png,/home/majd/CBISDDSM_Preprocessed_v2/masks/Calc-Training_P_00969_LEFT_MLO_5_mask.png,MALIGNANT,MLO,5,3,PLEOMORPHIC,LINEAR-SEGMENTAL,3
Calc-Training_P_00971_RIGHT_MLO_1,P_00971,train,1,/home/majd/CBISDDSM_Preprocessed_v2/images/Calc-Training_P_00971_RIGHT_MLO_1.png,/home/majd/CBISDDSM_Preprocessed_v2/masks/Calc-Training_P_00971_RIGHT_MLO_1_mask.png,MALIGNANT,MLO,1,2,PLEOMORPHIC,CLUSTERED,4
Calc-Training_P_00973_RIGHT_CC_1,P_00973,train,0,/home/majd/CBISDDSM_Preprocessed_v2/images/Calc-Training_P_00973_RIGHT_CC_1.png,/home/majd/CBISDDSM_Preprocessed_v2/masks/Calc-Training_P_00973_RIGHT_CC_1_mask.png,BENIGN,CC,1,4,AMORPHOUS,SEGMENTAL,3
Calc-Training_P_00977_LEFT_MLO_1,P_00977,train,0,/home/majd/CBISDDSM_Preprocessed_v2/images/Calc-Training_P_00977_LEFT_MLO_1.png,/home/majd/CBISDDSM_Preprocessed_v2/masks/Calc-Training_P_00977_LEFT_MLO_1_mask.png,BENIGN,MLO,1,4,AMORPHOUS,CLUSTERED,2
Calc-Training_P_00978_LEFT_CC_1,P_00978,train,1,/home/majd/CBISDDSM_Preprocessed_v2/images/Calc-Training_P_00978_LEFT_CC_1.png,/home/majd/CBISDDSM_Preprocessed_v2/masks/Calc-Training_P_00978_LEFT_CC_1_mask.png,MALIGNANT,CC,1,3,AMORPHOUS-PLEOMORPHIC,CLUSTERED,2
Calc-Training_P_00981_LEFT_CC_1,P_00981,train,1,/home/majd/CBISDDSM_Preprocessed_v2/images/Calc-Training_P_00981_LEFT_CC_1.png,/home/majd/CBISDDSM_Preprocessed_v2/masks/Calc-Training_P_00981_LEFT_CC_1_mask.png,MALIGNANT,CC,1,3,PLEOMORPHIC,SEGMENTAL,3
Calc-Training_P_00983_LEFT_CC_1,P_00983,train,1,/home/majd/CBISDDSM_Preprocessed_v2/images/Calc-Training_P_00983_LEFT_CC_1.png,/home/majd/CBISDDSM_Preprocessed_v2/masks/Calc-Training_P_00983_LEFT_CC_1_mask.png,MALIGNANT,CC,1,3,PLEOMORPHIC,SEGMENTAL,2
Calc-Training_P_00989_RIGHT_CC_1,P_00989,train,1,/home/majd/CBISDDSM_Preprocessed_v2/images/Calc-Training_P_00989_RIGHT_CC_1.png,/home/majd/CBISDDSM_Preprocessed_v2/masks/Calc-Training_P_00989_RIGHT_CC_1_mask.png,MALIGNANT,CC,1,3,PUNCTATE-PLEOMORPHIC,CLUSTERED,2
Calc-Training_P_00989_RIGHT_CC_2,P_00989,train,1,/home/majd/CBISDDSM_Preprocessed_v2/images/Calc-Training_P_00989_RIGHT_CC_2.png,/home/majd/CBISDDSM_Preprocessed_v2/masks/Calc-Training_P_00989_RIGHT_CC_2_mask.png,MALIGNANT,CC,2,3,PUNCTATE-PLEOMORPHIC,CLUSTERED,2
Calc-Training_P_00991_LEFT_CC_1,P_00991,train,0,/home/majd/CBISDDSM_Preprocessed_v2/images/Calc-Training_P_00991_LEFT_CC_1.png,/home/majd/CBISDDSM_Preprocessed_v2/masks/Calc-Training_P_00991_LEFT_CC_1_mask.png,BENIGN_WITHOUT_CALLBACK,CC,1,2,LUCENT_CENTER,,4
Calc-Training_P_00992_LEFT_CC_1,P_00992,train,0,/home/majd/CBISDDSM_Preprocessed_v2/images/Calc-Training_P_00992_LEFT_CC_1.png,/home/majd/CBISDDSM_Preprocessed_v2/masks/Calc-Training_P_00992_LEFT_CC_1_mask.png,BENIGN_WITHOUT_CALLBACK,CC,1,3,DYSTROPHIC,CLUSTERED,5
Calc-Training_P_00992_RIGHT_CC_1,P_00992,train,1,/home/majd/CBISDDSM_Preprocessed_v2/images/Calc-Training_P_00992_RIGHT_CC_1.png,/home/majd/CBISDDSM_Preprocessed_v2/masks/Calc-Training_P_00992_RIGHT_CC_1_mask.png,MALIGNANT,CC,1,3,FINE_LINEAR_BRANCHING,SEGMENTAL,5
Calc-Training_P_00993_RIGHT_CC_1,P_00993,train,1,/home/majd/CBISDDSM_Preprocessed_v2/images/Calc-Training_P_00993_RIGHT_CC_1.png,/home/majd/CBISDDSM_Preprocessed_v2/masks/Calc-Training_P_00993_RIGHT_CC_1_mask.png,MALIGNANT,CC,1,3,PLEOMORPHIC,LINEAR,4
Calc-Training_P_00998_LEFT_CC_1,P_00998,train,1,/home/majd/CBISDDSM_Preprocessed_v2/images/Calc-Training_P_00998_LEFT_CC_1.png,/home/majd/CBISDDSM_Preprocessed_v2/masks/Calc-Training_P_00998_LEFT_CC_1_mask.png,MALIGNANT,CC,1,4,PLEOMORPHIC,LINEAR,1
Calc-Training_P_01002_LEFT_CC_1,P_01002,train,1,/home/majd/CBISDDSM_Preprocessed_v2/images/Calc-Training_P_01002_LEFT_CC_1.png,/home/majd/CBISDDSM_Preprocessed_v2/masks/Calc-Training_P_01002_LEFT_CC_1_mask.png,MALIGNANT,CC,1,3,FINE_LINEAR_BRANCHING,REGIONAL,5
Calc-Training_P_01003_LEFT_CC_1,P_01003,train,0,/home/majd/CBISDDSM_Preprocessed_v2/images/Calc-Training_P_01003_LEFT_CC_1.png,/home/majd/CBISDDSM_Preprocessed_v2/masks/Calc-Training_P_01003_LEFT_CC_1_mask.png,BENIGN_WITHOUT_CALLBACK,CC,1,1,COARSE,,5
Calc-Training_P_01010_RIGHT_MLO_1,P_01010,train,0,/home/majd/CBISDDSM_Preprocessed_v2/images/Calc-Training_P_01010_RIGHT_MLO_1.png,/home/majd/CBISDDSM_Preprocessed_v2/masks/Calc-Training_P_01010_RIGHT_MLO_1_mask.png,BENIGN,MLO,1,3,PUNCTATE,CLUSTERED,1
Calc-Training_P_01015_LEFT_CC_1,P_01015,train,1,/home/majd/CBISDDSM_Preprocessed_v2/images/Calc-Training_P_01015_LEFT_CC_1.png,/home/majd/CBISDDSM_Preprocessed_v2/masks/Calc-Training_P_01015_LEFT_CC_1_mask.png,MALIGNANT,CC,1,2,PLEOMORPHIC,LINEAR,2
Calc-Training_P_01016_RIGHT_MLO_1,P_01016,train,0,/home/majd/CBISDDSM_Preprocessed_v2/images/Calc-Training_P_01016_RIGHT_MLO_1.png,/home/majd/CBISDDSM_Preprocessed_v2/masks/Calc-Training_P_01016_RIGHT_MLO_1_mask.png,BENIGN,MLO,1,4,AMORPHOUS,CLUSTERED,3
Calc-Training_P_01019_LEFT_CC_1,P_01019,train,0,/home/majd/CBISDDSM_Preprocessed_v2/images/Calc-Training_P_01019_LEFT_CC_1.png,/home/majd/CBISDDSM_Preprocessed_v2/masks/Calc-Training_P_01019_LEFT_CC_1_mask.png,BENIGN,CC,1,2,MILK_OF_CALCIUM,CLUSTERED,3
Calc-Training_P_01029_LEFT_CC_1,P_01029,train,0,/home/majd/CBISDDSM_Preprocessed_v2/images/Calc-Training_P_01029_LEFT_CC_1.png,/home/majd/CBISDDSM_Preprocessed_v2/masks/Calc-Training_P_01029_LEFT_CC_1_mask.png,BENIGN_WITHOUT_CALLBACK,CC,1,2,PUNCTATE,,3
Calc-Training_P_01029_LEFT_CC_2,P_01029,train,0,/home/majd/CBISDDSM_Preprocessed_v2/images/Calc-Training_P_01029_LEFT_CC_2.png,/home/majd/CBISDDSM_Preprocessed_v2/masks/Calc-Training_P_01029_LEFT_CC_2_mask.png,BENIGN_WITHOUT_CALLBACK,CC,2,2,PUNCTATE,,3
Calc-Training_P_01029_LEFT_CC_3,P_01029,train,0,/home/majd/CBISDDSM_Preprocessed_v2/images/Calc-Training_P_01029_LEFT_CC_3.png,/home/majd/CBISDDSM_Preprocessed_v2/masks/Calc-Training_P_01029_LEFT_CC_3_mask.png,BENIGN_WITHOUT_CALLBACK,CC,3,2,PUNCTATE,,3
Calc-Training_P_01029_RIGHT_CC_1,P_01029,train,0,/home/majd/CBISDDSM_Preprocessed_v2/images/Calc-Training_P_01029_RIGHT_CC_1.png,/home/majd/CBISDDSM_Preprocessed_v2/masks/Calc-Training_P_01029_RIGHT_CC_1_mask.png,BENIGN_WITHOUT_CALLBACK,CC,1,2,PUNCTATE,,3
Calc-Training_P_01033_LEFT_CC_1,P_01033,train,0,/home/majd/CBISDDSM_Preprocessed_v2/images/Calc-Training_P_01033_LEFT_CC_1.png,/home/majd/CBISDDSM_Preprocessed_v2/masks/Calc-Training_P_01033_LEFT_CC_1_mask.png,BENIGN,CC,1,2,AMORPHOUS,CLUSTERED,1
Calc-Training_P_01034_LEFT_CC_1,P_01034,train,0,/home/majd/CBISDDSM_Preprocessed_v2/images/Calc-Training_P_01034_LEFT_CC_1.png,/home/majd/CBISDDSM_Preprocessed_v2/masks/Calc-Training_P_01034_LEFT_CC_1_mask.png,BENIGN,CC,1,2,PLEOMORPHIC-PLEOMORPHIC,REGIONAL-REGIONAL,4
Calc-Training_P_01034_LEFT_CC_2,P_01034,train,0,/home/majd/CBISDDSM_Preprocessed_v2/images/Calc-Training_P_01034_LEFT_CC_2.png,/home/majd/CBISDDSM_Preprocessed_v2/masks/Calc-Training_P_01034_LEFT_CC_2_mask.png,BENIGN,CC,2,2,PLEOMORPHIC,REGIONAL,4
Calc-Training_P_01034_LEFT_MLO_3,P_01034,train,0,/home/majd/CBISDDSM_Preprocessed_v2/images/Calc-Training_P_01034_LEFT_MLO_3.png,/home/majd/CBISDDSM_Preprocessed_v2/masks/Calc-Training_P_01034_LEFT_MLO_3_mask.png,BENIGN,MLO,3,2,PLEOMORPHIC,REGIONAL,4
Calc-Training_P_01037_LEFT_CC_1,P_01037,train,0,/home/majd/CBISDDSM_Preprocessed_v2/images/Calc-Training_P_01037_LEFT_CC_1.png,/home/majd/CBISDDSM_Preprocessed_v2/masks/Calc-Training_P_01037_LEFT_CC_1_mask.png,BENIGN,CC,1,4,PLEOMORPHIC,CLUSTERED,2
Calc-Training_P_01040_RIGHT_CC_1,P_01040,train,0,/home/majd/CBISDDSM_Preprocessed_v2/images/Calc-Training_P_01040_RIGHT_CC_1.png,/home/majd/CBISDDSM_Preprocessed_v2/masks/Calc-Training_P_01040_RIGHT_CC_1_mask.png,BENIGN,CC,1,3,PLEOMORPHIC,CLUSTERED,2
Calc-Training_P_01041_RIGHT_CC_1,P_01041,train,1,/home/majd/CBISDDSM_Preprocessed_v2/images/Calc-Training_P_01041_RIGHT_CC_1.png,/home/majd/CBISDDSM_Preprocessed_v2/masks/Calc-Training_P_01041_RIGHT_CC_1_mask.png,MALIGNANT,CC,1,4,PUNCTATE-PLEOMORPHIC,CLUSTERED,3
Calc-Training_P_01043_RIGHT_CC_1,P_01043,train,1,/home/majd/CBISDDSM_Preprocessed_v2/images/Calc-Training_P_01043_RIGHT_CC_1.png,/home/majd/CBISDDSM_Preprocessed_v2/masks/Calc-Training_P_01043_RIGHT_CC_1_mask.png,MALIGNANT,CC,1,2,PLEOMORPHIC,CLUSTERED,3
Calc-Training_P_01045_RIGHT_CC_1,P_01045,train,1,/home/majd/CBISDDSM_Preprocessed_v2/images/Calc-Training_P_01045_RIGHT_CC_1.png,/home/majd/CBISDDSM_Preprocessed_v2/masks/Calc-Training_P_01045_RIGHT_CC_1_mask.png,MALIGNANT,CC,1,2,PLEOMORPHIC,LINEAR,2
Calc-Training_P_01046_LEFT_CC_1,P_01046,train,0,/home/majd/CBISDDSM_Preprocessed_v2/images/Calc-Training_P_01046_LEFT_CC_1.png,/home/majd/CBISDDSM_Preprocessed_v2/masks/Calc-Training_P_01046_LEFT_CC_1_mask.png,BENIGN,CC,1,2,PLEOMORPHIC,CLUSTERED,1
Calc-Training_P_01049_LEFT_CC_1,P_01049,train,0,/home/majd/CBISDDSM_Preprocessed_v2/images/Calc-Training_P_01049_LEFT_CC_1.png,/home/majd/CBISDDSM_Preprocessed_v2/masks/Calc-Training_P_01049_LEFT_CC_1_mask.png,BENIGN_WITHOUT_CALLBACK,CC,1,3,LUCENT_CENTER,,3
Calc-Training_P_01053_LEFT_CC_1,P_01053,train,0,/home/majd/CBISDDSM_Preprocessed_v2/images/Calc-Training_P_01053_LEFT_CC_1.png,/home/majd/CBISDDSM_Preprocessed_v2/masks/Calc-Training_P_01053_LEFT_CC_1_mask.png,BENIGN,CC,1,2,PLEOMORPHIC,CLUSTERED,3
Calc-Training_P_01056_RIGHT_CC_1,P_01056,train,0,/home/majd/CBISDDSM_Preprocessed_v2/images/Calc-Training_P_01056_RIGHT_CC_1.png,/home/majd/CBISDDSM_Preprocessed_v2/masks/Calc-Training_P_01056_RIGHT_CC_1_mask.png,BENIGN,CC,1,4,PLEOMORPHIC,CLUSTERED,1
Calc-Training_P_01059_LEFT_CC_1,P_01059,train,1,/home/majd/CBISDDSM_Preprocessed_v2/images/Calc-Training_P_01059_LEFT_CC_1.png,/home/majd/CBISDDSM_Preprocessed_v2/masks/Calc-Training_P_01059_LEFT_CC_1_mask.png,MALIGNANT,CC,1,4,PLEOMORPHIC,SEGMENTAL,3
Calc-Training_P_01060_RIGHT_CC_1,P_01060,train,1,/home/majd/CBISDDSM_Preprocessed_v2/images/Calc-Training_P_01060_RIGHT_CC_1.png,/home/majd/CBISDDSM_Preprocessed_v2/masks/Calc-Training_P_01060_RIGHT_CC_1_mask.png,MALIGNANT,CC,1,1,PLEOMORPHIC,LINEAR,3
Calc-Training_P_01063_RIGHT_MLO_1,P_01063,train,0,/home/majd/CBISDDSM_Preprocessed_v2/images/Calc-Training_P_01063_RIGHT_MLO_1.png,/home/majd/CBISDDSM_Preprocessed_v2/masks/Calc-Training_P_01063_RIGHT_MLO_1_mask.png,BENIGN,MLO,1,4,PUNCTATE,CLUSTERED,1
Calc-Training_P_01064_LEFT_MLO_1,P_01064,train,1,/home/majd/CBISDDSM_Preprocessed_v2/images/Calc-Training_P_01064_LEFT_MLO_1.png,/home/majd/CBISDDSM_Preprocessed_v2/masks/Calc-Training_P_01064_LEFT_MLO_1_mask.png,MALIGNANT,MLO,1,2,PLEOMORPHIC,CLUSTERED,3
Calc-Training_P_01065_LEFT_CC_1,P_01065,train,1,/home/majd/CBISDDSM_Preprocessed_v2/images/Calc-Training_P_01065_LEFT_CC_1.png,/home/majd/CBISDDSM_Preprocessed_v2/masks/Calc-Training_P_01065_LEFT_CC_1_mask.png,MALIGNANT,CC,1,4,AMORPHOUS-PLEOMORPHIC,SEGMENTAL,5
Calc-Training_P_01066_RIGHT_CC_1,P_01066,train,0,/home/majd/CBISDDSM_Preprocessed_v2/images/Calc-Training_P_01066_RIGHT_CC_1.png,/home/majd/CBISDDSM_Preprocessed_v2/masks/Calc-Training_P_01066_RIGHT_CC_1_mask.png,BENIGN,CC,1,3,PLEOMORPHIC,CLUSTERED,2
Calc-Training_P_01069_LEFT_CC_1,P_01069,train,0,/home/majd/CBISDDSM_Preprocessed_v2/images/Calc-Training_P_01069_LEFT_CC_1.png,/home/majd/CBISDDSM_Preprocessed_v2/masks/Calc-Training_P_01069_LEFT_CC_1_mask.png,BENIGN_WITHOUT_CALLBACK,CC,1,2,ROUND_AND_REGULAR,,4
Calc-Training_P_01069_RIGHT_CC_1,P_01069,train,0,/home/majd/CBISDDSM_Preprocessed_v2/images/Calc-Training_P_01069_RIGHT_CC_1.png,/home/majd/CBISDDSM_Preprocessed_v2/masks/Calc-Training_P_01069_RIGHT_CC_1_mask.png,BENIGN_WITHOUT_CALLBACK,CC,1,2,ROUND_AND_REGULAR,,3
Calc-Training_P_01072_LEFT_CC_1,P_01072,train,1,/home/majd/CBISDDSM_Preprocessed_v2/images/Calc-Training_P_01072_LEFT_CC_1.png,/home/majd/CBISDDSM_Preprocessed_v2/masks/Calc-Training_P_01072_LEFT_CC_1_mask.png,MALIGNANT,CC,1,3,PLEOMORPHIC,CLUSTERED,3
Calc-Training_P_01073_RIGHT_CC_1,P_01073,train,0,/home/majd/CBISDDSM_Preprocessed_v2/images/Calc-Training_P_01073_RIGHT_CC_1.png,/home/majd/CBISDDSM_Preprocessed_v2/masks/Calc-Training_P_01073_RIGHT_CC_1_mask.png,BENIGN,CC,1,4,DYSTROPHIC,CLUSTERED,5
Calc-Training_P_01084_LEFT_CC_2,P_01084,train,1,/home/majd/CBISDDSM_Preprocessed_v2/images/Calc-Training_P_01084_LEFT_CC_2.png,/home/majd/CBISDDSM_Preprocessed_v2/masks/Calc-Training_P_01084_LEFT_CC_2_mask.png,MALIGNANT,CC,2,3,AMORPHOUS-ROUND_AND_REGULAR,CLUSTERED,4
Calc-Training_P_01084_LEFT_MLO_3,P_01084,train,1,/home/majd/CBISDDSM_Preprocessed_v2/images/Calc-Training_P_01084_LEFT_MLO_3.png,/home/majd/CBISDDSM_Preprocessed_v2/masks/Calc-Training_P_01084_LEFT_MLO_3_mask.png,MALIGNANT,MLO,3,3,AMORPHOUS-ROUND_AND_REGULAR,CLUSTERED,4
Calc-Training_P_01087_LEFT_CC_1,P_01087,train,1,/home/majd/CBISDDSM_Preprocessed_v2/images/Calc-Training_P_01087_LEFT_CC_1.png,/home/majd/CBISDDSM_Preprocessed_v2/masks/Calc-Training_P_01087_LEFT_CC_1_mask.png,MALIGNANT,CC,1,2,PLEOMORPHIC,REGIONAL,4
Calc-Training_P_01091_RIGHT_MLO_1,P_01091,train,1,/home/majd/CBISDDSM_Preprocessed_v2/images/Calc-Training_P_01091_RIGHT_MLO_1.png,/home/majd/CBISDDSM_Preprocessed_v2/masks/Calc-Training_P_01091_RIGHT_MLO_1_mask.png,MALIGNANT,MLO,1,3,PLEOMORPHIC,CLUSTERED-LINEAR,4
Calc-Training_P_01094_RIGHT_CC_1,P_01094,train,0,/home/majd/CBISDDSM_Preprocessed_v2/images/Calc-Training_P_01094_RIGHT_CC_1.png,/home/majd/CBISDDSM_Preprocessed_v2/masks/Calc-Training_P_01094_RIGHT_CC_1_mask.png,BENIGN,CC,1,3,PUNCTATE,CLUSTERED,1
Calc-Training_P_01095_LEFT_CC_1,P_01095,train,0,/home/majd/CBISDDSM_Preprocessed_v2/images/Calc-Training_P_01095_LEFT_CC_1.png,/home/majd/CBISDDSM_Preprocessed_v2/masks/Calc-Training_P_01095_LEFT_CC_1_mask.png,BENIGN,CC,1,3,PLEOMORPHIC,CLUSTERED,2
Calc-Training_P_01099_LEFT_CC_1,P_01099,train,0,/home/majd/CBISDDSM_Preprocessed_v2/images/Calc-Training_P_01099_LEFT_CC_1.png,/home/majd/CBISDDSM_Preprocessed_v2/masks/Calc-Training_P_01099_LEFT_CC_1_mask.png,BENIGN_WITHOUT_CALLBACK,CC,1,2,PUNCTATE,,4
Calc-Training_P_01099_LEFT_CC_2,P_01099,train,0,/home/majd/CBISDDSM_Preprocessed_v2/images/Calc-Training_P_01099_LEFT_CC_2.png,/home/majd/CBISDDSM_Preprocessed_v2/masks/Calc-Training_P_01099_LEFT_CC_2_mask.png,BENIGN_WITHOUT_CALLBACK,CC,2,2,PUNCTATE,,4
Calc-Training_P_01099_LEFT_CC_3,P_01099,train,0,/home/majd/CBISDDSM_Preprocessed_v2/images/Calc-Training_P_01099_LEFT_CC_3.png,/home/majd/CBISDDSM_Preprocessed_v2/masks/Calc-Training_P_01099_LEFT_CC_3_mask.png,BENIGN_WITHOUT_CALLBACK,CC,3,2,VASCULAR,,4
Calc-Training_P_01099_LEFT_CC_4,P_01099,train,0,/home/majd/CBISDDSM_Preprocessed_v2/images/Calc-Training_P_01099_LEFT_CC_4.png,/home/majd/CBISDDSM_Preprocessed_v2/masks/Calc-Training_P_01099_LEFT_CC_4_mask.png,BENIGN_WITHOUT_CALLBACK,CC,4,2,VASCULAR,,4
Calc-Training_P_01099_LEFT_CC_5,P_01099,train,0,/home/majd/CBISDDSM_Preprocessed_v2/images/Calc-Training_P_01099_LEFT_CC_5.png,/home/majd/CBISDDSM_Preprocessed_v2/masks/Calc-Training_P_01099_LEFT_CC_5_mask.png,BENIGN_WITHOUT_CALLBACK,CC,5,2,VASCULAR,,4
Calc-Training_P_01099_LEFT_CC_6,P_01099,train,0,/home/majd/CBISDDSM_Preprocessed_v2/images/Calc-Training_P_01099_LEFT_CC_6.png,/home/majd/CBISDDSM_Preprocessed_v2/masks/Calc-Training_P_01099_LEFT_CC_6_mask.png,BENIGN_WITHOUT_CALLBACK,CC,6,2,VASCULAR,,4
Calc-Training_P_01099_RIGHT_CC_1,P_01099,train,0,/home/majd/CBISDDSM_Preprocessed_v2/images/Calc-Training_P_01099_RIGHT_CC_1.png,/home/majd/CBISDDSM_Preprocessed_v2/masks/Calc-Training_P_01099_RIGHT_CC_1_mask.png,BENIGN_WITHOUT_CALLBACK,CC,1,2,LUCENT_CENTER,,4
Calc-Training_P_01099_RIGHT_CC_2,P_01099,train,0,/home/majd/CBISDDSM_Preprocessed_v2/images/Calc-Training_P_01099_RIGHT_CC_2.png,/home/majd/CBISDDSM_Preprocessed_v2/masks/Calc-Training_P_01099_RIGHT_CC_2_mask.png,BENIGN_WITHOUT_CALLBACK,CC,2,2,VASCULAR,,4
Calc-Training_P_01099_RIGHT_CC_3,P_01099,train,0,/home/majd/CBISDDSM_Preprocessed_v2/images/Calc-Training_P_01099_RIGHT_CC_3.png,/home/majd/CBISDDSM_Preprocessed_v2/masks/Calc-Training_P_01099_RIGHT_CC_3_mask.png,BENIGN_WITHOUT_CALLBACK,CC,3,2,VASCULAR,,4
Calc-Training_P_01099_RIGHT_CC_4,P_01099,train,0,/home/majd/CBISDDSM_Preprocessed_v2/images/Calc-Training_P_01099_RIGHT_CC_4.png,/home/majd/CBISDDSM_Preprocessed_v2/masks/Calc-Training_P_01099_RIGHT_CC_4_mask.png,BENIGN_WITHOUT_CALLBACK,CC,4,2,VASCULAR,,4
Calc-Training_P_01100_RIGHT_CC_1,P_01100,train,1,/home/majd/CBISDDSM_Preprocessed_v2/images/Calc-Training_P_01100_RIGHT_CC_1.png,/home/majd/CBISDDSM_Preprocessed_v2/masks/Calc-Training_P_01100_RIGHT_CC_1_mask.png,MALIGNANT,CC,1,4,PLEOMORPHIC,CLUSTERED,3
Calc-Training_P_01102_LEFT_CC_1,P_01102,train,0,/home/majd/CBISDDSM_Preprocessed_v2/images/Calc-Training_P_01102_LEFT_CC_1.png,/home/majd/CBISDDSM_Preprocessed_v2/masks/Calc-Training_P_01102_LEFT_CC_1_mask.png,BENIGN,CC,1,3,AMORPHOUS,,5
Calc-Training_P_01107_LEFT_CC_1,P_01107,train,0,/home/majd/CBISDDSM_Preprocessed_v2/images/Calc-Training_P_01107_LEFT_CC_1.png,/home/majd/CBISDDSM_Preprocessed_v2/masks/Calc-Training_P_01107_LEFT_CC_1_mask.png,BENIGN,CC,1,2,PLEOMORPHIC,CLUSTERED,2
Calc-Training_P_01108_LEFT_CC_1,P_01108,train,1,/home/majd/CBISDDSM_Preprocessed_v2/images/Calc-Training_P_01108_LEFT_CC_1.png,/home/majd/CBISDDSM_Preprocessed_v2/masks/Calc-Training_P_01108_LEFT_CC_1_mask.png,MALIGNANT,CC,1,4,PLEOMORPHIC-FINE_LINEAR_BRANCHING,REGIONAL,4
Calc-Training_P_01111_RIGHT_CC_1,P_01111,train,0,/home/majd/CBISDDSM_Preprocessed_v2/images/Calc-Training_P_01111_RIGHT_CC_1.png,/home/majd/CBISDDSM_Preprocessed_v2/masks/Calc-Training_P_01111_RIGHT_CC_1_mask.png,BENIGN,CC,1,2,PLEOMORPHIC,CLUSTERED,3
Calc-Training_P_01116_LEFT_CC_1,P_01116,train,1,/home/majd/CBISDDSM_Preprocessed_v2/images/Calc-Training_P_01116_LEFT_CC_1.png,/home/majd/CBISDDSM_Preprocessed_v2/masks/Calc-Training_P_01116_LEFT_CC_1_mask.png,MALIGNANT,CC,1,1,PLEOMORPHIC,CLUSTERED,5
Calc-Training_P_01121_RIGHT_CC_1,P_01121,train,0,/home/majd/CBISDDSM_Preprocessed_v2/images/Calc-Training_P_01121_RIGHT_CC_1.png,/home/majd/CBISDDSM_Preprocessed_v2/masks/Calc-Training_P_01121_RIGHT_CC_1_mask.png,BENIGN,CC,1,3,PLEOMORPHIC,CLUSTERED,4
Calc-Training_P_01122_LEFT_MLO_1,P_01122,train,1,/home/majd/CBISDDSM_Preprocessed_v2/images/Calc-Training_P_01122_LEFT_MLO_1.png,/home/majd/CBISDDSM_Preprocessed_v2/masks/Calc-Training_P_01122_LEFT_MLO_1_mask.png,MALIGNANT,MLO,1,2,PLEOMORPHIC,SEGMENTAL,5
Calc-Training_P_01126_LEFT_CC_1,P_01126,train,1,/home/majd/CBISDDSM_Preprocessed_v2/images/Calc-Training_P_01126_LEFT_CC_1.png,/home/majd/CBISDDSM_Preprocessed_v2/masks/Calc-Training_P_01126_LEFT_CC_1_mask.png,MALIGNANT,CC,1,4,PLEOMORPHIC,CLUSTERED,4
Calc-Training_P_01127_RIGHT_CC_1,P_01127,train,1,/home/majd/CBISDDSM_Preprocessed_v2/images/Calc-Training_P_01127_RIGHT_CC_1.png,/home/majd/CBISDDSM_Preprocessed_v2/masks/Calc-Training_P_01127_RIGHT_CC_1_mask.png,MALIGNANT,CC,1,2,PLEOMORPHIC,SEGMENTAL,2
Calc-Training_P_01128_RIGHT_CC_1,P_01128,train,1,/home/majd/CBISDDSM_Preprocessed_v2/images/Calc-Training_P_01128_RIGHT_CC_1.png,/home/majd/CBISDDSM_Preprocessed_v2/masks/Calc-Training_P_01128_RIGHT_CC_1_mask.png,MALIGNANT,CC,1,3,PLEOMORPHIC,CLUSTERED,2
Calc-Training_P_01129_RIGHT_CC_1,P_01129,train,1,/home/majd/CBISDDSM_Preprocessed_v2/images/Calc-Training_P_01129_RIGHT_CC_1.png,/home/majd/CBISDDSM_Preprocessed_v2/masks/Calc-Training_P_01129_RIGHT_CC_1_mask.png,MALIGNANT,CC,1,1,PLEOMORPHIC,CLUSTERED,3
Calc-Training_P_01135_RIGHT_CC_1,P_01135,train,1,/home/majd/CBISDDSM_Preprocessed_v2/images/Calc-Training_P_01135_RIGHT_CC_1.png,/home/majd/CBISDDSM_Preprocessed_v2/masks/Calc-Training_P_01135_RIGHT_CC_1_mask.png,MALIGNANT,CC,1,3,FINE_LINEAR_BRANCHING,CLUSTERED,5
Calc-Training_P_01136_RIGHT_CC_1,P_01136,train,1,/home/majd/CBISDDSM_Preprocessed_v2/images/Calc-Training_P_01136_RIGHT_CC_1.png,/home/majd/CBISDDSM_Preprocessed_v2/masks/Calc-Training_P_01136_RIGHT_CC_1_mask.png,MALIGNANT,CC,1,2,PLEOMORPHIC,CLUSTERED,5
Calc-Training_P_01137_LEFT_CC_1,P_01137,train,0,/home/majd/CBISDDSM_Preprocessed_v2/images/Calc-Training_P_01137_LEFT_CC_1.png,/home/majd/CBISDDSM_Preprocessed_v2/masks/Calc-Training_P_01137_LEFT_CC_1_mask.png,BENIGN,CC,1,4,PLEOMORPHIC,CLUSTERED,3
Calc-Training_P_01139_RIGHT_CC_1,P_01139,train,0,/home/majd/CBISDDSM_Preprocessed_v2/images/Calc-Training_P_01139_RIGHT_CC_1.png,/home/majd/CBISDDSM_Preprocessed_v2/masks/Calc-Training_P_01139_RIGHT_CC_1_mask.png,BENIGN,CC,1,3,PLEOMORPHIC,CLUSTERED,2
Calc-Training_P_01143_RIGHT_CC_1,P_01143,train,1,/home/majd/CBISDDSM_Preprocessed_v2/images/Calc-Training_P_01143_RIGHT_CC_1.png,/home/majd/CBISDDSM_Preprocessed_v2/masks/Calc-Training_P_01143_RIGHT_CC_1_mask.png,MALIGNANT,CC,1,3,PLEOMORPHIC,SEGMENTAL,2
Calc-Training_P_01156_LEFT_CC_1,P_01156,train,1,/home/majd/CBISDDSM_Preprocessed_v2/images/Calc-Training_P_01156_LEFT_CC_1.png,/home/majd/CBISDDSM_Preprocessed_v2/masks/Calc-Training_P_01156_LEFT_CC_1_mask.png,MALIGNANT,CC,1,3,PUNCTATE,SEGMENTAL,2
Calc-Training_P_01156_RIGHT_CC_1,P_01156,train,0,/home/majd/CBISDDSM_Preprocessed_v2/images/Calc-Training_P_01156_RIGHT_CC_1.png,/home/majd/CBISDDSM_Preprocessed_v2/masks/Calc-Training_P_01156_RIGHT_CC_1_mask.png,BENIGN,CC,1,3,PLEOMORPHIC-FINE_LINEAR_BRANCHING,CLUSTERED,3
Calc-Training_P_01159_LEFT_CC_1,P_01159,train,0,/home/majd/CBISDDSM_Preprocessed_v2/images/Calc-Training_P_01159_LEFT_CC_1.png,/home/majd/CBISDDSM_Preprocessed_v2/masks/Calc-Training_P_01159_LEFT_CC_1_mask.png,BENIGN,CC,1,4,ROUND_AND_REGULAR-PUNCTATE-AMORPHOUS,REGIONAL,3
Calc-Training_P_01160_LEFT_CC_1,P_01160,train,0,/home/majd/CBISDDSM_Preprocessed_v2/images/Calc-Training_P_01160_LEFT_CC_1.png,/home/majd/CBISDDSM_Preprocessed_v2/masks/Calc-Training_P_01160_LEFT_CC_1_mask.png,BENIGN,CC,1,2,FINE_LINEAR_BRANCHING,LINEAR,4
Calc-Training_P_01160_LEFT_CC_2,P_01160,train,0,/home/majd/CBISDDSM_Preprocessed_v2/images/Calc-Training_P_01160_LEFT_CC_2.png,/home/majd/CBISDDSM_Preprocessed_v2/masks/Calc-Training_P_01160_LEFT_CC_2_mask.png,BENIGN,CC,2,2,FINE_LINEAR_BRANCHING,LINEAR,4
Calc-Training_P_01160_RIGHT_CC_1,P_01160,train,0,/home/majd/CBISDDSM_Preprocessed_v2/images/Calc-Training_P_01160_RIGHT_CC_1.png,/home/majd/CBISDDSM_Preprocessed_v2/masks/Calc-Training_P_01160_RIGHT_CC_1_mask.png,BENIGN,CC,1,2,FINE_LINEAR_BRANCHING,LINEAR,4
Calc-Training_P_01161_LEFT_CC_1,P_01161,train,1,/home/majd/CBISDDSM_Preprocessed_v2/images/Calc-Training_P_01161_LEFT_CC_1.png,/home/majd/CBISDDSM_Preprocessed_v2/masks/Calc-Training_P_01161_LEFT_CC_1_mask.png,MALIGNANT,CC,1,2,FINE_LINEAR_BRANCHING,LINEAR,2
Calc-Training_P_01166_RIGHT_CC_1,P_01166,train,1,/home/majd/CBISDDSM_Preprocessed_v2/images/Calc-Training_P_01166_RIGHT_CC_1.png,/home/majd/CBISDDSM_Preprocessed_v2/masks/Calc-Training_P_01166_RIGHT_CC_1_mask.png,MALIGNANT,CC,1,3,PLEOMORPHIC,CLUSTERED,2
Calc-Training_P_01169_LEFT_CC_1,P_01169,train,0,/home/majd/CBISDDSM_Preprocessed_v2/images/Calc-Training_P_01169_LEFT_CC_1.png,/home/majd/CBISDDSM_Preprocessed_v2/masks/Calc-Training_P_01169_LEFT_CC_1_mask.png,BENIGN_WITHOUT_CALLBACK,CC,1,2,LUCENT_CENTER,,5
Calc-Training_P_01169_LEFT_CC_2,P_01169,train,0,/home/majd/CBISDDSM_Preprocessed_v2/images/Calc-Training_P_01169_LEFT_CC_2.png,/home/majd/CBISDDSM_Preprocessed_v2/masks/Calc-Training_P_01169_LEFT_CC_2_mask.png,BENIGN_WITHOUT_CALLBACK,CC,2,2,LUCENT_CENTER,,5
Calc-Training_P_01169_LEFT_CC_3,P_01169,train,0,/home/majd/CBISDDSM_Preprocessed_v2/images/Calc-Training_P_01169_LEFT_CC_3.png,/home/majd/CBISDDSM_Preprocessed_v2/masks/Calc-Training_P_01169_LEFT_CC_3_mask.png,BENIGN_WITHOUT_CALLBACK,CC,3,2,LUCENT_CENTER,,5
Calc-Training_P_01170_RIGHT_CC_1,P_01170,train,0,/home/majd/CBISDDSM_Preprocessed_v2/images/Calc-Training_P_01170_RIGHT_CC_1.png,/home/majd/CBISDDSM_Preprocessed_v2/masks/Calc-Training_P_01170_RIGHT_CC_1_mask.png,BENIGN,CC,1,3,AMORPHOUS,CLUSTERED,2
Calc-Training_P_01172_LEFT_CC_1,P_01172,train,0,/home/majd/CBISDDSM_Preprocessed_v2/images/Calc-Training_P_01172_LEFT_CC_1.png,/home/majd/CBISDDSM_Preprocessed_v2/masks/Calc-Training_P_01172_LEFT_CC_1_mask.png,BENIGN,CC,1,4,PLEOMORPHIC,SEGMENTAL,2
Calc-Training_P_01180_LEFT_CC_1,P_01180,train,1,/home/majd/CBISDDSM_Preprocessed_v2/images/Calc-Training_P_01180_LEFT_CC_1.png,/home/majd/CBISDDSM_Preprocessed_v2/masks/Calc-Training_P_01180_LEFT_CC_1_mask.png,MALIGNANT,CC,1,3,PLEOMORPHIC,CLUSTERED-LINEAR,5
Calc-Training_P_01184_LEFT_CC_1,P_01184,train,0,/home/majd/CBISDDSM_Preprocessed_v2/images/Calc-Training_P_01184_LEFT_CC_1.png,/home/majd/CBISDDSM_Preprocessed_v2/masks/Calc-Training_P_01184_LEFT_CC_1_mask.png,BENIGN,CC,1,2,AMORPHOUS,CLUSTERED,2
Calc-Training_P_01186_LEFT_CC_1,P_01186,train,0,/home/majd/CBISDDSM_Preprocessed_v2/images/Calc-Training_P_01186_LEFT_CC_1.png,/home/majd/CBISDDSM_Preprocessed_v2/masks/Calc-Training_P_01186_LEFT_CC_1_mask.png,BENIGN,CC,1,2,FINE_LINEAR_BRANCHING,LINEAR,5
Calc-Training_P_01188_RIGHT_CC_1,P_01188,train,1,/home/majd/CBISDDSM_Preprocessed_v2/images/Calc-Training_P_01188_RIGHT_CC_1.png,/home/majd/CBISDDSM_Preprocessed_v2/masks/Calc-Training_P_01188_RIGHT_CC_1_mask.png,MALIGNANT,CC,1,4,PLEOMORPHIC,SEGMENTAL,5
Calc-Training_P_01193_LEFT_CC_1,P_01193,train,1,/home/majd/CBISDDSM_Preprocessed_v2/images/Calc-Training_P_01193_LEFT_CC_1.png,/home/majd/CBISDDSM_Preprocessed_v2/masks/Calc-Training_P_01193_LEFT_CC_1_mask.png,MALIGNANT,CC,1,1,FINE_LINEAR_BRANCHING,CLUSTERED,4
Calc-Training_P_01196_LEFT_MLO_1,P_01196,train,1,/home/majd/CBISDDSM_Preprocessed_v2/images/Calc-Training_P_01196_LEFT_MLO_1.png,/home/majd/CBISDDSM_Preprocessed_v2/masks/Calc-Training_P_01196_LEFT_MLO_1_mask.png,MALIGNANT,MLO,1,4,PLEOMORPHIC,SEGMENTAL,2
Calc-Training_P_01197_LEFT_CC_1,P_01197,train,1,/home/majd/CBISDDSM_Preprocessed_v2/images/Calc-Training_P_01197_LEFT_CC_1.png,/home/majd/CBISDDSM_Preprocessed_v2/masks/Calc-Training_P_01197_LEFT_CC_1_mask.png,MALIGNANT,CC,1,3,PLEOMORPHIC,CLUSTERED,4
Calc-Training_P_01198_RIGHT_CC_1,P_01198,train,1,/home/majd/CBISDDSM_Preprocessed_v2/images/Calc-Training_P_01198_RIGHT_CC_1.png,/home/majd/CBISDDSM_Preprocessed_v2/masks/Calc-Training_P_01198_RIGHT_CC_1_mask.png,MALIGNANT,CC,1,2,PLEOMORPHIC,CLUSTERED,4
Calc-Training_P_01200_LEFT_CC_1,P_01200,train,0,/home/majd/CBISDDSM_Preprocessed_v2/images/Calc-Training_P_01200_LEFT_CC_1.png,/home/majd/CBISDDSM_Preprocessed_v2/masks/Calc-Training_P_01200_LEFT_CC_1_mask.png,BENIGN_WITHOUT_CALLBACK,CC,1,3,COARSE,,5
Calc-Training_P_01200_RIGHT_MLO_1,P_01200,train,0,/home/majd/CBISDDSM_Preprocessed_v2/images/Calc-Training_P_01200_RIGHT_MLO_1.png,/home/majd/CBISDDSM_Preprocessed_v2/masks/Calc-Training_P_01200_RIGHT_MLO_1_mask.png,BENIGN_WITHOUT_CALLBACK,MLO,1,3,PLEOMORPHIC,CLUSTERED,4
Calc-Training_P_01205_RIGHT_CC_1,P_01205,train,0,/home/majd/CBISDDSM_Preprocessed_v2/images/Calc-Training_P_01205_RIGHT_CC_1.png,/home/majd/CBISDDSM_Preprocessed_v2/masks/Calc-Training_P_01205_RIGHT_CC_1_mask.png,BENIGN,CC,1,2,PUNCTATE,SEGMENTAL,4
Calc-Training_P_01219_LEFT_CC_1,P_01219,train,0,/home/majd/CBISDDSM_Preprocessed_v2/images/Calc-Training_P_01219_LEFT_CC_1.png,/home/majd/CBISDDSM_Preprocessed_v2/masks/Calc-Training_P_01219_LEFT_CC_1_mask.png,BENIGN,CC,1,2,PLEOMORPHIC,CLUSTERED,3
Calc-Training_P_01220_RIGHT_CC_1,P_01220,train,1,/home/majd/CBISDDSM_Preprocessed_v2/images/Calc-Training_P_01220_RIGHT_CC_1.png,/home/majd/CBISDDSM_Preprocessed_v2/masks/Calc-Training_P_01220_RIGHT_CC_1_mask.png,MALIGNANT,CC,1,4,PLEOMORPHIC,CLUSTERED,1
Calc-Training_P_01227_RIGHT_CC_1,P_01227,train,0,/home/majd/CBISDDSM_Preprocessed_v2/images/Calc-Training_P_01227_RIGHT_CC_1.png,/home/majd/CBISDDSM_Preprocessed_v2/masks/Calc-Training_P_01227_RIGHT_CC_1_mask.png,BENIGN,CC,1,3,PLEOMORPHIC,CLUSTERED,3
Calc-Training_P_01229_RIGHT_CC_1,P_01229,train,1,/home/majd/CBISDDSM_Preprocessed_v2/images/Calc-Training_P_01229_RIGHT_CC_1.png,/home/majd/CBISDDSM_Preprocessed_v2/masks/Calc-Training_P_01229_RIGHT_CC_1_mask.png,MALIGNANT,CC,1,4,PLEOMORPHIC,CLUSTERED,1
Calc-Training_P_01234_RIGHT_CC_1,P_01234,train,1,/home/majd/CBISDDSM_Preprocessed_v2/images/Calc-Training_P_01234_RIGHT_CC_1.png,/home/majd/CBISDDSM_Preprocessed_v2/masks/Calc-Training_P_01234_RIGHT_CC_1_mask.png,MALIGNANT,CC,1,4,PLEOMORPHIC,CLUSTERED,2
Calc-Training_P_01240_RIGHT_MLO_1,P_01240,train,0,/home/majd/CBISDDSM_Preprocessed_v2/images/Calc-Training_P_01240_RIGHT_MLO_1.png,/home/majd/CBISDDSM_Preprocessed_v2/masks/Calc-Training_P_01240_RIGHT_MLO_1_mask.png,BENIGN,MLO,1,4,PLEOMORPHIC,CLUSTERED,3
Calc-Training_P_01246_RIGHT_MLO_1,P_01246,train,0,/home/majd/CBISDDSM_Preprocessed_v2/images/Calc-Training_P_01246_RIGHT_MLO_1.png,/home/majd/CBISDDSM_Preprocessed_v2/masks/Calc-Training_P_01246_RIGHT_MLO_1_mask.png,BENIGN,MLO,1,4,PLEOMORPHIC,CLUSTERED,2
Calc-Training_P_01249_LEFT_CC_1,P_01249,train,0,/home/majd/CBISDDSM_Preprocessed_v2/images/Calc-Training_P_01249_LEFT_CC_1.png,/home/majd/CBISDDSM_Preprocessed_v2/masks/Calc-Training_P_01249_LEFT_CC_1_mask.png,BENIGN,CC,1,4,AMORPHOUS,CLUSTERED,3
Calc-Training_P_01250_LEFT_CC_1,P_01250,train,1,/home/majd/CBISDDSM_Preprocessed_v2/images/Calc-Training_P_01250_LEFT_CC_1.png,/home/majd/CBISDDSM_Preprocessed_v2/masks/Calc-Training_P_01250_LEFT_CC_1_mask.png,MALIGNANT,CC,1,2,PLEOMORPHIC,REGIONAL,2
Calc-Training_P_01252_RIGHT_CC_1,P_01252,train,1,/home/majd/CBISDDSM_Preprocessed_v2/images/Calc-Training_P_01252_RIGHT_CC_1.png,/home/majd/CBISDDSM_Preprocessed_v2/masks/Calc-Training_P_01252_RIGHT_CC_1_mask.png,MALIGNANT,CC,1,3,PLEOMORPHIC,REGIONAL,5
Calc-Training_P_01255_RIGHT_CC_1,P_01255,train,0,/home/majd/CBISDDSM_Preprocessed_v2/images/Calc-Training_P_01255_RIGHT_CC_1.png,/home/majd/CBISDDSM_Preprocessed_v2/masks/Calc-Training_P_01255_RIGHT_CC_1_mask.png,BENIGN,CC,1,4,PLEOMORPHIC,CLUSTERED,4
Calc-Training_P_01256_RIGHT_CC_1,P_01256,train,0,/home/majd/CBISDDSM_Preprocessed_v2/images/Calc-Training_P_01256_RIGHT_CC_1.png,/home/majd/CBISDDSM_Preprocessed_v2/masks/Calc-Training_P_01256_RIGHT_CC_1_mask.png,BENIGN,CC,1,4,PUNCTATE-PLEOMORPHIC,CLUSTERED,2
Calc-Training_P_01259_RIGHT_CC_1,P_01259,train,1,/home/majd/CBISDDSM_Preprocessed_v2/images/Calc-Training_P_01259_RIGHT_CC_1.png,/home/majd/CBISDDSM_Preprocessed_v2/masks/Calc-Training_P_01259_RIGHT_CC_1_mask.png,MALIGNANT,CC,1,2,PLEOMORPHIC,CLUSTERED,2
Calc-Training_P_01262_RIGHT_CC_3,P_01262,train,1,/home/majd/CBISDDSM_Preprocessed_v2/images/Calc-Training_P_01262_RIGHT_CC_3.png,/home/majd/CBISDDSM_Preprocessed_v2/masks/Calc-Training_P_01262_RIGHT_CC_3_mask.png,MALIGNANT,CC,3,2,PLEOMORPHIC-FINE_LINEAR_BRANCHING,SEGMENTAL,5
Calc-Training_P_01262_RIGHT_CC_4,P_01262,train,1,/home/majd/CBISDDSM_Preprocessed_v2/images/Calc-Training_P_01262_RIGHT_CC_4.png,/home/majd/CBISDDSM_Preprocessed_v2/masks/Calc-Training_P_01262_RIGHT_CC_4_mask.png,MALIGNANT,CC,4,2,PLEOMORPHIC-FINE_LINEAR_BRANCHING,SEGMENTAL,5
Calc-Training_P_01262_RIGHT_MLO_2,P_01262,train,1,/home/majd/CBISDDSM_Preprocessed_v2/images/Calc-Training_P_01262_RIGHT_MLO_2.png,/home/majd/CBISDDSM_Preprocessed_v2/masks/Calc-Training_P_01262_RIGHT_MLO_2_mask.png,MALIGNANT,MLO,2,2,PLEOMORPHIC-FINE_LINEAR_BRANCHING,SEGMENTAL,5
Calc-Training_P_01264_RIGHT_MLO_1,P_01264,train,1,/home/majd/CBISDDSM_Preprocessed_v2/images/Calc-Training_P_01264_RIGHT_MLO_1.png,/home/majd/CBISDDSM_Preprocessed_v2/masks/Calc-Training_P_01264_RIGHT_MLO_1_mask.png,MALIGNANT,MLO,1,2,PLEOMORPHIC,CLUSTERED,5
Calc-Training_P_01274_LEFT_CC_1,P_01274,train,0,/home/majd/CBISDDSM_Preprocessed_v2/images/Calc-Training_P_01274_LEFT_CC_1.png,/home/majd/CBISDDSM_Preprocessed_v2/masks/Calc-Training_P_01274_LEFT_CC_1_mask.png,BENIGN_WITHOUT_CALLBACK,CC,1,2,VASCULAR,,5
Calc-Training_P_01274_LEFT_CC_2,P_01274,train,0,/home/majd/CBISDDSM_Preprocessed_v2/images/Calc-Training_P_01274_LEFT_CC_2.png,/home/majd/CBISDDSM_Preprocessed_v2/masks/Calc-Training_P_01274_LEFT_CC_2_mask.png,BENIGN_WITHOUT_CALLBACK,CC,2,2,VASCULAR,,5
Calc-Training_P_01274_RIGHT_CC_1,P_01274,train,0,/home/majd/CBISDDSM_Preprocessed_v2/images/Calc-Training_P_01274_RIGHT_CC_1.png,/home/majd/CBISDDSM_Preprocessed_v2/masks/Calc-Training_P_01274_RIGHT_CC_1_mask.png,BENIGN_WITHOUT_CALLBACK,CC,1,2,VASCULAR,,4
Calc-Training_P_01274_RIGHT_MLO_2,P_01274,train,0,/home/majd/CBISDDSM_Preprocessed_v2/images/Calc-Training_P_01274_RIGHT_MLO_2.png,/home/majd/CBISDDSM_Preprocessed_v2/masks/Calc-Training_P_01274_RIGHT_MLO_2_mask.png,BENIGN_WITHOUT_CALLBACK,MLO,2,2,VASCULAR,,3
Calc-Training_P_01275_LEFT_CC_1,P_01275,train,0,/home/majd/CBISDDSM_Preprocessed_v2/images/Calc-Training_P_01275_LEFT_CC_1.png,/home/majd/CBISDDSM_Preprocessed_v2/masks/Calc-Training_P_01275_LEFT_CC_1_mask.png,BENIGN,CC,1,2,PLEOMORPHIC,CLUSTERED,3
Calc-Training_P_01276_LEFT_CC_1,P_01276,train,0,/home/majd/CBISDDSM_Preprocessed_v2/images/Calc-Training_P_01276_LEFT_CC_1.png,/home/majd/CBISDDSM_Preprocessed_v2/masks/Calc-Training_P_01276_LEFT_CC_1_mask.png,BENIGN_WITHOUT_CALLBACK,CC,1,3,DYSTROPHIC,SEGMENTAL,5
Calc-Training_P_01276_RIGHT_CC_1,P_01276,train,0,/home/majd/CBISDDSM_Preprocessed_v2/images/Calc-Training_P_01276_RIGHT_CC_1.png,/home/majd/CBISDDSM_Preprocessed_v2/masks/Calc-Training_P_01276_RIGHT_CC_1_mask.png,BENIGN,CC,1,3,AMORPHOUS,CLUSTERED,3
Calc-Training_P_01276_RIGHT_CC_2,P_01276,train,0,/home/majd/CBISDDSM_Preprocessed_v2/images/Calc-Training_P_01276_RIGHT_CC_2.png,/home/majd/CBISDDSM_Preprocessed_v2/masks/Calc-Training_P_01276_RIGHT_CC_2_mask.png,BENIGN,CC,2,3,PLEOMORPHIC,SEGMENTAL,3
Calc-Training_P_01284_RIGHT_MLO_1,P_01284,train,1,/home/majd/CBISDDSM_Preprocessed_v2/images/Calc-Training_P_01284_RIGHT_MLO_1.png,/home/majd/CBISDDSM_Preprocessed_v2/masks/Calc-Training_P_01284_RIGHT_MLO_1_mask.png,MALIGNANT,MLO,1,3,PLEOMORPHIC,CLUSTERED,3
Calc-Training_P_01284_RIGHT_MLO_2,P_01284,train,0,/home/majd/CBISDDSM_Preprocessed_v2/images/Calc-Training_P_01284_RIGHT_MLO_2.png,/home/majd/CBISDDSM_Preprocessed_v2/masks/Calc-Training_P_01284_RIGHT_MLO_2_mask.png,BENIGN,MLO,2,3,AMORPHOUS,CLUSTERED,3
Calc-Training_P_01286_LEFT_CC_1,P_01286,train,1,/home/majd/CBISDDSM_Preprocessed_v2/images/Calc-Training_P_01286_LEFT_CC_1.png,/home/majd/CBISDDSM_Preprocessed_v2/masks/Calc-Training_P_01286_LEFT_CC_1_mask.png,MALIGNANT,CC,1,3,PLEOMORPHIC,SEGMENTAL,3
Calc-Training_P_01288_RIGHT_MLO_1,P_01288,train,0,/home/majd/CBISDDSM_Preprocessed_v2/images/Calc-Training_P_01288_RIGHT_MLO_1.png,/home/majd/CBISDDSM_Preprocessed_v2/masks/Calc-Training_P_01288_RIGHT_MLO_1_mask.png,BENIGN,MLO,1,3,PLEOMORPHIC,CLUSTERED,2
Calc-Training_P_01291_RIGHT_CC_1,P_01291,train,1,/home/majd/CBISDDSM_Preprocessed_v2/images/Calc-Training_P_01291_RIGHT_CC_1.png,/home/majd/CBISDDSM_Preprocessed_v2/masks/Calc-Training_P_01291_RIGHT_CC_1_mask.png,MALIGNANT,CC,1,3,FINE_LINEAR_BRANCHING,SEGMENTAL,4
Calc-Training_P_01292_RIGHT_CC_1,P_01292,train,0,/home/majd/CBISDDSM_Preprocessed_v2/images/Calc-Training_P_01292_RIGHT_CC_1.png,/home/majd/CBISDDSM_Preprocessed_v2/masks/Calc-Training_P_01292_RIGHT_CC_1_mask.png,BENIGN,CC,1,3,DYSTROPHIC,CLUSTERED,4
Calc-Training_P_01292_RIGHT_CC_2,P_01292,train,0,/home/majd/CBISDDSM_Preprocessed_v2/images/Calc-Training_P_01292_RIGHT_CC_2.png,/home/majd/CBISDDSM_Preprocessed_v2/masks/Calc-Training_P_01292_RIGHT_CC_2_mask.png,BENIGN,CC,2,3,DYSTROPHIC,CLUSTERED,4
Calc-Training_P_01292_RIGHT_CC_3,P_01292,train,0,/home/majd/CBISDDSM_Preprocessed_v2/images/Calc-Training_P_01292_RIGHT_CC_3.png,/home/majd/CBISDDSM_Preprocessed_v2/masks/Calc-Training_P_01292_RIGHT_CC_3_mask.png,BENIGN,CC,3,3,DYSTROPHIC,CLUSTERED,4
Calc-Training_P_01293_RIGHT_CC_1,P_01293,train,0,/home/majd/CBISDDSM_Preprocessed_v2/images/Calc-Training_P_01293_RIGHT_CC_1.png,/home/majd/CBISDDSM_Preprocessed_v2/masks/Calc-Training_P_01293_RIGHT_CC_1_mask.png,BENIGN,CC,1,2,PLEOMORPHIC,SEGMENTAL,4
Calc-Training_P_01296_RIGHT_CC_1,P_01296,train,1,/home/majd/CBISDDSM_Preprocessed_v2/images/Calc-Training_P_01296_RIGHT_CC_1.png,/home/majd/CBISDDSM_Preprocessed_v2/masks/Calc-Training_P_01296_RIGHT_CC_1_mask.png,MALIGNANT,CC,1,2,PLEOMORPHIC,CLUSTERED,4
Calc-Training_P_01297_LEFT_CC_2,P_01297,train,1,/home/majd/CBISDDSM_Preprocessed_v2/images/Calc-Training_P_01297_LEFT_CC_2.png,/home/majd/CBISDDSM_Preprocessed_v2/masks/Calc-Training_P_01297_LEFT_CC_2_mask.png,MALIGNANT,CC,2,4,PLEOMORPHIC,CLUSTERED,3
Calc-Training_P_01300_LEFT_CC_1,P_01300,train,1,/home/majd/CBISDDSM_Preprocessed_v2/images/Calc-Training_P_01300_LEFT_CC_1.png,/home/majd/CBISDDSM_Preprocessed_v2/masks/Calc-Training_P_01300_LEFT_CC_1_mask.png,MALIGNANT,CC,1,2,PLEOMORPHIC,CLUSTERED,5
Calc-Training_P_01300_LEFT_CC_2,P_01300,train,1,/home/majd/CBISDDSM_Preprocessed_v2/images/Calc-Training_P_01300_LEFT_CC_2.png,/home/majd/CBISDDSM_Preprocessed_v2/masks/Calc-Training_P_01300_LEFT_CC_2_mask.png,MALIGNANT,CC,2,2,PLEOMORPHIC,CLUSTERED,5
Calc-Training_P_01300_LEFT_MLO_3,P_01300,train,1,/home/majd/CBISDDSM_Preprocessed_v2/images/Calc-Training_P_01300_LEFT_MLO_3.png,/home/majd/CBISDDSM_Preprocessed_v2/masks/Calc-Training_P_01300_LEFT_MLO_3_mask.png,MALIGNANT,MLO,3,2,PLEOMORPHIC,CLUSTERED,5
Calc-Training_P_01306_LEFT_CC_1,P_01306,train,0,/home/majd/CBISDDSM_Preprocessed_v2/images/Calc-Training_P_01306_LEFT_CC_1.png,/home/majd/CBISDDSM_Preprocessed_v2/masks/Calc-Training_P_01306_LEFT_CC_1_mask.png,BENIGN_WITHOUT_CALLBACK,CC,1,3,VASCULAR,,3
Calc-Training_P_01306_RIGHT_CC_1,P_01306,train,0,/home/majd/CBISDDSM_Preprocessed_v2/images/Calc-Training_P_01306_RIGHT_CC_1.png,/home/majd/CBISDDSM_Preprocessed_v2/masks/Calc-Training_P_01306_RIGHT_CC_1_mask.png,BENIGN_WITHOUT_CALLBACK,CC,1,3,PUNCTATE,,3
Calc-Training_P_01306_RIGHT_CC_2,P_01306,train,0,/home/majd/CBISDDSM_Preprocessed_v2/images/Calc-Training_P_01306_RIGHT_CC_2.png,/home/majd/CBISDDSM_Preprocessed_v2/masks/Calc-Training_P_01306_RIGHT_CC_2_mask.png,BENIGN_WITHOUT_CALLBACK,CC,2,3,VASCULAR,,3
Calc-Training_P_01307_LEFT_CC_1,P_01307,train,1,/home/majd/CBISDDSM_Preprocessed_v2/images/Calc-Training_P_01307_LEFT_CC_1.png,/home/majd/CBISDDSM_Preprocessed_v2/masks/Calc-Training_P_01307_LEFT_CC_1_mask.png,MALIGNANT,CC,1,3,AMORPHOUS,CLUSTERED,2
Calc-Training_P_01309_RIGHT_CC_1,P_01309,train,1,/home/majd/CBISDDSM_Preprocessed_v2/images/Calc-Training_P_01309_RIGHT_CC_1.png,/home/majd/CBISDDSM_Preprocessed_v2/masks/Calc-Training_P_01309_RIGHT_CC_1_mask.png,MALIGNANT,CC,1,1,PLEOMORPHIC,CLUSTERED,3
Calc-Training_P_01313_LEFT_CC_1,P_01313,train,1,/home/majd/CBISDDSM_Preprocessed_v2/images/Calc-Training_P_01313_LEFT_CC_1.png,/home/majd/CBISDDSM_Preprocessed_v2/masks/Calc-Training_P_01313_LEFT_CC_1_mask.png,MALIGNANT,CC,1,2,AMORPHOUS,REGIONAL,3
Calc-Training_P_01314_LEFT_CC_1,P_01314,train,0,/home/majd/CBISDDSM_Preprocessed_v2/images/Calc-Training_P_01314_LEFT_CC_1.png,/home/majd/CBISDDSM_Preprocessed_v2/masks/Calc-Training_P_01314_LEFT_CC_1_mask.png,BENIGN,CC,1,1,ROUND_AND_REGULAR-AMORPHOUS,,3
Calc-Training_P_01315_LEFT_CC_1,P_01315,train,1,/home/majd/CBISDDSM_Preprocessed_v2/images/Calc-Training_P_01315_LEFT_CC_1.png,/home/majd/CBISDDSM_Preprocessed_v2/masks/Calc-Training_P_01315_LEFT_CC_1_mask.png,MALIGNANT,CC,1,4,PLEOMORPHIC,CLUSTERED,4
Calc-Training_P_01319_RIGHT_CC_1,P_01319,train,0,/home/majd/CBISDDSM_Preprocessed_v2/images/Calc-Training_P_01319_RIGHT_CC_1.png,/home/majd/CBISDDSM_Preprocessed_v2/masks/Calc-Training_P_01319_RIGHT_CC_1_mask.png,BENIGN,CC,1,3,ROUND_AND_REGULAR,CLUSTERED,4
Calc-Training_P_01321_RIGHT_CC_1,P_01321,train,1,/home/majd/CBISDDSM_Preprocessed_v2/images/Calc-Training_P_01321_RIGHT_CC_1.png,/home/majd/CBISDDSM_Preprocessed_v2/masks/Calc-Training_P_01321_RIGHT_CC_1_mask.png,MALIGNANT,CC,1,1,FINE_LINEAR_BRANCHING,CLUSTERED-LINEAR,4
Calc-Training_P_01321_RIGHT_CC_2,P_01321,train,1,/home/majd/CBISDDSM_Preprocessed_v2/images/Calc-Training_P_01321_RIGHT_CC_2.png,/home/majd/CBISDDSM_Preprocessed_v2/masks/Calc-Training_P_01321_RIGHT_CC_2_mask.png,MALIGNANT,CC,2,1,FINE_LINEAR_BRANCHING,CLUSTERED-LINEAR,4
Calc-Training_P_01321_RIGHT_MLO_3,P_01321,train,1,/home/majd/CBISDDSM_Preprocessed_v2/images/Calc-Training_P_01321_RIGHT_MLO_3.png,/home/majd/CBISDDSM_Preprocessed_v2/masks/Calc-Training_P_01321_RIGHT_MLO_3_mask.png,MALIGNANT,MLO,3,1,FINE_LINEAR_BRANCHING,CLUSTERED-LINEAR,4
Calc-Training_P_01334_RIGHT_CC_1,P_01334,train,0,/home/majd/CBISDDSM_Preprocessed_v2/images/Calc-Training_P_01334_RIGHT_CC_1.png,/home/majd/CBISDDSM_Preprocessed_v2/masks/Calc-Training_P_01334_RIGHT_CC_1_mask.png,BENIGN,CC,1,3,AMORPHOUS-PLEOMORPHIC,CLUSTERED,2
Calc-Training_P_01334_RIGHT_CC_2,P_01334,train,0,/home/majd/CBISDDSM_Preprocessed_v2/images/Calc-Training_P_01334_RIGHT_CC_2.png,/home/majd/CBISDDSM_Preprocessed_v2/masks/Calc-Training_P_01334_RIGHT_CC_2_mask.png,BENIGN,CC,2,3,AMORPHOUS-PLEOMORPHIC,CLUSTERED,2
Calc-Training_P_01336_LEFT_CC_1,P_01336,train,0,/home/majd/CBISDDSM_Preprocessed_v2/images/Calc-Training_P_01336_LEFT_CC_1.png,/home/majd/CBISDDSM_Preprocessed_v2/masks/Calc-Training_P_01336_LEFT_CC_1_mask.png,BENIGN_WITHOUT_CALLBACK,CC,1,2,COARSE-ROUND_AND_REGULAR-LUCENT_CENTER,,4
Calc-Training_P_01336_LEFT_CC_2,P_01336,train,0,/home/majd/CBISDDSM_Preprocessed_v2/images/Calc-Training_P_01336_LEFT_CC_2.png,/home/majd/CBISDDSM_Preprocessed_v2/masks/Calc-Training_P_01336_LEFT_CC_2_mask.png,BENIGN_WITHOUT_CALLBACK,CC,2,2,COARSE-ROUND_AND_REGULAR-LUCENT_CENTER,,4
Calc-Training_P_01336_RIGHT_CC_1,P_01336,train,0,/home/majd/CBISDDSM_Preprocessed_v2/images/Calc-Training_P_01336_RIGHT_CC_1.png,/home/majd/CBISDDSM_Preprocessed_v2/masks/Calc-Training_P_01336_RIGHT_CC_1_mask.png,BENIGN_WITHOUT_CALLBACK,CC,1,2,COARSE-ROUND_AND_REGULAR-LUCENT_CENTER,,4
Calc-Training_P_01336_RIGHT_CC_2,P_01336,train,0,/home/majd/CBISDDSM_Preprocessed_v2/images/Calc-Training_P_01336_RIGHT_CC_2.png,/home/majd/CBISDDSM_Preprocessed_v2/masks/Calc-Training_P_01336_RIGHT_CC_2_mask.png,BENIGN_WITHOUT_CALLBACK,CC,2,2,COARSE-ROUND_AND_REGULAR-LUCENT_CENTER,,5
Calc-Training_P_01336_RIGHT_CC_3,P_01336,train,0,/home/majd/CBISDDSM_Preprocessed_v2/images/Calc-Training_P_01336_RIGHT_CC_3.png,/home/majd/CBISDDSM_Preprocessed_v2/masks/Calc-Training_P_01336_RIGHT_CC_3_mask.png,BENIGN_WITHOUT_CALLBACK,CC,3,2,COARSE-ROUND_AND_REGULAR-LUCENT_CENTER,,5
Calc-Training_P_01337_LEFT_CC_1,P_01337,train,0,/home/majd/CBISDDSM_Preprocessed_v2/images/Calc-Training_P_01337_LEFT_CC_1.png,/home/majd/CBISDDSM_Preprocessed_v2/masks/Calc-Training_P_01337_LEFT_CC_1_mask.png,BENIGN,CC,1,4,AMORPHOUS,CLUSTERED,5
Calc-Training_P_01338_LEFT_CC_1,P_01338,train,0,/home/majd/CBISDDSM_Preprocessed_v2/images/Calc-Training_P_01338_LEFT_CC_1.png,/home/majd/CBISDDSM_Preprocessed_v2/masks/Calc-Training_P_01338_LEFT_CC_1_mask.png,BENIGN,CC,1,4,PLEOMORPHIC,CLUSTERED,2
Calc-Training_P_01339_LEFT_CC_1,P_01339,train,1,/home/majd/CBISDDSM_Preprocessed_v2/images/Calc-Training_P_01339_LEFT_CC_1.png,/home/majd/CBISDDSM_Preprocessed_v2/masks/Calc-Training_P_01339_LEFT_CC_1_mask.png,MALIGNANT,CC,1,4,PLEOMORPHIC,CLUSTERED,3
Calc-Training_P_01342_LEFT_CC_1,P_01342,train,1,/home/majd/CBISDDSM_Preprocessed_v2/images/Calc-Training_P_01342_LEFT_CC_1.png,/home/majd/CBISDDSM_Preprocessed_v2/masks/Calc-Training_P_01342_LEFT_CC_1_mask.png,MALIGNANT,CC,1,2,PLEOMORPHIC,CLUSTERED,2
Calc-Training_P_01345_LEFT_CC_1,P_01345,train,1,/home/majd/CBISDDSM_Preprocessed_v2/images/Calc-Training_P_01345_LEFT_CC_1.png,/home/majd/CBISDDSM_Preprocessed_v2/masks/Calc-Training_P_01345_LEFT_CC_1_mask.png,MALIGNANT,CC,1,3,PLEOMORPHIC,LINEAR,2
Calc-Training_P_01346_LEFT_CC_1,P_01346,train,1,/home/majd/CBISDDSM_Preprocessed_v2/images/Calc-Training_P_01346_LEFT_CC_1.png,/home/majd/CBISDDSM_Preprocessed_v2/masks/Calc-Training_P_01346_LEFT_CC_1_mask.png,MALIGNANT,CC,1,2,PLEOMORPHIC,SEGMENTAL,5
Calc-Training_P_01358_RIGHT_CC_1,P_01358,train,1,/home/majd/CBISDDSM_Preprocessed_v2/images/Calc-Training_P_01358_RIGHT_CC_1.png,/home/majd/CBISDDSM_Preprocessed_v2/masks/Calc-Training_P_01358_RIGHT_CC_1_mask.png,MALIGNANT,CC,1,2,PLEOMORPHIC,REGIONAL,5
Calc-Training_P_01359_LEFT_CC_1,P_01359,train,1,/home/majd/CBISDDSM_Preprocessed_v2/images/Calc-Training_P_01359_LEFT_CC_1.png,/home/majd/CBISDDSM_Preprocessed_v2/masks/Calc-Training_P_01359_LEFT_CC_1_mask.png,MALIGNANT,CC,1,3,PLEOMORPHIC,REGIONAL,5
Calc-Training_P_01361_LEFT_CC_1,P_01361,train,1,/home/majd/CBISDDSM_Preprocessed_v2/images/Calc-Training_P_01361_LEFT_CC_1.png,/home/majd/CBISDDSM_Preprocessed_v2/masks/Calc-Training_P_01361_LEFT_CC_1_mask.png,MALIGNANT,CC,1,4,PLEOMORPHIC,SEGMENTAL,5
Calc-Training_P_01362_RIGHT_CC_1,P_01362,train,0,/home/majd/CBISDDSM_Preprocessed_v2/images/Calc-Training_P_01362_RIGHT_CC_1.png,/home/majd/CBISDDSM_Preprocessed_v2/masks/Calc-Training_P_01362_RIGHT_CC_1_mask.png,BENIGN,CC,1,3,PLEOMORPHIC,CLUSTERED,2
Calc-Training_P_01365_LEFT_CC_1,P_01365,train,1,/home/majd/CBISDDSM_Preprocessed_v2/images/Calc-Training_P_01365_LEFT_CC_1.png,/home/majd/CBISDDSM_Preprocessed_v2/masks/Calc-Training_P_01365_LEFT_CC_1_mask.png,MALIGNANT,CC,1,4,PLEOMORPHIC,SEGMENTAL,3
Calc-Training_P_01366_LEFT_MLO_1,P_01366,train,0,/home/majd/CBISDDSM_Preprocessed_v2/images/Calc-Training_P_01366_LEFT_MLO_1.png,/home/majd/CBISDDSM_Preprocessed_v2/masks/Calc-Training_P_01366_LEFT_MLO_1_mask.png,BENIGN,MLO,1,4,PLEOMORPHIC,CLUSTERED,2
Calc-Training_P_01369_RIGHT_MLO_1,P_01369,train,0,/home/majd/CBISDDSM_Preprocessed_v2/images/Calc-Training_P_01369_RIGHT_MLO_1.png,/home/majd/CBISDDSM_Preprocessed_v2/masks/Calc-Training_P_01369_RIGHT_MLO_1_mask.png,BENIGN,MLO,1,4,PLEOMORPHIC,CLUSTERED,3
Calc-Training_P_01370_LEFT_CC_1,P_01370,train,1,/home/majd/CBISDDSM_Preprocessed_v2/images/Calc-Training_P_01370_LEFT_CC_1.png,/home/majd/CBISDDSM_Preprocessed_v2/masks/Calc-Training_P_01370_LEFT_CC_1_mask.png,MALIGNANT,CC,1,3,PLEOMORPHIC,LINEAR,4
Calc-Training_P_01375_LEFT_CC_1,P_01375,train,0,/home/majd/CBISDDSM_Preprocessed_v2/images/Calc-Training_P_01375_LEFT_CC_1.png,/home/majd/CBISDDSM_Preprocessed_v2/masks/Calc-Training_P_01375_LEFT_CC_1_mask.png,BENIGN,CC,1,1,PLEOMORPHIC,CLUSTERED,4
Calc-Training_P_01384_LEFT_MLO_1,P_01384,train,1,/home/majd/CBISDDSM_Preprocessed_v2/images/Calc-Training_P_01384_LEFT_MLO_1.png,/home/majd/CBISDDSM_Preprocessed_v2/masks/Calc-Training_P_01384_LEFT_MLO_1_mask.png,MALIGNANT,MLO,1,4,PLEOMORPHIC,CLUSTERED,2
Calc-Training_P_01385_RIGHT_CC_1,P_01385,train,0,/home/majd/CBISDDSM_Preprocessed_v2/images/Calc-Training_P_01385_RIGHT_CC_1.png,/home/majd/CBISDDSM_Preprocessed_v2/masks/Calc-Training_P_01385_RIGHT_CC_1_mask.png,BENIGN,CC,1,2,PLEOMORPHIC,CLUSTERED,2
Calc-Training_P_01387_LEFT_CC_1,P_01387,train,0,/home/majd/CBISDDSM_Preprocessed_v2/images/Calc-Training_P_01387_LEFT_CC_1.png,/home/majd/CBISDDSM_Preprocessed_v2/masks/Calc-Training_P_01387_LEFT_CC_1_mask.png,BENIGN,CC,1,4,AMORPHOUS,CLUSTERED,2
Calc-Training_P_01392_LEFT_CC_1,P_01392,train,0,/home/majd/CBISDDSM_Preprocessed_v2/images/Calc-Training_P_01392_LEFT_CC_1.png,/home/majd/CBISDDSM_Preprocessed_v2/masks/Calc-Training_P_01392_LEFT_CC_1_mask.png,BENIGN,CC,1,1,PLEOMORPHIC-FINE_LINEAR_BRANCHING,CLUSTERED,5
Calc-Training_P_01397_LEFT_CC_1,P_01397,train,1,/home/majd/CBISDDSM_Preprocessed_v2/images/Calc-Training_P_01397_LEFT_CC_1.png,/home/majd/CBISDDSM_Preprocessed_v2/masks/Calc-Training_P_01397_LEFT_CC_1_mask.png,MALIGNANT,CC,1,4,PLEOMORPHIC,CLUSTERED,3
Calc-Training_P_01400_LEFT_CC_1,P_01400,train,1,/home/majd/CBISDDSM_Preprocessed_v2/images/Calc-Training_P_01400_LEFT_CC_1.png,/home/majd/CBISDDSM_Preprocessed_v2/masks/Calc-Training_P_01400_LEFT_CC_1_mask.png,MALIGNANT,CC,1,2,PLEOMORPHIC,CLUSTERED,3
Calc-Training_P_01401_LEFT_CC_1,P_01401,train,0,/home/majd/CBISDDSM_Preprocessed_v2/images/Calc-Training_P_01401_LEFT_CC_1.png,/home/majd/CBISDDSM_Preprocessed_v2/masks/Calc-Training_P_01401_LEFT_CC_1_mask.png,BENIGN,CC,1,2,PLEOMORPHIC,CLUSTERED,4
Calc-Training_P_01406_RIGHT_CC_1,P_01406,train,0,/home/majd/CBISDDSM_Preprocessed_v2/images/Calc-Training_P_01406_RIGHT_CC_1.png,/home/majd/CBISDDSM_Preprocessed_v2/masks/Calc-Training_P_01406_RIGHT_CC_1_mask.png,BENIGN,CC,1,3,PLEOMORPHIC,CLUSTERED,3
Calc-Training_P_01408_LEFT_CC_1,P_01408,train,0,/home/majd/CBISDDSM_Preprocessed_v2/images/Calc-Training_P_01408_LEFT_CC_1.png,/home/majd/CBISDDSM_Preprocessed_v2/masks/Calc-Training_P_01408_LEFT_CC_1_mask.png,BENIGN_WITHOUT_CALLBACK,CC,1,3,LARGE_RODLIKE-ROUND_AND_REGULAR,REGIONAL,5
Calc-Training_P_01408_LEFT_CC_2,P_01408,train,0,/home/majd/CBISDDSM_Preprocessed_v2/images/Calc-Training_P_01408_LEFT_CC_2.png,/home/majd/CBISDDSM_Preprocessed_v2/masks/Calc-Training_P_01408_LEFT_CC_2_mask.png,BENIGN_WITHOUT_CALLBACK,CC,2,3,LARGE_RODLIKE-ROUND_AND_REGULAR,REGIONAL,5
Calc-Training_P_01408_LEFT_CC_3,P_01408,train,0,/home/majd/CBISDDSM_Preprocessed_v2/images/Calc-Training_P_01408_LEFT_CC_3.png,/home/majd/CBISDDSM_Preprocessed_v2/masks/Calc-Training_P_01408_LEFT_CC_3_mask.png,BENIGN_WITHOUT_CALLBACK,CC,3,3,LARGE_RODLIKE-ROUND_AND_REGULAR,REGIONAL,5
Calc-Training_P_01408_LEFT_CC_4,P_01408,train,0,/home/majd/CBISDDSM_Preprocessed_v2/images/Calc-Training_P_01408_LEFT_CC_4.png,/home/majd/CBISDDSM_Preprocessed_v2/masks/Calc-Training_P_01408_LEFT_CC_4_mask.png,BENIGN_WITHOUT_CALLBACK,CC,4,3,LARGE_RODLIKE-ROUND_AND_REGULAR,REGIONAL,5
Calc-Training_P_01408_LEFT_CC_5,P_01408,train,0,/home/majd/CBISDDSM_Preprocessed_v2/images/Calc-Training_P_01408_LEFT_CC_5.png,/home/majd/CBISDDSM_Preprocessed_v2/masks/Calc-Training_P_01408_LEFT_CC_5_mask.png,BENIGN_WITHOUT_CALLBACK,CC,5,3,LARGE_RODLIKE-ROUND_AND_REGULAR,REGIONAL,5
Calc-Training_P_01408_LEFT_CC_6,P_01408,train,0,/home/majd/CBISDDSM_Preprocessed_v2/images/Calc-Training_P_01408_LEFT_CC_6.png,/home/majd/CBISDDSM_Preprocessed_v2/masks/Calc-Training_P_01408_LEFT_CC_6_mask.png,BENIGN_WITHOUT_CALLBACK,CC,6,3,LARGE_RODLIKE-ROUND_AND_REGULAR,REGIONAL,5
Calc-Training_P_01409_LEFT_CC_1,P_01409,train,0,/home/majd/CBISDDSM_Preprocessed_v2/images/Calc-Training_P_01409_LEFT_CC_1.png,/home/majd/CBISDDSM_Preprocessed_v2/masks/Calc-Training_P_01409_LEFT_CC_1_mask.png,BENIGN,CC,1,2,PLEOMORPHIC,CLUSTERED,2
Calc-Training_P_01409_LEFT_CC_2,P_01409,train,0,/home/majd/CBISDDSM_Preprocessed_v2/images/Calc-Training_P_01409_LEFT_CC_2.png,/home/majd/CBISDDSM_Preprocessed_v2/masks/Calc-Training_P_01409_LEFT_CC_2_mask.png,BENIGN,CC,2,2,PLEOMORPHIC,CLUSTERED,2
Calc-Training_P_01409_RIGHT_CC_1,P_01409,train,0,/home/majd/CBISDDSM_Preprocessed_v2/images/Calc-Training_P_01409_RIGHT_CC_1.png,/home/majd/CBISDDSM_Preprocessed_v2/masks/Calc-Training_P_01409_RIGHT_CC_1_mask.png,BENIGN_WITHOUT_CALLBACK,CC,1,2,VASCULAR,,5
Calc-Training_P_01410_LEFT_CC_1,P_01410,train,0,/home/majd/CBISDDSM_Preprocessed_v2/images/Calc-Training_P_01410_LEFT_CC_1.png,/home/majd/CBISDDSM_Preprocessed_v2/masks/Calc-Training_P_01410_LEFT_CC_1_mask.png,BENIGN,CC,1,4,AMORPHOUS,CLUSTERED,3
Calc-Training_P_01420_RIGHT_CC_1,P_01420,train,1,/home/majd/CBISDDSM_Preprocessed_v2/images/Calc-Training_P_01420_RIGHT_CC_1.png,/home/majd/CBISDDSM_Preprocessed_v2/masks/Calc-Training_P_01420_RIGHT_CC_1_mask.png,MALIGNANT,CC,1,3,PLEOMORPHIC,LINEAR,2
Calc-Training_P_01422_RIGHT_CC_1,P_01422,train,0,/home/majd/CBISDDSM_Preprocessed_v2/images/Calc-Training_P_01422_RIGHT_CC_1.png,/home/majd/CBISDDSM_Preprocessed_v2/masks/Calc-Training_P_01422_RIGHT_CC_1_mask.png,BENIGN,CC,1,3,PLEOMORPHIC,CLUSTERED,2
Calc-Training_P_01424_LEFT_CC_1,P_01424,train,1,/home/majd/CBISDDSM_Preprocessed_v2/images/Calc-Training_P_01424_LEFT_CC_1.png,/home/majd/CBISDDSM_Preprocessed_v2/masks/Calc-Training_P_01424_LEFT_CC_1_mask.png,MALIGNANT,CC,1,4,PLEOMORPHIC,CLUSTERED,4
Calc-Training_P_01435_RIGHT_CC_1,P_01435,train,0,/home/majd/CBISDDSM_Preprocessed_v2/images/Calc-Training_P_01435_RIGHT_CC_1.png,/home/majd/CBISDDSM_Preprocessed_v2/masks/Calc-Training_P_01435_RIGHT_CC_1_mask.png,BENIGN_WITHOUT_CALLBACK,CC,1,4,LUCENT_CENTER,,4
Calc-Training_P_01435_RIGHT_CC_2,P_01435,train,0,/home/majd/CBISDDSM_Preprocessed_v2/images/Calc-Training_P_01435_RIGHT_CC_2.png,/home/majd/CBISDDSM_Preprocessed_v2/masks/Calc-Training_P_01435_RIGHT_CC_2_mask.png,BENIGN_WITHOUT_CALLBACK,CC,2,4,LUCENT_CENTER,,4
Calc-Training_P_01435_RIGHT_MLO_3,P_01435,train,0,/home/majd/CBISDDSM_Preprocessed_v2/images/Calc-Training_P_01435_RIGHT_MLO_3.png,/home/majd/CBISDDSM_Preprocessed_v2/masks/Calc-Training_P_01435_RIGHT_MLO_3_mask.png,BENIGN_WITHOUT_CALLBACK,MLO,3,4,LUCENT_CENTER,,4
Calc-Training_P_01436_RIGHT_CC_1,P_01436,train,0,/home/majd/CBISDDSM_Preprocessed_v2/images/Calc-Training_P_01436_RIGHT_CC_1.png,/home/majd/CBISDDSM_Preprocessed_v2/masks/Calc-Training_P_01436_RIGHT_CC_1_mask.png,BENIGN,CC,1,3,PLEOMORPHIC,CLUSTERED,3
Calc-Training_P_01437_LEFT_CC_1,P_01437,train,0,/home/majd/CBISDDSM_Preprocessed_v2/images/Calc-Training_P_01437_LEFT_CC_1.png,/home/majd/CBISDDSM_Preprocessed_v2/masks/Calc-Training_P_01437_LEFT_CC_1_mask.png,BENIGN_WITHOUT_CALLBACK,CC,1,4,ROUND_AND_REGULAR-LUCENT_CENTER-PUNCTATE,DIFFUSELY_SCATTERED,5
Calc-Training_P_01437_LEFT_CC_2,P_01437,train,0,/home/majd/CBISDDSM_Preprocessed_v2/images/Calc-Training_P_01437_LEFT_CC_2.png,/home/majd/CBISDDSM_Preprocessed_v2/masks/Calc-Training_P_01437_LEFT_CC_2_mask.png,BENIGN_WITHOUT_CALLBACK,CC,2,4,ROUND_AND_REGULAR-LUCENT_CENTER-PUNCTATE,DIFFUSELY_SCATTERED,5
Calc-Training_P_01437_LEFT_CC_3,P_01437,train,0,/home/majd/CBISDDSM_Preprocessed_v2/images/Calc-Training_P_01437_LEFT_CC_3.png,/home/majd/CBISDDSM_Preprocessed_v2/masks/Calc-Training_P_01437_LEFT_CC_3_mask.png,BENIGN_WITHOUT_CALLBACK,CC,3,4,ROUND_AND_REGULAR-LUCENT_CENTER-PUNCTATE,DIFFUSELY_SCATTERED,5
Calc-Training_P_01437_LEFT_CC_4,P_01437,train,0,/home/majd/CBISDDSM_Preprocessed_v2/images/Calc-Training_P_01437_LEFT_CC_4.png,/home/majd/CBISDDSM_Preprocessed_v2/masks/Calc-Training_P_01437_LEFT_CC_4_mask.png,BENIGN_WITHOUT_CALLBACK,CC,4,4,ROUND_AND_REGULAR-LUCENT_CENTER-PUNCTATE,DIFFUSELY_SCATTERED,5
Calc-Training_P_01437_LEFT_CC_5,P_01437,train,0,/home/majd/CBISDDSM_Preprocessed_v2/images/Calc-Training_P_01437_LEFT_CC_5.png,/home/majd/CBISDDSM_Preprocessed_v2/masks/Calc-Training_P_01437_LEFT_CC_5_mask.png,BENIGN_WITHOUT_CALLBACK,CC,5,4,ROUND_AND_REGULAR-LUCENT_CENTER-PUNCTATE,DIFFUSELY_SCATTERED,5
Calc-Training_P_01437_LEFT_CC_6,P_01437,train,0,/home/majd/CBISDDSM_Preprocessed_v2/images/Calc-Training_P_01437_LEFT_CC_6.png,/home/majd/CBISDDSM_Preprocessed_v2/masks/Calc-Training_P_01437_LEFT_CC_6_mask.png,BENIGN_WITHOUT_CALLBACK,CC,6,4,ROUND_AND_REGULAR-LUCENT_CENTER-PUNCTATE,DIFFUSELY_SCATTERED,5
Calc-Training_P_01437_RIGHT_CC_1,P_01437,train,0,/home/majd/CBISDDSM_Preprocessed_v2/images/Calc-Training_P_01437_RIGHT_CC_1.png,/home/majd/CBISDDSM_Preprocessed_v2/masks/Calc-Training_P_01437_RIGHT_CC_1_mask.png,BENIGN_WITHOUT_CALLBACK,CC,1,4,ROUND_AND_REGULAR-LUCENT_CENTER-PUNCTATE,DIFFUSELY_SCATTERED,5
Calc-Training_P_01437_RIGHT_CC_2,P_01437,train,0,/home/majd/CBISDDSM_Preprocessed_v2/images/Calc-Training_P_01437_RIGHT_CC_2.png,/home/majd/CBISDDSM_Preprocessed_v2/masks/Calc-Training_P_01437_RIGHT_CC_2_mask.png,BENIGN_WITHOUT_CALLBACK,CC,2,4,ROUND_AND_REGULAR-LUCENT_CENTER-PUNCTATE,DIFFUSELY_SCATTERED,5
Calc-Training_P_01437_RIGHT_CC_3,P_01437,train,0,/home/majd/CBISDDSM_Preprocessed_v2/images/Calc-Training_P_01437_RIGHT_CC_3.png,/home/majd/CBISDDSM_Preprocessed_v2/masks/Calc-Training_P_01437_RIGHT_CC_3_mask.png,BENIGN_WITHOUT_CALLBACK,CC,3,4,ROUND_AND_REGULAR-LUCENT_CENTER-PUNCTATE,DIFFUSELY_SCATTERED,5
Calc-Training_P_01437_RIGHT_CC_4,P_01437,train,0,/home/majd/CBISDDSM_Preprocessed_v2/images/Calc-Training_P_01437_RIGHT_CC_4.png,/home/majd/CBISDDSM_Preprocessed_v2/masks/Calc-Training_P_01437_RIGHT_CC_4_mask.png,BENIGN_WITHOUT_CALLBACK,CC,4,4,ROUND_AND_REGULAR-LUCENT_CENTER-PUNCTATE,DIFFUSELY_SCATTERED,5
Calc-Training_P_01437_RIGHT_CC_5,P_01437,train,0,/home/majd/CBISDDSM_Preprocessed_v2/images/Calc-Training_P_01437_RIGHT_CC_5.png,/home/majd/CBISDDSM_Preprocessed_v2/masks/Calc-Training_P_01437_RIGHT_CC_5_mask.png,BENIGN_WITHOUT_CALLBACK,CC,5,4,ROUND_AND_REGULAR-LUCENT_CENTER-PUNCTATE,DIFFUSELY_SCATTERED,5
Calc-Training_P_01437_RIGHT_CC_6,P_01437,train,0,/home/majd/CBISDDSM_Preprocessed_v2/images/Calc-Training_P_01437_RIGHT_CC_6.png,/home/majd/CBISDDSM_Preprocessed_v2/masks/Calc-Training_P_01437_RIGHT_CC_6_mask.png,BENIGN_WITHOUT_CALLBACK,CC,6,4,ROUND_AND_REGULAR-LUCENT_CENTER-PUNCTATE,DIFFUSELY_SCATTERED,5
Calc-Training_P_01440_LEFT_CC_1,P_01440,train,0,/home/majd/CBISDDSM_Preprocessed_v2/images/Calc-Training_P_01440_LEFT_CC_1.png,/home/majd/CBISDDSM_Preprocessed_v2/masks/Calc-Training_P_01440_LEFT_CC_1_mask.png,BENIGN_WITHOUT_CALLBACK,CC,1,3,COARSE-LUCENT_CENTER,,3
Calc-Training_P_01440_RIGHT_CC_1,P_01440,train,0,/home/majd/CBISDDSM_Preprocessed_v2/images/Calc-Training_P_01440_RIGHT_CC_1.png,/home/majd/CBISDDSM_Preprocessed_v2/masks/Calc-Training_P_01440_RIGHT_CC_1_mask.png,BENIGN_WITHOUT_CALLBACK,CC,1,3,COARSE,,5
Calc-Training_P_01440_RIGHT_CC_2,P_01440,train,0,/home/majd/CBISDDSM_Preprocessed_v2/images/Calc-Training_P_01440_RIGHT_CC_2.png,/home/majd/CBISDDSM_Preprocessed_v2/masks/Calc-Training_P_01440_RIGHT_CC_2_mask.png,BENIGN_WITHOUT_CALLBACK,CC,2,3,COARSE,,5
Calc-Training_P_01443_RIGHT_CC_1,P_01443,train,1,/home/majd/CBISDDSM_Preprocessed_v2/images/Calc-Training_P_01443_RIGHT_CC_1.png,/home/majd/CBISDDSM_Preprocessed_v2/masks/Calc-Training_P_01443_RIGHT_CC_1_mask.png,MALIGNANT,CC,1,3,PLEOMORPHIC,CLUSTERED,4
Calc-Training_P_01446_LEFT_MLO_1,P_01446,train,0,/home/majd/CBISDDSM_Preprocessed_v2/images/Calc-Training_P_01446_LEFT_MLO_1.png,/home/majd/CBISDDSM_Preprocessed_v2/masks/Calc-Training_P_01446_LEFT_MLO_1_mask.png,BENIGN,MLO,1,1,PLEOMORPHIC,CLUSTERED,3
Calc-Training_P_01451_RIGHT_CC_1,P_01451,train,0,/home/majd/CBISDDSM_Preprocessed_v2/images/Calc-Training_P_01451_RIGHT_CC_1.png,/home/majd/CBISDDSM_Preprocessed_v2/masks/Calc-Training_P_01451_RIGHT_CC_1_mask.png,BENIGN,CC,1,1,PLEOMORPHIC,CLUSTERED,4
Calc-Training_P_01454_LEFT_MLO_2,P_01454,train,1,/home/majd/CBISDDSM_Preprocessed_v2/images/Calc-Training_P_01454_LEFT_MLO_2.png,/home/majd/CBISDDSM_Preprocessed_v2/masks/Calc-Training_P_01454_LEFT_MLO_2_mask.png,MALIGNANT,MLO,2,2,FINE_LINEAR_BRANCHING,LINEAR,4
Calc-Training_P_01455_RIGHT_CC_1,P_01455,train,1,/home/majd/CBISDDSM_Preprocessed_v2/images/Calc-Training_P_01455_RIGHT_CC_1.png,/home/majd/CBISDDSM_Preprocessed_v2/masks/Calc-Training_P_01455_RIGHT_CC_1_mask.png,MALIGNANT,CC,1,1,ROUND_AND_REGULAR,CLUSTERED,5
Calc-Training_P_01456_LEFT_CC_1,P_01456,train,1,/home/majd/CBISDDSM_Preprocessed_v2/images/Calc-Training_P_01456_LEFT_CC_1.png,/home/majd/CBISDDSM_Preprocessed_v2/masks/Calc-Training_P_01456_LEFT_CC_1_mask.png,MALIGNANT,CC,1,2,PLEOMORPHIC-FINE_LINEAR_BRANCHING,REGIONAL,3
Calc-Training_P_01456_LEFT_CC_2,P_01456,train,1,/home/majd/CBISDDSM_Preprocessed_v2/images/Calc-Training_P_01456_LEFT_CC_2.png,/home/majd/CBISDDSM_Preprocessed_v2/masks/Calc-Training_P_01456_LEFT_CC_2_mask.png,MALIGNANT,CC,2,2,PLEOMORPHIC-FINE_LINEAR_BRANCHING,REGIONAL,3
Calc-Training_P_01457_LEFT_CC_1,P_01457,train,0,/home/majd/CBISDDSM_Preprocessed_v2/images/Calc-Training_P_01457_LEFT_CC_1.png,/home/majd/CBISDDSM_Preprocessed_v2/masks/Calc-Training_P_01457_LEFT_CC_1_mask.png,BENIGN_WITHOUT_CALLBACK,CC,1,2,COARSE,,3
Calc-Training_P_01457_LEFT_CC_2,P_01457,train,0,/home/majd/CBISDDSM_Preprocessed_v2/images/Calc-Training_P_01457_LEFT_CC_2.png,/home/majd/CBISDDSM_Preprocessed_v2/masks/Calc-Training_P_01457_LEFT_CC_2_mask.png,BENIGN_WITHOUT_CALLBACK,CC,2,2,COARSE,,3
Calc-Training_P_01457_RIGHT_CC_1,P_01457,train,0,/home/majd/CBISDDSM_Preprocessed_v2/images/Calc-Training_P_01457_RIGHT_CC_1.png,/home/majd/CBISDDSM_Preprocessed_v2/masks/Calc-Training_P_01457_RIGHT_CC_1_mask.png,BENIGN_WITHOUT_CALLBACK,CC,1,2,COARSE,,3
Calc-Training_P_01458_LEFT_CC_1,P_01458,train,0,/home/majd/CBISDDSM_Preprocessed_v2/images/Calc-Training_P_01458_LEFT_CC_1.png,/home/majd/CBISDDSM_Preprocessed_v2/masks/Calc-Training_P_01458_LEFT_CC_1_mask.png,BENIGN_WITHOUT_CALLBACK,CC,1,3,DYSTROPHIC,CLUSTERED,5
Calc-Training_P_01459_LEFT_CC_1,P_01459,train,1,/home/majd/CBISDDSM_Preprocessed_v2/images/Calc-Training_P_01459_LEFT_CC_1.png,/home/majd/CBISDDSM_Preprocessed_v2/masks/Calc-Training_P_01459_LEFT_CC_1_mask.png,MALIGNANT,CC,1,4,PLEOMORPHIC,SEGMENTAL,4
Calc-Training_P_01462_LEFT_CC_1,P_01462,train,0,/home/majd/CBISDDSM_Preprocessed_v2/images/Calc-Training_P_01462_LEFT_CC_1.png,/home/majd/CBISDDSM_Preprocessed_v2/masks/Calc-Training_P_01462_LEFT_CC_1_mask.png,BENIGN_WITHOUT_CALLBACK,CC,1,2,LUCENT_CENTER,,5
Calc-Training_P_01467_RIGHT_CC_1,P_01467,train,1,/home/majd/CBISDDSM_Preprocessed_v2/images/Calc-Training_P_01467_RIGHT_CC_1.png,/home/majd/CBISDDSM_Preprocessed_v2/masks/Calc-Training_P_01467_RIGHT_CC_1_mask.png,MALIGNANT,CC,1,3,PLEOMORPHIC,REGIONAL,4
Calc-Training_P_01472_RIGHT_MLO_1,P_01472,train,1,/home/majd/CBISDDSM_Preprocessed_v2/images/Calc-Training_P_01472_RIGHT_MLO_1.png,/home/majd/CBISDDSM_Preprocessed_v2/masks/Calc-Training_P_01472_RIGHT_MLO_1_mask.png,MALIGNANT,MLO,1,4,PLEOMORPHIC,CLUSTERED,3
Calc-Training_P_01478_RIGHT_CC_1,P_01478,train,0,/home/majd/CBISDDSM_Preprocessed_v2/images/Calc-Training_P_01478_RIGHT_CC_1.png,/home/majd/CBISDDSM_Preprocessed_v2/masks/Calc-Training_P_01478_RIGHT_CC_1_mask.png,BENIGN,CC,1,2,PLEOMORPHIC,CLUSTERED,2
Calc-Training_P_01487_RIGHT_MLO_1,P_01487,train,0,/home/majd/CBISDDSM_Preprocessed_v2/images/Calc-Training_P_01487_RIGHT_MLO_1.png,/home/majd/CBISDDSM_Preprocessed_v2/masks/Calc-Training_P_01487_RIGHT_MLO_1_mask.png,BENIGN_WITHOUT_CALLBACK,MLO,1,2,LUCENT_CENTER,,3
Calc-Training_P_01488_LEFT_CC_1,P_01488,train,0,/home/majd/CBISDDSM_Preprocessed_v2/images/Calc-Training_P_01488_LEFT_CC_1.png,/home/majd/CBISDDSM_Preprocessed_v2/masks/Calc-Training_P_01488_LEFT_CC_1_mask.png,BENIGN,CC,1,3,PUNCTATE,CLUSTERED,2
Calc-Training_P_01497_LEFT_CC_1,P_01497,train,0,/home/majd/CBISDDSM_Preprocessed_v2/images/Calc-Training_P_01497_LEFT_CC_1.png,/home/majd/CBISDDSM_Preprocessed_v2/masks/Calc-Training_P_01497_LEFT_CC_1_mask.png,BENIGN,CC,1,4,PUNCTATE-AMORPHOUS,REGIONAL,3
Calc-Training_P_01497_RIGHT_MLO_1,P_01497,train,0,/home/majd/CBISDDSM_Preprocessed_v2/images/Calc-Training_P_01497_RIGHT_MLO_1.png,/home/majd/CBISDDSM_Preprocessed_v2/masks/Calc-Training_P_01497_RIGHT_MLO_1_mask.png,BENIGN,MLO,1,4,PUNCTATE-AMORPHOUS,REGIONAL,3
Calc-Training_P_01505_RIGHT_CC_1,P_01505,train,1,/home/majd/CBISDDSM_Preprocessed_v2/images/Calc-Training_P_01505_RIGHT_CC_1.png,/home/majd/CBISDDSM_Preprocessed_v2/masks/Calc-Training_P_01505_RIGHT_CC_1_mask.png,MALIGNANT,CC,1,3,PLEOMORPHIC,REGIONAL,3
Calc-Training_P_01513_LEFT_CC_1,P_01513,train,0,/home/majd/CBISDDSM_Preprocessed_v2/images/Calc-Training_P_01513_LEFT_CC_1.png,/home/majd/CBISDDSM_Preprocessed_v2/masks/Calc-Training_P_01513_LEFT_CC_1_mask.png,BENIGN,CC,1,2,PLEOMORPHIC,CLUSTERED,4
Calc-Training_P_01517_LEFT_MLO_2,P_01517,train,1,/home/majd/CBISDDSM_Preprocessed_v2/images/Calc-Training_P_01517_LEFT_MLO_2.png,/home/majd/CBISDDSM_Preprocessed_v2/masks/Calc-Training_P_01517_LEFT_MLO_2_mask.png,MALIGNANT,MLO,2,4,PLEOMORPHIC,CLUSTERED,2
Calc-Training_P_01522_RIGHT_CC_1,P_01522,train,0,/home/majd/CBISDDSM_Preprocessed_v2/images/Calc-Training_P_01522_RIGHT_CC_1.png,/home/majd/CBISDDSM_Preprocessed_v2/masks/Calc-Training_P_01522_RIGHT_CC_1_mask.png,BENIGN,CC,1,2,PLEOMORPHIC,CLUSTERED,3
Calc-Training_P_01524_LEFT_CC_1,P_01524,train,1,/home/majd/CBISDDSM_Preprocessed_v2/images/Calc-Training_P_01524_LEFT_CC_1.png,/home/majd/CBISDDSM_Preprocessed_v2/masks/Calc-Training_P_01524_LEFT_CC_1_mask.png,MALIGNANT,CC,1,3,PLEOMORPHIC,SEGMENTAL,3
Calc-Training_P_01526_RIGHT_CC_1,P_01526,train,1,/home/majd/CBISDDSM_Preprocessed_v2/images/Calc-Training_P_01526_RIGHT_CC_1.png,/home/majd/CBISDDSM_Preprocessed_v2/masks/Calc-Training_P_01526_RIGHT_CC_1_mask.png,MALIGNANT,CC,1,2,PLEOMORPHIC,REGIONAL,5
Calc-Training_P_01537_RIGHT_CC_1,P_01537,train,1,/home/majd/CBISDDSM_Preprocessed_v2/images/Calc-Training_P_01537_RIGHT_CC_1.png,/home/majd/CBISDDSM_Preprocessed_v2/masks/Calc-Training_P_01537_RIGHT_CC_1_mask.png,MALIGNANT,CC,1,4,PLEOMORPHIC,CLUSTERED,4
Calc-Training_P_01545_RIGHT_CC_1,P_01545,train,1,/home/majd/CBISDDSM_Preprocessed_v2/images/Calc-Training_P_01545_RIGHT_CC_1.png,/home/majd/CBISDDSM_Preprocessed_v2/masks/Calc-Training_P_01545_RIGHT_CC_1_mask.png,MALIGNANT,CC,1,3,PLEOMORPHIC,CLUSTERED,4
Calc-Training_P_01548_LEFT_CC_1,P_01548,train,1,/home/majd/CBISDDSM_Preprocessed_v2/images/Calc-Training_P_01548_LEFT_CC_1.png,/home/majd/CBISDDSM_Preprocessed_v2/masks/Calc-Training_P_01548_LEFT_CC_1_mask.png,MALIGNANT,CC,1,3,PLEOMORPHIC,CLUSTERED,2
Calc-Training_P_01549_LEFT_CC_1,P_01549,train,1,/home/majd/CBISDDSM_Preprocessed_v2/images/Calc-Training_P_01549_LEFT_CC_1.png,/home/majd/CBISDDSM_Preprocessed_v2/masks/Calc-Training_P_01549_LEFT_CC_1_mask.png,MALIGNANT,CC,1,3,PLEOMORPHIC,CLUSTERED,2
Calc-Training_P_01561_LEFT_CC_1,P_01561,train,1,/home/majd/CBISDDSM_Preprocessed_v2/images/Calc-Training_P_01561_LEFT_CC_1.png,/home/majd/CBISDDSM_Preprocessed_v2/masks/Calc-Training_P_01561_LEFT_CC_1_mask.png,MALIGNANT,CC,1,2,AMORPHOUS,CLUSTERED,4
Calc-Training_P_01563_LEFT_CC_1,P_01563,train,0,/home/majd/CBISDDSM_Preprocessed_v2/images/Calc-Training_P_01563_LEFT_CC_1.png,/home/majd/CBISDDSM_Preprocessed_v2/masks/Calc-Training_P_01563_LEFT_CC_1_mask.png,BENIGN_WITHOUT_CALLBACK,CC,1,3,ROUND_AND_REGULAR-LUCENT_CENTERED,,3
Calc-Training_P_01563_LEFT_CC_2,P_01563,train,0,/home/majd/CBISDDSM_Preprocessed_v2/images/Calc-Training_P_01563_LEFT_CC_2.png,/home/majd/CBISDDSM_Preprocessed_v2/masks/Calc-Training_P_01563_LEFT_CC_2_mask.png,BENIGN_WITHOUT_CALLBACK,CC,2,3,ROUND_AND_REGULAR-LUCENT_CENTERED,,3
Calc-Training_P_01563_LEFT_MLO_3,P_01563,train,0,/home/majd/CBISDDSM_Preprocessed_v2/images/Calc-Training_P_01563_LEFT_MLO_3.png,/home/majd/CBISDDSM_Preprocessed_v2/masks/Calc-Training_P_01563_LEFT_MLO_3_mask.png,BENIGN_WITHOUT_CALLBACK,MLO,3,3,ROUND_AND_REGULAR-LUCENT_CENTERED,,3
Calc-Training_P_01563_LEFT_MLO_4,P_01563,train,0,/home/majd/CBISDDSM_Preprocessed_v2/images/Calc-Training_P_01563_LEFT_MLO_4.png,/home/majd/CBISDDSM_Preprocessed_v2/masks/Calc-Training_P_01563_LEFT_MLO_4_mask.png,BENIGN_WITHOUT_CALLBACK,MLO,4,3,ROUND_AND_REGULAR-LUCENT_CENTERED,,3
Calc-Training_P_01563_RIGHT_CC_1,P_01563,train,0,/home/majd/CBISDDSM_Preprocessed_v2/images/Calc-Training_P_01563_RIGHT_CC_1.png,/home/majd/CBISDDSM_Preprocessed_v2/masks/Calc-Training_P_01563_RIGHT_CC_1_mask.png,BENIGN_WITHOUT_CALLBACK,CC,1,3,ROUND_AND_REGULAR-LUCENT_CENTERED,,3
Calc-Training_P_01563_RIGHT_CC_2,P_01563,train,0,/home/majd/CBISDDSM_Preprocessed_v2/images/Calc-Training_P_01563_RIGHT_CC_2.png,/home/majd/CBISDDSM_Preprocessed_v2/masks/Calc-Training_P_01563_RIGHT_CC_2_mask.png,BENIGN_WITHOUT_CALLBACK,CC,2,3,ROUND_AND_REGULAR-LUCENT_CENTERED,,3
Calc-Training_P_01563_RIGHT_MLO_3,P_01563,train,0,/home/majd/CBISDDSM_Preprocessed_v2/images/Calc-Training_P_01563_RIGHT_MLO_3.png,/home/majd/CBISDDSM_Preprocessed_v2/masks/Calc-Training_P_01563_RIGHT_MLO_3_mask.png,BENIGN_WITHOUT_CALLBACK,MLO,3,3,LUCENT_CENTERED,,3
Calc-Training_P_01566_LEFT_CC_1,P_01566,train,0,/home/majd/CBISDDSM_Preprocessed_v2/images/Calc-Training_P_01566_LEFT_CC_1.png,/home/majd/CBISDDSM_Preprocessed_v2/masks/Calc-Training_P_01566_LEFT_CC_1_mask.png,BENIGN,CC,1,3,PUNCTATE-PLEOMORPHIC,CLUSTERED,3
Calc-Training_P_01567_LEFT_CC_2,P_01567,train,0,/home/majd/CBISDDSM_Preprocessed_v2/images/Calc-Training_P_01567_LEFT_CC_2.png,/home/majd/CBISDDSM_Preprocessed_v2/masks/Calc-Training_P_01567_LEFT_CC_2_mask.png,BENIGN,CC,2,3,DYSTROPHIC,CLUSTERED,3
Calc-Training_P_01569_RIGHT_CC_1,P_01569,train,0,/home/majd/CBISDDSM_Preprocessed_v2/images/Calc-Training_P_01569_RIGHT_CC_1.png,/home/majd/CBISDDSM_Preprocessed_v2/masks/Calc-Training_P_01569_RIGHT_CC_1_mask.png,BENIGN,CC,1,4,PUNCTATE-AMORPHOUS,REGIONAL,4
Calc-Training_P_01569_RIGHT_CC_2,P_01569,train,0,/home/majd/CBISDDSM_Preprocessed_v2/images/Calc-Training_P_01569_RIGHT_CC_2.png,/home/majd/CBISDDSM_Preprocessed_v2/masks/Calc-Training_P_01569_RIGHT_CC_2_mask.png,BENIGN,CC,2,4,PUNCTATE-AMORPHOUS,CLUSTERED,4
Calc-Training_P_01570_RIGHT_CC_1,P_01570,train,0,/home/majd/CBISDDSM_Preprocessed_v2/images/Calc-Training_P_01570_RIGHT_CC_1.png,/home/majd/CBISDDSM_Preprocessed_v2/masks/Calc-Training_P_01570_RIGHT_CC_1_mask.png,BENIGN,CC,1,2,AMORPHOUS,CLUSTERED,2
Calc-Training_P_01570_RIGHT_MLO_2,P_01570,train,0,/home/majd/CBISDDSM_Preprocessed_v2/images/Calc-Training_P_01570_RIGHT_MLO_2.png,/home/majd/CBISDDSM_Preprocessed_v2/masks/Calc-Training_P_01570_RIGHT_MLO_2_mask.png,BENIGN,MLO,2,2,AMORPHOUS,CLUSTERED,2
Calc-Training_P_01571_RIGHT_CC_1,P_01571,train,0,/home/majd/CBISDDSM_Preprocessed_v2/images/Calc-Training_P_01571_RIGHT_CC_1.png,/home/majd/CBISDDSM_Preprocessed_v2/masks/Calc-Training_P_01571_RIGHT_CC_1_mask.png,BENIGN,CC,1,4,PLEOMORPHIC,SEGMENTAL,4
Calc-Training_P_01573_RIGHT_CC_2,P_01573,train,1,/home/majd/CBISDDSM_Preprocessed_v2/images/Calc-Training_P_01573_RIGHT_CC_2.png,/home/majd/CBISDDSM_Preprocessed_v2/masks/Calc-Training_P_01573_RIGHT_CC_2_mask.png,MALIGNANT,CC,2,3,PLEOMORPHIC,CLUSTERED,4
Calc-Training_P_01573_RIGHT_CC_3,P_01573,train,1,/home/majd/CBISDDSM_Preprocessed_v2/images/Calc-Training_P_01573_RIGHT_CC_3.png,/home/majd/CBISDDSM_Preprocessed_v2/masks/Calc-Training_P_01573_RIGHT_CC_3_mask.png,MALIGNANT,CC,3,3,PLEOMORPHIC,CLUSTERED,4
Calc-Training_P_01574_RIGHT_CC_1,P_01574,train,0,/home/majd/CBISDDSM_Preprocessed_v2/images/Calc-Training_P_01574_RIGHT_CC_1.png,/home/majd/CBISDDSM_Preprocessed_v2/masks/Calc-Training_P_01574_RIGHT_CC_1_mask.png,BENIGN,CC,1,2,AMORPHOUS,CLUSTERED,3
Calc-Training_P_01575_RIGHT_MLO_1,P_01575,train,1,/home/majd/CBISDDSM_Preprocessed_v2/images/Calc-Training_P_01575_RIGHT_MLO_1.png,/home/majd/CBISDDSM_Preprocessed_v2/masks/Calc-Training_P_01575_RIGHT_MLO_1_mask.png,MALIGNANT,MLO,1,4,PLEOMORPHIC,CLUSTERED,3
Calc-Training_P_01576_RIGHT_CC_1,P_01576,train,1,/home/majd/CBISDDSM_Preprocessed_v2/images/Calc-Training_P_01576_RIGHT_CC_1.png,/home/majd/CBISDDSM_Preprocessed_v2/masks/Calc-Training_P_01576_RIGHT_CC_1_mask.png,MALIGNANT,CC,1,2,AMORPHOUS,CLUSTERED,2
Calc-Training_P_01577_RIGHT_CC_1,P_01577,train,0,/home/majd/CBISDDSM_Preprocessed_v2/images/Calc-Training_P_01577_RIGHT_CC_1.png,/home/majd/CBISDDSM_Preprocessed_v2/masks/Calc-Training_P_01577_RIGHT_CC_1_mask.png,BENIGN_WITHOUT_CALLBACK,CC,1,3,LUCENT_CENTER,,3
Calc-Training_P_01579_RIGHT_CC_1,P_01579,train,0,/home/majd/CBISDDSM_Preprocessed_v2/images/Calc-Training_P_01579_RIGHT_CC_1.png,/home/majd/CBISDDSM_Preprocessed_v2/masks/Calc-Training_P_01579_RIGHT_CC_1_mask.png,BENIGN,CC,1,1,PUNCTATE,CLUSTERED,5
Calc-Training_P_01582_LEFT_CC_1,P_01582,train,1,/home/majd/CBISDDSM_Preprocessed_v2/images/Calc-Training_P_01582_LEFT_CC_1.png,/home/majd/CBISDDSM_Preprocessed_v2/masks/Calc-Training_P_01582_LEFT_CC_1_mask.png,MALIGNANT,CC,1,2,AMORPHOUS,REGIONAL,5
Calc-Training_P_01582_RIGHT_CC_1,P_01582,train,0,/home/majd/CBISDDSM_Preprocessed_v2/images/Calc-Training_P_01582_RIGHT_CC_1.png,/home/majd/CBISDDSM_Preprocessed_v2/masks/Calc-Training_P_01582_RIGHT_CC_1_mask.png,BENIGN,CC,1,2,AMORPHOUS,CLUSTERED,2
Calc-Training_P_01585_RIGHT_CC_1,P_01585,train,1,/home/majd/CBISDDSM_Preprocessed_v2/images/Calc-Training_P_01585_RIGHT_CC_1.png,/home/majd/CBISDDSM_Preprocessed_v2/masks/Calc-Training_P_01585_RIGHT_CC_1_mask.png,MALIGNANT,CC,1,2,PLEOMORPHIC,SEGMENTAL,4
Calc-Training_P_01596_LEFT_CC_1,P_01596,train,1,/home/majd/CBISDDSM_Preprocessed_v2/images/Calc-Training_P_01596_LEFT_CC_1.png,/home/majd/CBISDDSM_Preprocessed_v2/masks/Calc-Training_P_01596_LEFT_CC_1_mask.png,MALIGNANT,CC,1,2,PLEOMORPHIC,LINEAR,4
Calc-Training_P_01605_LEFT_CC_1,P_01605,train,1,/home/majd/CBISDDSM_Preprocessed_v2/images/Calc-Training_P_01605_LEFT_CC_1.png,/home/majd/CBISDDSM_Preprocessed_v2/masks/Calc-Training_P_01605_LEFT_CC_1_mask.png,MALIGNANT,CC,1,3,PLEOMORPHIC,CLUSTERED,1
Calc-Training_P_01605_LEFT_MLO_2,P_01605,train,1,/home/majd/CBISDDSM_Preprocessed_v2/images/Calc-Training_P_01605_LEFT_MLO_2.png,/home/majd/CBISDDSM_Preprocessed_v2/masks/Calc-Training_P_01605_LEFT_MLO_2_mask.png,MALIGNANT,MLO,2,3,PLEOMORPHIC,CLUSTERED,1
Calc-Training_P_01609_LEFT_CC_1,P_01609,train,0,/home/majd/CBISDDSM_Preprocessed_v2/images/Calc-Training_P_01609_LEFT_CC_1.png,/home/majd/CBISDDSM_Preprocessed_v2/masks/Calc-Training_P_01609_LEFT_CC_1_mask.png,BENIGN,CC,1,4,PLEOMORPHIC,CLUSTERED,1
Calc-Training_P_01610_RIGHT_MLO_1,P_01610,train,1,/home/majd/CBISDDSM_Preprocessed_v2/images/Calc-Training_P_01610_RIGHT_MLO_1.png,/home/majd/CBISDDSM_Preprocessed_v2/masks/Calc-Training_P_01610_RIGHT_MLO_1_mask.png,MALIGNANT,MLO,1,1,AMORPHOUS,CLUSTERED,4
Calc-Training_P_01616_RIGHT_CC_1,P_01616,train,0,/home/majd/CBISDDSM_Preprocessed_v2/images/Calc-Training_P_01616_RIGHT_CC_1.png,/home/majd/CBISDDSM_Preprocessed_v2/masks/Calc-Training_P_01616_RIGHT_CC_1_mask.png,BENIGN,CC,1,4,AMORPHOUS,SEGMENTAL,3
Calc-Training_P_01625_RIGHT_CC_1,P_01625,train,1,/home/majd/CBISDDSM_Preprocessed_v2/images/Calc-Training_P_01625_RIGHT_CC_1.png,/home/majd/CBISDDSM_Preprocessed_v2/masks/Calc-Training_P_01625_RIGHT_CC_1_mask.png,MALIGNANT,CC,1,2,PLEOMORPHIC,SEGMENTAL,4
Calc-Training_P_01626_LEFT_CC_1,P_01626,train,1,/home/majd/CBISDDSM_Preprocessed_v2/images/Calc-Training_P_01626_LEFT_CC_1.png,/home/majd/CBISDDSM_Preprocessed_v2/masks/Calc-Training_P_01626_LEFT_CC_1_mask.png,MALIGNANT,CC,1,2,PLEOMORPHIC,CLUSTERED,4
Calc-Training_P_01628_LEFT_CC_1,P_01628,train,0,/home/majd/CBISDDSM_Preprocessed_v2/images/Calc-Training_P_01628_LEFT_CC_1.png,/home/majd/CBISDDSM_Preprocessed_v2/masks/Calc-Training_P_01628_LEFT_CC_1_mask.png,BENIGN_WITHOUT_CALLBACK,CC,1,3,ROUND_AND_REGULAR-LUCENT_CENTER,,5
Calc-Training_P_01628_LEFT_CC_2,P_01628,train,0,/home/majd/CBISDDSM_Preprocessed_v2/images/Calc-Training_P_01628_LEFT_CC_2.png,/home/majd/CBISDDSM_Preprocessed_v2/masks/Calc-Training_P_01628_LEFT_CC_2_mask.png,BENIGN_WITHOUT_CALLBACK,CC,2,3,ROUND_AND_REGULAR-LUCENT_CENTER,,5
Calc-Training_P_01628_LEFT_CC_3,P_01628,train,0,/home/majd/CBISDDSM_Preprocessed_v2/images/Calc-Training_P_01628_LEFT_CC_3.png,/home/majd/CBISDDSM_Preprocessed_v2/masks/Calc-Training_P_01628_LEFT_CC_3_mask.png,BENIGN_WITHOUT_CALLBACK,CC,3,3,ROUND_AND_REGULAR-LUCENT_CENTER,,5
Calc-Training_P_01628_RIGHT_CC_1,P_01628,train,0,/home/majd/CBISDDSM_Preprocessed_v2/images/Calc-Training_P_01628_RIGHT_CC_1.png,/home/majd/CBISDDSM_Preprocessed_v2/masks/Calc-Training_P_01628_RIGHT_CC_1_mask.png,BENIGN_WITHOUT_CALLBACK,CC,1,3,LUCENT_CENTER,,5
Calc-Training_P_01628_RIGHT_CC_2,P_01628,train,0,/home/majd/CBISDDSM_Preprocessed_v2/images/Calc-Training_P_01628_RIGHT_CC_2.png,/home/majd/CBISDDSM_Preprocessed_v2/masks/Calc-Training_P_01628_RIGHT_CC_2_mask.png,BENIGN_WITHOUT_CALLBACK,CC,2,3,LUCENT_CENTER,,5
Calc-Training_P_01629_LEFT_CC_1,P_01629,train,0,/home/majd/CBISDDSM_Preprocessed_v2/images/Calc-Training_P_01629_LEFT_CC_1.png,/home/majd/CBISDDSM_Preprocessed_v2/masks/Calc-Training_P_01629_LEFT_CC_1_mask.png,BENIGN,CC,1,3,PUNCTATE-AMORPHOUS,CLUSTERED-LINEAR,3
Calc-Training_P_01639_RIGHT_CC_1,P_01639,train,0,/home/majd/CBISDDSM_Preprocessed_v2/images/Calc-Training_P_01639_RIGHT_CC_1.png,/home/majd/CBISDDSM_Preprocessed_v2/masks/Calc-Training_P_01639_RIGHT_CC_1_mask.png,BENIGN,CC,1,4,PLEOMORPHIC,CLUSTERED,3
Calc-Training_P_01647_RIGHT_CC_1,P_01647,train,0,/home/majd/CBISDDSM_Preprocessed_v2/images/Calc-Training_P_01647_RIGHT_CC_1.png,/home/majd/CBISDDSM_Preprocessed_v2/masks/Calc-Training_P_01647_RIGHT_CC_1_mask.png,BENIGN,CC,1,4,PLEOMORPHIC,SEGMENTAL,3
Calc-Training_P_01655_RIGHT_CC_1,P_01655,train,1,/home/majd/CBISDDSM_Preprocessed_v2/images/Calc-Training_P_01655_RIGHT_CC_1.png,/home/majd/CBISDDSM_Preprocessed_v2/masks/Calc-Training_P_01655_RIGHT_CC_1_mask.png,MALIGNANT,CC,1,3,PLEOMORPHIC,CLUSTERED,1
Calc-Training_P_01659_LEFT_CC_1,P_01659,train,1,/home/majd/CBISDDSM_Preprocessed_v2/images/Calc-Training_P_01659_LEFT_CC_1.png,/home/majd/CBISDDSM_Preprocessed_v2/masks/Calc-Training_P_01659_LEFT_CC_1_mask.png,MALIGNANT,CC,1,4,PUNCTATE,SEGMENTAL,2
Calc-Training_P_01660_RIGHT_CC_1,P_01660,train,0,/home/majd/CBISDDSM_Preprocessed_v2/images/Calc-Training_P_01660_RIGHT_CC_1.png,/home/majd/CBISDDSM_Preprocessed_v2/masks/Calc-Training_P_01660_RIGHT_CC_1_mask.png,BENIGN,CC,1,2,PUNCTATE,LINEAR,1
Calc-Training_P_01664_LEFT_CC_1,P_01664,train,0,/home/majd/CBISDDSM_Preprocessed_v2/images/Calc-Training_P_01664_LEFT_CC_1.png,/home/majd/CBISDDSM_Preprocessed_v2/masks/Calc-Training_P_01664_LEFT_CC_1_mask.png,BENIGN_WITHOUT_CALLBACK,CC,1,3,PUNCTATE,CLUSTERED,3
Calc-Training_P_01664_RIGHT_CC_1,P_01664,train,0,/home/majd/CBISDDSM_Preprocessed_v2/images/Calc-Training_P_01664_RIGHT_CC_1.png,/home/majd/CBISDDSM_Preprocessed_v2/masks/Calc-Training_P_01664_RIGHT_CC_1_mask.png,BENIGN_WITHOUT_CALLBACK,CC,1,3,PUNCTATE-ROUND_AND_REGULAR,REGIONAL,3
Calc-Training_P_01664_RIGHT_CC_2,P_01664,train,0,/home/majd/CBISDDSM_Preprocessed_v2/images/Calc-Training_P_01664_RIGHT_CC_2.png,/home/majd/CBISDDSM_Preprocessed_v2/masks/Calc-Training_P_01664_RIGHT_CC_2_mask.png,BENIGN_WITHOUT_CALLBACK,CC,2,3,PUNCTATE-ROUND_AND_REGULAR,REGIONAL,3
Calc-Training_P_01676_RIGHT_MLO_1,P_01676,train,0,/home/majd/CBISDDSM_Preprocessed_v2/images/Calc-Training_P_01676_RIGHT_MLO_1.png,/home/majd/CBISDDSM_Preprocessed_v2/masks/Calc-Training_P_01676_RIGHT_MLO_1_mask.png,BENIGN,MLO,1,4,PLEOMORPHIC,CLUSTERED,4
Calc-Training_P_01678_RIGHT_CC_1,P_01678,train,0,/home/majd/CBISDDSM_Preprocessed_v2/images/Calc-Training_P_01678_RIGHT_CC_1.png,/home/majd/CBISDDSM_Preprocessed_v2/masks/Calc-Training_P_01678_RIGHT_CC_1_mask.png,BENIGN,CC,1,4,DYSTROPHIC,CLUSTERED,5
Calc-Training_P_01679_RIGHT_CC_1,P_01679,train,1,/home/majd/CBISDDSM_Preprocessed_v2/images/Calc-Training_P_01679_RIGHT_CC_1.png,/home/majd/CBISDDSM_Preprocessed_v2/masks/Calc-Training_P_01679_RIGHT_CC_1_mask.png,MALIGNANT,CC,1,3,PLEOMORPHIC,LINEAR,1
Calc-Training_P_01683_LEFT_CC_1,P_01683,train,1,/home/majd/CBISDDSM_Preprocessed_v2/images/Calc-Training_P_01683_LEFT_CC_1.png,/home/majd/CBISDDSM_Preprocessed_v2/masks/Calc-Training_P_01683_LEFT_CC_1_mask.png,MALIGNANT,CC,1,4,PLEOMORPHIC,SEGMENTAL,4
Calc-Training_P_01688_RIGHT_MLO_1,P_01688,train,0,/home/majd/CBISDDSM_Preprocessed_v2/images/Calc-Training_P_01688_RIGHT_MLO_1.png,/home/majd/CBISDDSM_Preprocessed_v2/masks/Calc-Training_P_01688_RIGHT_MLO_1_mask.png,BENIGN,MLO,1,3,PLEOMORPHIC,SEGMENTAL,4
Calc-Training_P_01691_RIGHT_CC_1,P_01691,train,0,/home/majd/CBISDDSM_Preprocessed_v2/images/Calc-Training_P_01691_RIGHT_CC_1.png,/home/majd/CBISDDSM_Preprocessed_v2/masks/Calc-Training_P_01691_RIGHT_CC_1_mask.png,BENIGN_WITHOUT_CALLBACK,CC,1,3,ROUND_AND_REGULAR-LUCENT_CENTERED,,3
Calc-Training_P_01691_RIGHT_CC_2,P_01691,train,0,/home/majd/CBISDDSM_Preprocessed_v2/images/Calc-Training_P_01691_RIGHT_CC_2.png,/home/majd/CBISDDSM_Preprocessed_v2/masks/Calc-Training_P_01691_RIGHT_CC_2_mask.png,BENIGN_WITHOUT_CALLBACK,CC,2,3,ROUND_AND_REGULAR-LUCENT_CENTERED,,3
Calc-Training_P_01691_RIGHT_CC_3,P_01691,train,0,/home/majd/CBISDDSM_Preprocessed_v2/images/Calc-Training_P_01691_RIGHT_CC_3.png,/home/majd/CBISDDSM_Preprocessed_v2/masks/Calc-Training_P_01691_RIGHT_CC_3_mask.png,BENIGN_WITHOUT_CALLBACK,CC,3,3,ROUND_AND_REGULAR-LUCENT_CENTERED,,3
Calc-Training_P_01700_LEFT_CC_1,P_01700,train,0,/home/majd/CBISDDSM_Preprocessed_v2/images/Calc-Training_P_01700_LEFT_CC_1.png,/home/majd/CBISDDSM_Preprocessed_v2/masks/Calc-Training_P_01700_LEFT_CC_1_mask.png,BENIGN_WITHOUT_CALLBACK,CC,1,1,COARSE,,5
Calc-Training_P_01700_RIGHT_CC_1,P_01700,train,0,/home/majd/CBISDDSM_Preprocessed_v2/images/Calc-Training_P_01700_RIGHT_CC_1.png,/home/majd/CBISDDSM_Preprocessed_v2/masks/Calc-Training_P_01700_RIGHT_CC_1_mask.png,BENIGN_WITHOUT_CALLBACK,CC,1,1,COARSE,,5
Calc-Training_P_01703_RIGHT_MLO_1,P_01703,train,0,/home/majd/CBISDDSM_Preprocessed_v2/images/Calc-Training_P_01703_RIGHT_MLO_1.png,/home/majd/CBISDDSM_Preprocessed_v2/masks/Calc-Training_P_01703_RIGHT_MLO_1_mask.png,BENIGN,MLO,1,4,PLEOMORPHIC,CLUSTERED,2
Calc-Training_P_01705_LEFT_CC_1,P_01705,train,0,/home/majd/CBISDDSM_Preprocessed_v2/images/Calc-Training_P_01705_LEFT_CC_1.png,/home/majd/CBISDDSM_Preprocessed_v2/masks/Calc-Training_P_01705_LEFT_CC_1_mask.png,BENIGN,CC,1,4,PUNCTATE,LINEAR,1
Calc-Training_P_01709_RIGHT_CC_1,P_01709,train,1,/home/majd/CBISDDSM_Preprocessed_v2/images/Calc-Training_P_01709_RIGHT_CC_1.png,/home/majd/CBISDDSM_Preprocessed_v2/masks/Calc-Training_P_01709_RIGHT_CC_1_mask.png,MALIGNANT,CC,1,2,PLEOMORPHIC,LINEAR,2
Calc-Training_P_01718_RIGHT_MLO_1,P_01718,train,1,/home/majd/CBISDDSM_Preprocessed_v2/images/Calc-Training_P_01718_RIGHT_MLO_1.png,/home/majd/CBISDDSM_Preprocessed_v2/masks/Calc-Training_P_01718_RIGHT_MLO_1_mask.png,MALIGNANT,MLO,1,4,PLEOMORPHIC,CLUSTERED,2
Calc-Training_P_01721_RIGHT_CC_1,P_01721,train,0,/home/majd/CBISDDSM_Preprocessed_v2/images/Calc-Training_P_01721_RIGHT_CC_1.png,/home/majd/CBISDDSM_Preprocessed_v2/masks/Calc-Training_P_01721_RIGHT_CC_1_mask.png,BENIGN,CC,1,3,PLEOMORPHIC,CLUSTERED,4
Calc-Training_P_01723_RIGHT_CC_1,P_01723,train,1,/home/majd/CBISDDSM_Preprocessed_v2/images/Calc-Training_P_01723_RIGHT_CC_1.png,/home/majd/CBISDDSM_Preprocessed_v2/masks/Calc-Training_P_01723_RIGHT_CC_1_mask.png,MALIGNANT,CC,1,4,PLEOMORPHIC,CLUSTERED,3
Calc-Training_P_01724_LEFT_CC_1,P_01724,train,0,/home/majd/CBISDDSM_Preprocessed_v2/images/Calc-Training_P_01724_LEFT_CC_1.png,/home/majd/CBISDDSM_Preprocessed_v2/masks/Calc-Training_P_01724_LEFT_CC_1_mask.png,BENIGN,CC,1,4,PLEOMORPHIC,SEGMENTAL,4
Calc-Training_P_01725_RIGHT_CC_2,P_01725,train,0,/home/majd/CBISDDSM_Preprocessed_v2/images/Calc-Training_P_01725_RIGHT_CC_2.png,/home/majd/CBISDDSM_Preprocessed_v2/masks/Calc-Training_P_01725_RIGHT_CC_2_mask.png,BENIGN,CC,2,3,PUNCTATE,CLUSTERED,5
Calc-Training_P_01729_LEFT_CC_1,P_01729,train,1,/home/majd/CBISDDSM_Preprocessed_v2/images/Calc-Training_P_01729_LEFT_CC_1.png,/home/majd/CBISDDSM_Preprocessed_v2/masks/Calc-Training_P_01729_LEFT_CC_1_mask.png,MALIGNANT,CC,1,3,PLEOMORPHIC,LINEAR,3
Calc-Training_P_01730_LEFT_CC_1,P_01730,train,1,/home/majd/CBISDDSM_Preprocessed_v2/images/Calc-Training_P_01730_LEFT_CC_1.png,/home/majd/CBISDDSM_Preprocessed_v2/masks/Calc-Training_P_01730_LEFT_CC_1_mask.png,MALIGNANT,CC,1,3,PLEOMORPHIC,CLUSTERED,4
Calc-Training_P_01732_LEFT_CC_1,P_01732,train,0,/home/majd/CBISDDSM_Preprocessed_v2/images/Calc-Training_P_01732_LEFT_CC_1.png,/home/majd/CBISDDSM_Preprocessed_v2/masks/Calc-Training_P_01732_LEFT_CC_1_mask.png,BENIGN,CC,1,4,PLEOMORPHIC,CLUSTERED,2
Calc-Training_P_01736_LEFT_CC_1,P_01736,train,0,/home/majd/CBISDDSM_Preprocessed_v2/images/Calc-Training_P_01736_LEFT_CC_1.png,/home/majd/CBISDDSM_Preprocessed_v2/masks/Calc-Training_P_01736_LEFT_CC_1_mask.png,BENIGN,CC,1,4,PLEOMORPHIC,CLUSTERED,4
Calc-Training_P_01736_RIGHT_CC_1,P_01736,train,0,/home/majd/CBISDDSM_Preprocessed_v2/images/Calc-Training_P_01736_RIGHT_CC_1.png,/home/majd/CBISDDSM_Preprocessed_v2/masks/Calc-Training_P_01736_RIGHT_CC_1_mask.png,BENIGN,CC,1,4,PLEOMORPHIC,SEGMENTAL,2
Calc-Training_P_01740_LEFT_CC_1,P_01740,train,0,/home/majd/CBISDDSM_Preprocessed_v2/images/Calc-Training_P_01740_LEFT_CC_1.png,/home/majd/CBISDDSM_Preprocessed_v2/masks/Calc-Training_P_01740_LEFT_CC_1_mask.png,BENIGN_WITHOUT_CALLBACK,CC,1,2,LUCENT_CENTER,,5
Calc-Training_P_01740_RIGHT_CC_1,P_01740,train,0,/home/majd/CBISDDSM_Preprocessed_v2/images/Calc-Training_P_01740_RIGHT_CC_1.png,/home/majd/CBISDDSM_Preprocessed_v2/masks/Calc-Training_P_01740_RIGHT_CC_1_mask.png,BENIGN_WITHOUT_CALLBACK,CC,1,2,ROUND_AND_REGULAR-LUCENT_CENTER,,5
Calc-Training_P_01740_RIGHT_CC_2,P_01740,train,0,/home/majd/CBISDDSM_Preprocessed_v2/images/Calc-Training_P_01740_RIGHT_CC_2.png,/home/majd/CBISDDSM_Preprocessed_v2/masks/Calc-Training_P_01740_RIGHT_CC_2_mask.png,BENIGN_WITHOUT_CALLBACK,CC,2,2,ROUND_AND_REGULAR-LUCENT_CENTER,,5
Calc-Training_P_01741_RIGHT_CC_1,P_01741,train,0,/home/majd/CBISDDSM_Preprocessed_v2/images/Calc-Training_P_01741_RIGHT_CC_1.png,/home/majd/CBISDDSM_Preprocessed_v2/masks/Calc-Training_P_01741_RIGHT_CC_1_mask.png,BENIGN,CC,1,2,PLEOMORPHIC,CLUSTERED-LINEAR,4
Calc-Training_P_01748_RIGHT_CC_1,P_01748,train,0,/home/majd/CBISDDSM_Preprocessed_v2/images/Calc-Training_P_01748_RIGHT_CC_1.png,/home/majd/CBISDDSM_Preprocessed_v2/masks/Calc-Training_P_01748_RIGHT_CC_1_mask.png,BENIGN,CC,1,3,PLEOMORPHIC,SEGMENTAL,3
Calc-Training_P_01750_LEFT_CC_1,P_01750,train,1,/home/majd/CBISDDSM_Preprocessed_v2/images/Calc-Training_P_01750_LEFT_CC_1.png,/home/majd/CBISDDSM_Preprocessed_v2/masks/Calc-Training_P_01750_LEFT_CC_1_mask.png,MALIGNANT,CC,1,4,FINE_LINEAR_BRANCHING,LINEAR,4
Calc-Training_P_01756_LEFT_CC_1,P_01756,train,1,/home/majd/CBISDDSM_Preprocessed_v2/images/Calc-Training_P_01756_LEFT_CC_1.png,/home/majd/CBISDDSM_Preprocessed_v2/masks/Calc-Training_P_01756_LEFT_CC_1_mask.png,MALIGNANT,CC,1,4,PLEOMORPHIC,CLUSTERED,2
Calc-Training_P_01759_RIGHT_CC_1,P_01759,train,0,/home/majd/CBISDDSM_Preprocessed_v2/images/Calc-Training_P_01759_RIGHT_CC_1.png,/home/majd/CBISDDSM_Preprocessed_v2/masks/Calc-Training_P_01759_RIGHT_CC_1_mask.png,BENIGN,CC,1,4,PLEOMORPHIC,CLUSTERED,3
Calc-Training_P_01760_RIGHT_CC_1,P_01760,train,0,/home/majd/CBISDDSM_Preprocessed_v2/images/Calc-Training_P_01760_RIGHT_CC_1.png,/home/majd/CBISDDSM_Preprocessed_v2/masks/Calc-Training_P_01760_RIGHT_CC_1_mask.png,BENIGN_WITHOUT_CALLBACK,CC,1,4,LUCENT_CENTER,,3
Calc-Training_P_01766_LEFT_CC_1,P_01766,train,0,/home/majd/CBISDDSM_Preprocessed_v2/images/Calc-Training_P_01766_LEFT_CC_1.png,/home/majd/CBISDDSM_Preprocessed_v2/masks/Calc-Training_P_01766_LEFT_CC_1_mask.png,BENIGN,CC,1,3,PUNCTATE,CLUSTERED,3
Calc-Training_P_01767_LEFT_CC_1,P_01767,train,0,/home/majd/CBISDDSM_Preprocessed_v2/images/Calc-Training_P_01767_LEFT_CC_1.png,/home/majd/CBISDDSM_Preprocessed_v2/masks/Calc-Training_P_01767_LEFT_CC_1_mask.png,BENIGN,CC,1,4,PLEOMORPHIC,CLUSTERED,1
Calc-Training_P_01769_LEFT_CC_1,P_01769,train,0,/home/majd/CBISDDSM_Preprocessed_v2/images/Calc-Training_P_01769_LEFT_CC_1.png,/home/majd/CBISDDSM_Preprocessed_v2/masks/Calc-Training_P_01769_LEFT_CC_1_mask.png,BENIGN_WITHOUT_CALLBACK,CC,1,3,,LINEAR,3
Calc-Training_P_01769_RIGHT_CC_1,P_01769,train,0,/home/majd/CBISDDSM_Preprocessed_v2/images/Calc-Training_P_01769_RIGHT_CC_1.png,/home/majd/CBISDDSM_Preprocessed_v2/masks/Calc-Training_P_01769_RIGHT_CC_1_mask.png,BENIGN_WITHOUT_CALLBACK,CC,1,3,ROUND_AND_REGULAR-LUCENT_CENTER,,5
Calc-Training_P_01769_RIGHT_CC_2,P_01769,train,0,/home/majd/CBISDDSM_Preprocessed_v2/images/Calc-Training_P_01769_RIGHT_CC_2.png,/home/majd/CBISDDSM_Preprocessed_v2/masks/Calc-Training_P_01769_RIGHT_CC_2_mask.png,BENIGN_WITHOUT_CALLBACK,CC,2,3,ROUND_AND_REGULAR-LUCENT_CENTER,,5
Calc-Training_P_01769_RIGHT_CC_3,P_01769,train,0,/home/majd/CBISDDSM_Preprocessed_v2/images/Calc-Training_P_01769_RIGHT_CC_3.png,/home/majd/CBISDDSM_Preprocessed_v2/masks/Calc-Training_P_01769_RIGHT_CC_3_mask.png,BENIGN_WITHOUT_CALLBACK,CC,3,3,ROUND_AND_REGULAR-LUCENT_CENTER,,5
Calc-Training_P_01769_RIGHT_CC_4,P_01769,train,0,/home/majd/CBISDDSM_Preprocessed_v2/images/Calc-Training_P_01769_RIGHT_CC_4.png,/home/majd/CBISDDSM_Preprocessed_v2/masks/Calc-Training_P_01769_RIGHT_CC_4_mask.png,BENIGN_WITHOUT_CALLBACK,CC,4,3,ROUND_AND_REGULAR-LUCENT_CENTER,,5
Calc-Training_P_01769_RIGHT_CC_5,P_01769,train,0,/home/majd/CBISDDSM_Preprocessed_v2/images/Calc-Training_P_01769_RIGHT_CC_5.png,/home/majd/CBISDDSM_Preprocessed_v2/masks/Calc-Training_P_01769_RIGHT_CC_5_mask.png,BENIGN_WITHOUT_CALLBACK,CC,5,3,ROUND_AND_REGULAR-LUCENT_CENTER,,5
Calc-Training_P_01770_LEFT_MLO_1,P_01770,train,1,/home/majd/CBISDDSM_Preprocessed_v2/images/Calc-Training_P_01770_LEFT_MLO_1.png,/home/majd/CBISDDSM_Preprocessed_v2/masks/Calc-Training_P_01770_LEFT_MLO_1_mask.png,MALIGNANT,MLO,1,2,PLEOMORPHIC,CLUSTERED,4
Calc-Training_P_01777_LEFT_CC_1,P_01777,train,0,/home/majd/CBISDDSM_Preprocessed_v2/images/Calc-Training_P_01777_LEFT_CC_1.png,/home/majd/CBISDDSM_Preprocessed_v2/masks/Calc-Training_P_01777_LEFT_CC_1_mask.png,BENIGN,CC,1,3,PLEOMORPHIC,SEGMENTAL,3
Calc-Training_P_01777_LEFT_CC_2,P_01777,train,0,/home/majd/CBISDDSM_Preprocessed_v2/images/Calc-Training_P_01777_LEFT_CC_2.png,/home/majd/CBISDDSM_Preprocessed_v2/masks/Calc-Training_P_01777_LEFT_CC_2_mask.png,BENIGN,CC,2,3,PLEOMORPHIC,SEGMENTAL,3
Calc-Training_P_01783_LEFT_MLO_1,P_01783,train,0,/home/majd/CBISDDSM_Preprocessed_v2/images/Calc-Training_P_01783_LEFT_MLO_1.png,/home/majd/CBISDDSM_Preprocessed_v2/masks/Calc-Training_P_01783_LEFT_MLO_1_mask.png,BENIGN,MLO,1,4,PLEOMORPHIC,SEGMENTAL,2
Calc-Training_P_01784_LEFT_CC_1,P_01784,train,0,/home/majd/CBISDDSM_Preprocessed_v2/images/Calc-Training_P_01784_LEFT_CC_1.png,/home/majd/CBISDDSM_Preprocessed_v2/masks/Calc-Training_P_01784_LEFT_CC_1_mask.png,BENIGN_WITHOUT_CALLBACK,CC,1,3,LUCENT_CENTER,,4
Calc-Training_P_01786_RIGHT_CC_1,P_01786,train,1,/home/majd/CBISDDSM_Preprocessed_v2/images/Calc-Training_P_01786_RIGHT_CC_1.png,/home/majd/CBISDDSM_Preprocessed_v2/masks/Calc-Training_P_01786_RIGHT_CC_1_mask.png,MALIGNANT,CC,1,2,PLEOMORPHIC,SEGMENTAL,5
Calc-Training_P_01791_LEFT_CC_1,P_01791,train,0,/home/majd/CBISDDSM_Preprocessed_v2/images/Calc-Training_P_01791_LEFT_CC_1.png,/home/majd/CBISDDSM_Preprocessed_v2/masks/Calc-Training_P_01791_LEFT_CC_1_mask.png,BENIGN,CC,1,2,PLEOMORPHIC,CLUSTERED,3
Calc-Training_P_01792_RIGHT_CC_1,P_01792,train,1,/home/majd/CBISDDSM_Preprocessed_v2/images/Calc-Training_P_01792_RIGHT_CC_1.png,/home/majd/CBISDDSM_Preprocessed_v2/masks/Calc-Training_P_01792_RIGHT_CC_1_mask.png,MALIGNANT,CC,1,4,PLEOMORPHIC,CLUSTERED,4
Calc-Training_P_01793_LEFT_CC_1,P_01793,train,1,/home/majd/CBISDDSM_Preprocessed_v2/images/Calc-Training_P_01793_LEFT_CC_1.png,/home/majd/CBISDDSM_Preprocessed_v2/masks/Calc-Training_P_01793_LEFT_CC_1_mask.png,MALIGNANT,CC,1,4,AMORPHOUS,CLUSTERED,1
Calc-Training_P_01809_LEFT_MLO_1,P_01809,train,1,/home/majd/CBISDDSM_Preprocessed_v2/images/Calc-Training_P_01809_LEFT_MLO_1.png,/home/majd/CBISDDSM_Preprocessed_v2/masks/Calc-Training_P_01809_LEFT_MLO_1_mask.png,MALIGNANT,MLO,1,2,PLEOMORPHIC,SEGMENTAL,3
Calc-Training_P_01810_LEFT_CC_1,P_01810,train,0,/home/majd/CBISDDSM_Preprocessed_v2/images/Calc-Training_P_01810_LEFT_CC_1.png,/home/majd/CBISDDSM_Preprocessed_v2/masks/Calc-Training_P_01810_LEFT_CC_1_mask.png,BENIGN,CC,1,3,PLEOMORPHIC,CLUSTERED,4
Calc-Training_P_01818_LEFT_CC_1,P_01818,train,1,/home/majd/CBISDDSM_Preprocessed_v2/images/Calc-Training_P_01818_LEFT_CC_1.png,/home/majd/CBISDDSM_Preprocessed_v2/masks/Calc-Training_P_01818_LEFT_CC_1_mask.png,MALIGNANT,CC,1,4,PLEOMORPHIC,CLUSTERED,1
Calc-Training_P_01819_LEFT_CC_1,P_01819,train,1,/home/majd/CBISDDSM_Preprocessed_v2/images/Calc-Training_P_01819_LEFT_CC_1.png,/home/majd/CBISDDSM_Preprocessed_v2/masks/Calc-Training_P_01819_LEFT_CC_1_mask.png,MALIGNANT,CC,1,2,PLEOMORPHIC,CLUSTERED,2
Calc-Training_P_01819_LEFT_CC_2,P_01819,train,0,/home/majd/CBISDDSM_Preprocessed_v2/images/Calc-Training_P_01819_LEFT_CC_2.png,/home/majd/CBISDDSM_Preprocessed_v2/masks/Calc-Training_P_01819_LEFT_CC_2_mask.png,BENIGN_WITHOUT_CALLBACK,CC,2,2,EGGSHELL,SEGMENTAL,5
Calc-Training_P_01823_LEFT_CC_1,P_01823,train,0,/home/majd/CBISDDSM_Preprocessed_v2/images/Calc-Training_P_01823_LEFT_CC_1.png,/home/majd/CBISDDSM_Preprocessed_v2/masks/Calc-Training_P_01823_LEFT_CC_1_mask.png,BENIGN_WITHOUT_CALLBACK,CC,1,3,LUCENT_CENTER,,3
Calc-Training_P_01823_LEFT_CC_2,P_01823,train,0,/home/majd/CBISDDSM_Preprocessed_v2/images/Calc-Training_P_01823_LEFT_CC_2.png,/home/majd/CBISDDSM_Preprocessed_v2/masks/Calc-Training_P_01823_LEFT_CC_2_mask.png,BENIGN_WITHOUT_CALLBACK,CC,2,3,LUCENT_CENTER,,3
Calc-Training_P_01823_RIGHT_CC_2,P_01823,train,0,/home/majd/CBISDDSM_Preprocessed_v2/images/Calc-Training_P_01823_RIGHT_CC_2.png,/home/majd/CBISDDSM_Preprocessed_v2/masks/Calc-Training_P_01823_RIGHT_CC_2_mask.png,BENIGN_WITHOUT_CALLBACK,CC,2,3,LUCENT_CENTER,,5
Calc-Training_P_01823_RIGHT_CC_3,P_01823,train,0,/home/majd/CBISDDSM_Preprocessed_v2/images/Calc-Training_P_01823_RIGHT_CC_3.png,/home/majd/CBISDDSM_Preprocessed_v2/masks/Calc-Training_P_01823_RIGHT_CC_3_mask.png,BENIGN_WITHOUT_CALLBACK,CC,3,3,LUCENT_CENTER,,5
Calc-Training_P_01830_LEFT_CC_1,P_01830,train,0,/home/majd/CBISDDSM_Preprocessed_v2/images/Calc-Training_P_01830_LEFT_CC_1.png,/home/majd/CBISDDSM_Preprocessed_v2/masks/Calc-Training_P_01830_LEFT_CC_1_mask.png,BENIGN_WITHOUT_CALLBACK,CC,1,3,LUCENT_CENTER-PUNCTATE,,5
Calc-Training_P_01830_LEFT_CC_2,P_01830,train,0,/home/majd/CBISDDSM_Preprocessed_v2/images/Calc-Training_P_01830_LEFT_CC_2.png,/home/majd/CBISDDSM_Preprocessed_v2/masks/Calc-Training_P_01830_LEFT_CC_2_mask.png,BENIGN_WITHOUT_CALLBACK,CC,2,3,LUCENT_CENTER-PUNCTATE,,5
Calc-Training_P_01830_RIGHT_CC_1,P_01830,train,0,/home/majd/CBISDDSM_Preprocessed_v2/images/Calc-Training_P_01830_RIGHT_CC_1.png,/home/majd/CBISDDSM_Preprocessed_v2/masks/Calc-Training_P_01830_RIGHT_CC_1_mask.png,BENIGN_WITHOUT_CALLBACK,CC,1,3,PUNCTATE,REGIONAL,5
Calc-Training_P_01830_RIGHT_MLO_2,P_01830,train,0,/home/majd/CBISDDSM_Preprocessed_v2/images/Calc-Training_P_01830_RIGHT_MLO_2.png,/home/majd/CBISDDSM_Preprocessed_v2/masks/Calc-Training_P_01830_RIGHT_MLO_2_mask.png,BENIGN_WITHOUT_CALLBACK,MLO,2,3,PUNCTATE,REGIONAL,5
Calc-Training_P_01830_RIGHT_MLO_3,P_01830,train,0,/home/majd/CBISDDSM_Preprocessed_v2/images/Calc-Training_P_01830_RIGHT_MLO_3.png,/home/majd/CBISDDSM_Preprocessed_v2/masks/Calc-Training_P_01830_RIGHT_MLO_3_mask.png,BENIGN_WITHOUT_CALLBACK,MLO,3,3,PUNCTATE,REGIONAL,5
Calc-Training_P_01832_LEFT_CC_1,P_01832,train,0,/home/majd/CBISDDSM_Preprocessed_v2/images/Calc-Training_P_01832_LEFT_CC_1.png,/home/majd/CBISDDSM_Preprocessed_v2/masks/Calc-Training_P_01832_LEFT_CC_1_mask.png,BENIGN,CC,1,1,PLEOMORPHIC,CLUSTERED,5
Calc-Training_P_01838_LEFT_CC_1,P_01838,train,0,/home/majd/CBISDDSM_Preprocessed_v2/images/Calc-Training_P_01838_LEFT_CC_1.png,/home/majd/CBISDDSM_Preprocessed_v2/masks/Calc-Training_P_01838_LEFT_CC_1_mask.png,BENIGN_WITHOUT_CALLBACK,CC,1,1,EGGSHELL,,5
Calc-Training_P_01838_LEFT_CC_2,P_01838,train,0,/home/majd/CBISDDSM_Preprocessed_v2/images/Calc-Training_P_01838_LEFT_CC_2.png,/home/majd/CBISDDSM_Preprocessed_v2/masks/Calc-Training_P_01838_LEFT_CC_2_mask.png,BENIGN_WITHOUT_CALLBACK,CC,2,1,LUCENT_CENTER,,5
Calc-Training_P_01838_LEFT_CC_3,P_01838,train,0,/home/majd/CBISDDSM_Preprocessed_v2/images/Calc-Training_P_01838_LEFT_CC_3.png,/home/majd/CBISDDSM_Preprocessed_v2/masks/Calc-Training_P_01838_LEFT_CC_3_mask.png,BENIGN_WITHOUT_CALLBACK,CC,3,1,LUCENT_CENTER,,5
Calc-Training_P_01838_LEFT_CC_4,P_01838,train,0,/home/majd/CBISDDSM_Preprocessed_v2/images/Calc-Training_P_01838_LEFT_CC_4.png,/home/majd/CBISDDSM_Preprocessed_v2/masks/Calc-Training_P_01838_LEFT_CC_4_mask.png,BENIGN_WITHOUT_CALLBACK,CC,4,1,LUCENT_CENTER,,5
Calc-Training_P_01838_LEFT_CC_5,P_01838,train,0,/home/majd/CBISDDSM_Preprocessed_v2/images/Calc-Training_P_01838_LEFT_CC_5.png,/home/majd/CBISDDSM_Preprocessed_v2/masks/Calc-Training_P_01838_LEFT_CC_5_mask.png,BENIGN_WITHOUT_CALLBACK,CC,5,1,LUCENT_CENTER,,5
Calc-Training_P_01838_LEFT_MLO_6,P_01838,train,0,/home/majd/CBISDDSM_Preprocessed_v2/images/Calc-Training_P_01838_LEFT_MLO_6.png,/home/majd/CBISDDSM_Preprocessed_v2/masks/Calc-Training_P_01838_LEFT_MLO_6_mask.png,BENIGN_WITHOUT_CALLBACK,MLO,6,1,LUCENT_CENTER,,5
Calc-Training_P_01838_LEFT_MLO_7,P_01838,train,0,/home/majd/CBISDDSM_Preprocessed_v2/images/Calc-Training_P_01838_LEFT_MLO_7.png,/home/majd/CBISDDSM_Preprocessed_v2/masks/Calc-Training_P_01838_LEFT_MLO_7_mask.png,BENIGN_WITHOUT_CALLBACK,MLO,7,1,LUCENT_CENTER,,5
Calc-Training_P_01838_RIGHT_CC_1,P_01838,train,0,/home/majd/CBISDDSM_Preprocessed_v2/images/Calc-Training_P_01838_RIGHT_CC_1.png,/home/majd/CBISDDSM_Preprocessed_v2/masks/Calc-Training_P_01838_RIGHT_CC_1_mask.png,BENIGN_WITHOUT_CALLBACK,CC,1,1,EGGSHELL,,5
Calc-Training_P_01838_RIGHT_CC_2,P_01838,train,0,/home/majd/CBISDDSM_Preprocessed_v2/images/Calc-Training_P_01838_RIGHT_CC_2.png,/home/majd/CBISDDSM_Preprocessed_v2/masks/Calc-Training_P_01838_RIGHT_CC_2_mask.png,BENIGN_WITHOUT_CALLBACK,CC,2,1,LUCENT_CENTER,,5
Calc-Training_P_01838_RIGHT_CC_3,P_01838,train,0,/home/majd/CBISDDSM_Preprocessed_v2/images/Calc-Training_P_01838_RIGHT_CC_3.png,/home/majd/CBISDDSM_Preprocessed_v2/masks/Calc-Training_P_01838_RIGHT_CC_3_mask.png,BENIGN_WITHOUT_CALLBACK,CC,3,1,LUCENT_CENTER,,5
Calc-Training_P_01839_LEFT_CC_1,P_01839,train,1,/home/majd/CBISDDSM_Preprocessed_v2/images/Calc-Training_P_01839_LEFT_CC_1.png,/home/majd/CBISDDSM_Preprocessed_v2/masks/Calc-Training_P_01839_LEFT_CC_1_mask.png,MALIGNANT,CC,1,4,PLEOMORPHIC,SEGMENTAL,3
Calc-Training_P_01840_RIGHT_MLO_2,P_01840,train,1,/home/majd/CBISDDSM_Preprocessed_v2/images/Calc-Training_P_01840_RIGHT_MLO_2.png,/home/majd/CBISDDSM_Preprocessed_v2/masks/Calc-Training_P_01840_RIGHT_MLO_2_mask.png,MALIGNANT,MLO,2,3,PLEOMORPHIC,CLUSTERED,3
Calc-Training_P_01846_RIGHT_CC_1,P_01846,train,1,/home/majd/CBISDDSM_Preprocessed_v2/images/Calc-Training_P_01846_RIGHT_CC_1.png,/home/majd/CBISDDSM_Preprocessed_v2/masks/Calc-Training_P_01846_RIGHT_CC_1_mask.png,MALIGNANT,CC,1,3,FINE_LINEAR_BRANCHING,LINEAR-SEGMENTAL,3
Calc-Training_P_01847_LEFT_CC_1,P_01847,train,1,/home/majd/CBISDDSM_Preprocessed_v2/images/Calc-Training_P_01847_LEFT_CC_1.png,/home/majd/CBISDDSM_Preprocessed_v2/masks/Calc-Training_P_01847_LEFT_CC_1_mask.png,MALIGNANT,CC,1,4,PLEOMORPHIC,LINEAR,2
Calc-Training_P_01856_LEFT_CC_1,P_01856,train,1,/home/majd/CBISDDSM_Preprocessed_v2/images/Calc-Training_P_01856_LEFT_CC_1.png,/home/majd/CBISDDSM_Preprocessed_v2/masks/Calc-Training_P_01856_LEFT_CC_1_mask.png,MALIGNANT,CC,1,3,PLEOMORPHIC,CLUSTERED,2
Calc-Training_P_01858_LEFT_CC_1,P_01858,train,0,/home/majd/CBISDDSM_Preprocessed_v2/images/Calc-Training_P_01858_LEFT_CC_1.png,/home/majd/CBISDDSM_Preprocessed_v2/masks/Calc-Training_P_01858_LEFT_CC_1_mask.png,BENIGN,CC,1,2,PUNCTATE,CLUSTERED,4
Calc-Training_P_01864_LEFT_CC_2,P_01864,train,0,/home/majd/CBISDDSM_Preprocessed_v2/images/Calc-Training_P_01864_LEFT_CC_2.png,/home/majd/CBISDDSM_Preprocessed_v2/masks/Calc-Training_P_01864_LEFT_CC_2_mask.png,BENIGN_WITHOUT_CALLBACK,CC,2,2,VASCULAR,LINEAR,4
Calc-Training_P_01864_LEFT_CC_3,P_01864,train,0,/home/majd/CBISDDSM_Preprocessed_v2/images/Calc-Training_P_01864_LEFT_CC_3.png,/home/majd/CBISDDSM_Preprocessed_v2/masks/Calc-Training_P_01864_LEFT_CC_3_mask.png,BENIGN_WITHOUT_CALLBACK,CC,3,2,VASCULAR,LINEAR,4
Calc-Training_P_01864_LEFT_CC_4,P_01864,train,0,/home/majd/CBISDDSM_Preprocessed_v2/images/Calc-Training_P_01864_LEFT_CC_4.png,/home/majd/CBISDDSM_Preprocessed_v2/masks/Calc-Training_P_01864_LEFT_CC_4_mask.png,BENIGN_WITHOUT_CALLBACK,CC,4,2,VASCULAR,LINEAR,4
Calc-Training_P_01864_LEFT_MLO_5,P_01864,train,0,/home/majd/CBISDDSM_Preprocessed_v2/images/Calc-Training_P_01864_LEFT_MLO_5.png,/home/majd/CBISDDSM_Preprocessed_v2/masks/Calc-Training_P_01864_LEFT_MLO_5_mask.png,BENIGN_WITHOUT_CALLBACK,MLO,5,2,VASCULAR,LINEAR,4
Calc-Training_P_01864_RIGHT_CC_1,P_01864,train,0,/home/majd/CBISDDSM_Preprocessed_v2/images/Calc-Training_P_01864_RIGHT_CC_1.png,/home/majd/CBISDDSM_Preprocessed_v2/masks/Calc-Training_P_01864_RIGHT_CC_1_mask.png,BENIGN_WITHOUT_CALLBACK,CC,1,2,LUCENT_CENTER,,4
Calc-Training_P_01864_RIGHT_CC_2,P_01864,train,0,/home/majd/CBISDDSM_Preprocessed_v2/images/Calc-Training_P_01864_RIGHT_CC_2.png,/home/majd/CBISDDSM_Preprocessed_v2/masks/Calc-Training_P_01864_RIGHT_CC_2_mask.png,BENIGN_WITHOUT_CALLBACK,CC,2,2,VASCULAR,,4
Calc-Training_P_01864_RIGHT_CC_3,P_01864,train,0,/home/majd/CBISDDSM_Preprocessed_v2/images/Calc-Training_P_01864_RIGHT_CC_3.png,/home/majd/CBISDDSM_Preprocessed_v2/masks/Calc-Training_P_01864_RIGHT_CC_3_mask.png,BENIGN_WITHOUT_CALLBACK,CC,3,2,VASCULAR,,4
Calc-Training_P_01875_LEFT_CC_1,P_01875,train,0,/home/majd/CBISDDSM_Preprocessed_v2/images/Calc-Training_P_01875_LEFT_CC_1.png,/home/majd/CBISDDSM_Preprocessed_v2/masks/Calc-Training_P_01875_LEFT_CC_1_mask.png,BENIGN_WITHOUT_CALLBACK,CC,1,1,VASCULAR,,4
Calc-Training_P_01875_RIGHT_CC_1,P_01875,train,0,/home/majd/CBISDDSM_Preprocessed_v2/images/Calc-Training_P_01875_RIGHT_CC_1.png,/home/majd/CBISDDSM_Preprocessed_v2/masks/Calc-Training_P_01875_RIGHT_CC_1_mask.png,BENIGN_WITHOUT_CALLBACK,CC,1,1,VASCULAR,,4
Calc-Training_P_01875_RIGHT_CC_2,P_01875,train,0,/home/majd/CBISDDSM_Preprocessed_v2/images/Calc-Training_P_01875_RIGHT_CC_2.png,/home/majd/CBISDDSM_Preprocessed_v2/masks/Calc-Training_P_01875_RIGHT_CC_2_mask.png,BENIGN_WITHOUT_CALLBACK,CC,2,1,VASCULAR,,4
Calc-Training_P_01884_RIGHT_CC_1,P_01884,train,0,/home/majd/CBISDDSM_Preprocessed_v2/images/Calc-Training_P_01884_RIGHT_CC_1.png,/home/majd/CBISDDSM_Preprocessed_v2/masks/Calc-Training_P_01884_RIGHT_CC_1_mask.png,BENIGN,CC,1,2,PLEOMORPHIC,CLUSTERED,2
Calc-Training_P_01885_LEFT_CC_1,P_01885,train,0,/home/majd/CBISDDSM_Preprocessed_v2/images/Calc-Training_P_01885_LEFT_CC_1.png,/home/majd/CBISDDSM_Preprocessed_v2/masks/Calc-Training_P_01885_LEFT_CC_1_mask.png,BENIGN_WITHOUT_CALLBACK,CC,1,1,LUCENT_CENTERED,,3
Calc-Training_P_01885_RIGHT_CC_1,P_01885,train,0,/home/majd/CBISDDSM_Preprocessed_v2/images/Calc-Training_P_01885_RIGHT_CC_1.png,/home/majd/CBISDDSM_Preprocessed_v2/masks/Calc-Training_P_01885_RIGHT_CC_1_mask.png,BENIGN_WITHOUT_CALLBACK,CC,1,1,LUCENT_CENTERED,,3
Calc-Training_P_02105_LEFT_CC_1,P_02105,train,1,/home/majd/CBISDDSM_Preprocessed_v2/images/Calc-Training_P_02105_LEFT_CC_1.png,/home/majd/CBISDDSM_Preprocessed_v2/masks/Calc-Training_P_02105_LEFT_CC_1_mask.png,MALIGNANT,CC,1,2,AMORPHOUS,LINEAR,5
Calc-Training_P_02115_LEFT_CC_1,P_02115,train,0,/home/majd/CBISDDSM_Preprocessed_v2/images/Calc-Training_P_02115_LEFT_CC_1.png,/home/majd/CBISDDSM_Preprocessed_v2/masks/Calc-Training_P_02115_LEFT_CC_1_mask.png,BENIGN,CC,1,3,AMORPHOUS,CLUSTERED,3
Calc-Training_P_02133_LEFT_CC_1,P_02133,train,1,/home/majd/CBISDDSM_Preprocessed_v2/images/Calc-Training_P_02133_LEFT_CC_1.png,/home/majd/CBISDDSM_Preprocessed_v2/masks/Calc-Training_P_02133_LEFT_CC_1_mask.png,MALIGNANT,CC,1,3,FINE_LINEAR_BRANCHING,LINEAR,3
Calc-Training_P_02154_LEFT_CC_1,P_02154,train,1,/home/majd/CBISDDSM_Preprocessed_v2/images/Calc-Training_P_02154_LEFT_CC_1.png,/home/majd/CBISDDSM_Preprocessed_v2/masks/Calc-Training_P_02154_LEFT_CC_1_mask.png,MALIGNANT,CC,1,4,PLEOMORPHIC,CLUSTERED,3
Calc-Training_P_02190_RIGHT_CC_1,P_02190,train,1,/home/majd/CBISDDSM_Preprocessed_v2/images/Calc-Training_P_02190_RIGHT_CC_1.png,/home/majd/CBISDDSM_Preprocessed_v2/masks/Calc-Training_P_02190_RIGHT_CC_1_mask.png,MALIGNANT,CC,1,3,AMORPHOUS,CLUSTERED,1
Calc-Training_P_02195_RIGHT_CC_1,P_02195,train,1,/home/majd/CBISDDSM_Preprocessed_v2/images/Calc-Training_P_02195_RIGHT_CC_1.png,/home/majd/CBISDDSM_Preprocessed_v2/masks/Calc-Training_P_02195_RIGHT_CC_1_mask.png,MALIGNANT,CC,1,4,PLEOMORPHIC,CLUSTERED,2
Calc-Training_P_02218_LEFT_CC_1,P_02218,train,1,/home/majd/CBISDDSM_Preprocessed_v2/images/Calc-Training_P_02218_LEFT_CC_1.png,/home/majd/CBISDDSM_Preprocessed_v2/masks/Calc-Training_P_02218_LEFT_CC_1_mask.png,MALIGNANT,CC,1,2,AMORPHOUS,LINEAR,2
Calc-Training_P_02220_LEFT_CC_1,P_02220,train,1,/home/majd/CBISDDSM_Preprocessed_v2/images/Calc-Training_P_02220_LEFT_CC_1.png,/home/majd/CBISDDSM_Preprocessed_v2/masks/Calc-Training_P_02220_LEFT_CC_1_mask.png,MALIGNANT,CC,1,2,PUNCTATE-FINE_LINEAR_BRANCHING,CLUSTERED,2
Calc-Training_P_02226_LEFT_CC_1,P_02226,train,1,/home/majd/CBISDDSM_Preprocessed_v2/images/Calc-Training_P_02226_LEFT_CC_1.png,/home/majd/CBISDDSM_Preprocessed_v2/masks/Calc-Training_P_02226_LEFT_CC_1_mask.png,MALIGNANT,CC,1,3,FINE_LINEAR_BRANCHING,CLUSTERED,4
Calc-Training_P_02232_LEFT_CC_1,P_02232,train,1,/home/majd/CBISDDSM_Preprocessed_v2/images/Calc-Training_P_02232_LEFT_CC_1.png,/home/majd/CBISDDSM_Preprocessed_v2/masks/Calc-Training_P_02232_LEFT_CC_1_mask.png,MALIGNANT,CC,1,2,FINE_LINEAR_BRANCHING,CLUSTERED,4
Calc-Training_P_02234_LEFT_CC_1,P_02234,train,0,/home/majd/CBISDDSM_Preprocessed_v2/images/Calc-Training_P_02234_LEFT_CC_1.png,/home/majd/CBISDDSM_Preprocessed_v2/masks/Calc-Training_P_02234_LEFT_CC_1_mask.png,BENIGN,CC,1,3,ROUND_AND_REGULAR-PLEOMORPHIC,CLUSTERED,3
Calc-Training_P_02259_LEFT_CC_1,P_02259,train,1,/home/majd/CBISDDSM_Preprocessed_v2/images/Calc-Training_P_02259_LEFT_CC_1.png,/home/majd/CBISDDSM_Preprocessed_v2/masks/Calc-Training_P_02259_LEFT_CC_1_mask.png,MALIGNANT,CC,1,2,FINE_LINEAR_BRANCHING,CLUSTERED,3
Calc-Training_P_02270_RIGHT_CC_1,P_02270,train,1,/home/majd/CBISDDSM_Preprocessed_v2/images/Calc-Training_P_02270_RIGHT_CC_1.png,/home/majd/CBISDDSM_Preprocessed_v2/masks/Calc-Training_P_02270_RIGHT_CC_1_mask.png,MALIGNANT,CC,1,3,PUNCTATE-FINE_LINEAR_BRANCHING,CLUSTERED,5
Calc-Training_P_02285_LEFT_CC_1,P_02285,train,1,/home/majd/CBISDDSM_Preprocessed_v2/images/Calc-Training_P_02285_LEFT_CC_1.png,/home/majd/CBISDDSM_Preprocessed_v2/masks/Calc-Training_P_02285_LEFT_CC_1_mask.png,MALIGNANT,CC,1,2,PLEOMORPHIC,CLUSTERED,2
Calc-Training_P_02313_LEFT_CC_1,P_02313,train,0,/home/majd/CBISDDSM_Preprocessed_v2/images/Calc-Training_P_02313_LEFT_CC_1.png,/home/majd/CBISDDSM_Preprocessed_v2/masks/Calc-Training_P_02313_LEFT_CC_1_mask.png,BENIGN,CC,1,2,ROUND_AND_REGULAR-PLEOMORPHIC,CLUSTERED,4
Calc-Training_P_02316_RIGHT_CC_1,P_02316,train,0,/home/majd/CBISDDSM_Preprocessed_v2/images/Calc-Training_P_02316_RIGHT_CC_1.png,/home/majd/CBISDDSM_Preprocessed_v2/masks/Calc-Training_P_02316_RIGHT_CC_1_mask.png,BENIGN,CC,1,2,PLEOMORPHIC,CLUSTERED,5
Calc-Training_P_02318_RIGHT_CC_1,P_02318,train,0,/home/majd/CBISDDSM_Preprocessed_v2/images/Calc-Training_P_02318_RIGHT_CC_1.png,/home/majd/CBISDDSM_Preprocessed_v2/masks/Calc-Training_P_02318_RIGHT_CC_1_mask.png,BENIGN,CC,1,2,PUNCTATE,CLUSTERED,2
Calc-Training_P_02323_LEFT_CC_1,P_02323,train,1,/home/majd/CBISDDSM_Preprocessed_v2/images/Calc-Training_P_02323_LEFT_CC_1.png,/home/majd/CBISDDSM_Preprocessed_v2/masks/Calc-Training_P_02323_LEFT_CC_1_mask.png,MALIGNANT,CC,1,3,PUNCTATE-FINE_LINEAR_BRANCHING,CLUSTERED,4
Calc-Training_P_02348_RIGHT_CC_1,P_02348,train,1,/home/majd/CBISDDSM_Preprocessed_v2/images/Calc-Training_P_02348_RIGHT_CC_1.png,/home/majd/CBISDDSM_Preprocessed_v2/masks/Calc-Training_P_02348_RIGHT_CC_1_mask.png,MALIGNANT,CC,1,2,PLEOMORPHIC,CLUSTERED,2
Calc-Training_P_02368_RIGHT_CC_1,P_02368,train,1,/home/majd/CBISDDSM_Preprocessed_v2/images/Calc-Training_P_02368_RIGHT_CC_1.png,/home/majd/CBISDDSM_Preprocessed_v2/masks/Calc-Training_P_02368_RIGHT_CC_1_mask.png,MALIGNANT,CC,1,3,PUNCTATE,CLUSTERED,2
Calc-Training_P_02380_LEFT_CC_1,P_02380,train,1,/home/majd/CBISDDSM_Preprocessed_v2/images/Calc-Training_P_02380_LEFT_CC_1.png,/home/majd/CBISDDSM_Preprocessed_v2/masks/Calc-Training_P_02380_LEFT_CC_1_mask.png,MALIGNANT,CC,1,2,PLEOMORPHIC,CLUSTERED,3
Calc-Training_P_02393_LEFT_CC_1,P_02393,train,1,/home/majd/CBISDDSM_Preprocessed_v2/images/Calc-Training_P_02393_LEFT_CC_1.png,/home/majd/CBISDDSM_Preprocessed_v2/masks/Calc-Training_P_02393_LEFT_CC_1_mask.png,MALIGNANT,CC,1,3,AMORPHOUS,CLUSTERED,2
Calc-Training_P_02400_LEFT_CC_1,P_02400,train,1,/home/majd/CBISDDSM_Preprocessed_v2/images/Calc-Training_P_02400_LEFT_CC_1.png,/home/majd/CBISDDSM_Preprocessed_v2/masks/Calc-Training_P_02400_LEFT_CC_1_mask.png,MALIGNANT,CC,1,1,FINE_LINEAR_BRANCHING,CLUSTERED,2
Calc-Training_P_02402_RIGHT_CC_1,P_02402,train,1,/home/majd/CBISDDSM_Preprocessed_v2/images/Calc-Training_P_02402_RIGHT_CC_1.png,/home/majd/CBISDDSM_Preprocessed_v2/masks/Calc-Training_P_02402_RIGHT_CC_1_mask.png,MALIGNANT,CC,1,3,AMORPHOUS,CLUSTERED,2
Calc-Training_P_02405_RIGHT_CC_1,P_02405,train,1,/home/majd/CBISDDSM_Preprocessed_v2/images/Calc-Training_P_02405_RIGHT_CC_1.png,/home/majd/CBISDDSM_Preprocessed_v2/masks/Calc-Training_P_02405_RIGHT_CC_1_mask.png,MALIGNANT,CC,1,3,PLEOMORPHIC,CLUSTERED,4
Calc-Training_P_02409_RIGHT_CC_1,P_02409,train,0,/home/majd/CBISDDSM_Preprocessed_v2/images/Calc-Training_P_02409_RIGHT_CC_1.png,/home/majd/CBISDDSM_Preprocessed_v2/masks/Calc-Training_P_02409_RIGHT_CC_1_mask.png,BENIGN,CC,1,2,AMORPHOUS,CLUSTERED,2
Calc-Training_P_02419_LEFT_CC_1,P_02419,train,1,/home/majd/CBISDDSM_Preprocessed_v2/images/Calc-Training_P_02419_LEFT_CC_1.png,/home/majd/CBISDDSM_Preprocessed_v2/masks/Calc-Training_P_02419_LEFT_CC_1_mask.png,MALIGNANT,CC,1,3,PLEOMORPHIC,CLUSTERED,4
Calc-Training_P_02424_RIGHT_CC_1,P_02424,train,1,/home/majd/CBISDDSM_Preprocessed_v2/images/Calc-Training_P_02424_RIGHT_CC_1.png,/home/majd/CBISDDSM_Preprocessed_v2/masks/Calc-Training_P_02424_RIGHT_CC_1_mask.png,MALIGNANT,CC,1,2,FINE_LINEAR_BRANCHING,SEGMENTAL,3
Calc-Training_P_02434_LEFT_CC_1,P_02434,train,0,/home/majd/CBISDDSM_Preprocessed_v2/images/Calc-Training_P_02434_LEFT_CC_1.png,/home/majd/CBISDDSM_Preprocessed_v2/masks/Calc-Training_P_02434_LEFT_CC_1_mask.png,BENIGN,CC,1,3,ROUND_AND_REGULAR-PLEOMORPHIC,CLUSTERED,3
Calc-Training_P_02437_LEFT_CC_1,P_02437,train,1,/home/majd/CBISDDSM_Preprocessed_v2/images/Calc-Training_P_02437_LEFT_CC_1.png,/home/majd/CBISDDSM_Preprocessed_v2/masks/Calc-Training_P_02437_LEFT_CC_1_mask.png,MALIGNANT,CC,1,3,PLEOMORPHIC,REGIONAL,5
Calc-Training_P_02442_LEFT_CC_1,P_02442,train,1,/home/majd/CBISDDSM_Preprocessed_v2/images/Calc-Training_P_02442_LEFT_CC_1.png,/home/majd/CBISDDSM_Preprocessed_v2/masks/Calc-Training_P_02442_LEFT_CC_1_mask.png,MALIGNANT,CC,1,1,PLEOMORPHIC,LINEAR,5
Calc-Training_P_02456_LEFT_MLO_1,P_02456,train,1,/home/majd/CBISDDSM_Preprocessed_v2/images/Calc-Training_P_02456_LEFT_MLO_1.png,/home/majd/CBISDDSM_Preprocessed_v2/masks/Calc-Training_P_02456_LEFT_MLO_1_mask.png,MALIGNANT,MLO,1,1,PLEOMORPHIC,CLUSTERED,5
Calc-Training_P_02459_RIGHT_CC_1,P_02459,train,1,/home/majd/CBISDDSM_Preprocessed_v2/images/Calc-Training_P_02459_RIGHT_CC_1.png,/home/majd/CBISDDSM_Preprocessed_v2/masks/Calc-Training_P_02459_RIGHT_CC_1_mask.png,MALIGNANT,CC,1,2,AMORPHOUS,CLUSTERED,3
Calc-Training_P_02460_RIGHT_CC_1,P_02460,train,1,/home/majd/CBISDDSM_Preprocessed_v2/images/Calc-Training_P_02460_RIGHT_CC_1.png,/home/majd/CBISDDSM_Preprocessed_v2/masks/Calc-Training_P_02460_RIGHT_CC_1_mask.png,MALIGNANT,CC,1,4,PLEOMORPHIC,SEGMENTAL,5
Calc-Training_P_02468_LEFT_CC_1,P_02468,train,0,/home/majd/CBISDDSM_Preprocessed_v2/images/Calc-Training_P_02468_LEFT_CC_1.png,/home/majd/CBISDDSM_Preprocessed_v2/masks/Calc-Training_P_02468_LEFT_CC_1_mask.png,BENIGN,CC,1,3,AMORPHOUS,SEGMENTAL,4
Calc-Training_P_02475_LEFT_CC_1,P_02475,train,1,/home/majd/CBISDDSM_Preprocessed_v2/images/Calc-Training_P_02475_LEFT_CC_1.png,/home/majd/CBISDDSM_Preprocessed_v2/masks/Calc-Training_P_02475_LEFT_CC_1_mask.png,MALIGNANT,CC,1,1,FINE_LINEAR_BRANCHING,CLUSTERED,4
Calc-Training_P_02489_RIGHT_CC_1,P_02489,train,1,/home/majd/CBISDDSM_Preprocessed_v2/images/Calc-Training_P_02489_RIGHT_CC_1.png,/home/majd/CBISDDSM_Preprocessed_v2/masks/Calc-Training_P_02489_RIGHT_CC_1_mask.png,MALIGNANT,CC,1,2,PLEOMORPHIC,CLUSTERED,4
Calc-Training_P_02508_LEFT_CC_1,P_02508,train,1,/home/majd/CBISDDSM_Preprocessed_v2/images/Calc-Training_P_02508_LEFT_CC_1.png,/home/majd/CBISDDSM_Preprocessed_v2/masks/Calc-Training_P_02508_LEFT_CC_1_mask.png,MALIGNANT,CC,1,2,AMORPHOUS,SEGMENTAL,3
Calc-Training_P_02518_RIGHT_CC_1,P_02518,train,1,/home/majd/CBISDDSM_Preprocessed_v2/images/Calc-Training_P_02518_RIGHT_CC_1.png,/home/majd/CBISDDSM_Preprocessed_v2/masks/Calc-Training_P_02518_RIGHT_CC_1_mask.png,MALIGNANT,CC,1,3,AMORPHOUS,SEGMENTAL,3
Calc-Training_P_02522_RIGHT_CC_1,P_02522,train,1,/home/majd/CBISDDSM_Preprocessed_v2/images/Calc-Training_P_02522_RIGHT_CC_1.png,/home/majd/CBISDDSM_Preprocessed_v2/masks/Calc-Training_P_02522_RIGHT_CC_1_mask.png,MALIGNANT,CC,1,2,AMORPHOUS,SEGMENTAL,3
Calc-Training_P_02559_RIGHT_CC_1,P_02559,train,1,/home/majd/CBISDDSM_Preprocessed_v2/images/Calc-Training_P_02559_RIGHT_CC_1.png,/home/majd/CBISDDSM_Preprocessed_v2/masks/Calc-Training_P_02559_RIGHT_CC_1_mask.png,MALIGNANT,CC,1,3,FINE_LINEAR_BRANCHING,LINEAR,4
Calc-Training_P_02563_RIGHT_CC_1,P_02563,train,0,/home/majd/CBISDDSM_Preprocessed_v2/images/Calc-Training_P_02563_RIGHT_CC_1.png,/home/majd/CBISDDSM_Preprocessed_v2/masks/Calc-Training_P_02563_RIGHT_CC_1_mask.png,BENIGN,CC,1,3,PUNCTATE-AMORPHOUS,CLUSTERED,2
Calc-Training_P_02566_RIGHT_CC_1,P_02566,train,1,/home/majd/CBISDDSM_Preprocessed_v2/images/Calc-Training_P_02566_RIGHT_CC_1.png,/home/majd/CBISDDSM_Preprocessed_v2/masks/Calc-Training_P_02566_RIGHT_CC_1_mask.png,MALIGNANT,CC,1,2,AMORPHOUS-PLEOMORPHIC,SEGMENTAL,5
Calc-Training_P_02572_LEFT_CC_1,P_02572,train,1,/home/majd/CBISDDSM_Preprocessed_v2/images/Calc-Training_P_02572_LEFT_CC_1.png,/home/majd/CBISDDSM_Preprocessed_v2/masks/Calc-Training_P_02572_LEFT_CC_1_mask.png,MALIGNANT,CC,1,2,AMORPHOUS,CLUSTERED,2
Calc-Training_P_02584_LEFT_CC_1,P_02584,train,0,/home/majd/CBISDDSM_Preprocessed_v2/images/Calc-Training_P_02584_LEFT_CC_1.png,/home/majd/CBISDDSM_Preprocessed_v2/masks/Calc-Training_P_02584_LEFT_CC_1_mask.png,BENIGN,CC,1,1,PLEOMORPHIC,SEGMENTAL,4
